{
	"credit": "Made with Blockbench",
	"textures": {
		"5": "block/red_concrete",
		"particle": "block/red_concrete",
		"gray_concrete": "block/gray_concrete",
		"black_concrete": "block/black_concrete",
		"white_concrete": "block/white_concrete",
		"orange_concrete": "block/orange_concrete"
	},
	"elements": [
		{
			"name": "White",
			"from": [0.51, -11.55, 0.2],
			"to": [1.6, -0.55, 1.1],
			"rotation": {"angle": 0, "axis": "y", "origin": [0, -12.55, 0]},
			"faces": {
				"north": {"uv": [0, 0, 1.09, 11], "texture": "#black_concrete"},
				"east": {"uv": [0, 0, 0.9, 11], "texture": "#black_concrete"},
				"south": {"uv": [0, 0, 1.09, 11], "texture": "#black_concrete"},
				"west": {"uv": [0, 0, 0.9, 11], "texture": "#black_concrete"},
				"up": {"uv": [0, 0, 0, 0], "texture": "#black_concrete"},
				"down": {"uv": [0, 0, 0, 0], "texture": "#black_concrete"}
			}
		},
		{
			"name": "Handle",
			"from": [0.18, -0.07, 0.49],
			"to": [1.77, 0.43, 0.77],
			"rotation": {"angle": 0, "axis": "y", "origin": [0, -12.55, 0]},
			"faces": {
				"north": {"uv": [0, 0, 1.59, 0.5], "texture": "#white_concrete"},
				"east": {"uv": [0, 0, 0.28, 0.5], "texture": "#white_concrete"},
				"south": {"uv": [0, 0, 1.59, 0.5], "texture": "#white_concrete"},
				"west": {"uv": [0, 0, 0.28, 0.5], "texture": "#white_concrete"},
				"up": {"uv": [0, 0, 1.59, 0.28], "texture": "#white_concrete"}
			}
		},
		{
			"name": "Handle",
			"from": [0.25, 0.38, 0.54],
			"to": [1.4, 24.63, 0.72],
			"rotation": {"angle": 0, "axis": "y", "origin": [0, -4.55, 0]},
			"faces": {
				"north": {"uv": [0, 0, 1.15, 16], "texture": "#black_concrete"},
				"east": {"uv": [0, 0, 0.18, 16], "texture": "#black_concrete"},
				"south": {"uv": [0, 0, 1.15, 16], "texture": "#black_concrete"},
				"west": {"uv": [0, 0, 0.18, 16], "texture": "#black_concrete"},
				"up": {"uv": [0, 0, 1.15, 0.18], "texture": "#black_concrete"},
				"down": {"uv": [0, 0, 0, 0], "texture": "#black_concrete"}
			}
		},
		{
			"name": "Handle",
			"from": [1.4, 0.33, 0.55],
			"to": [1.67, 24.705, 0.71],
			"rotation": {"angle": 0, "axis": "y", "origin": [0, -12.55, 0]},
			"faces": {
				"north": {"uv": [0, 0, 0.27, 16], "texture": "#gray_concrete"},
				"east": {"uv": [0, 0, 0.16, 16], "texture": "#gray_concrete"},
				"south": {"uv": [0, 0, 0.27, 16], "texture": "#gray_concrete"},
				"west": {"uv": [0, 0, 0, 0], "texture": "#gray_concrete"},
				"up": {"uv": [0, 0, 0.27, 0.16], "texture": "#gray_concrete"},
				"down": {"uv": [0, 0, 0, 0], "texture": "#gray_concrete"}
			}
		},
		{
			"name": "Handle",
			"from": [10.01, 25.44, 0.55],
			"to": [10.26, 26.32, 0.71],
			"rotation": {"angle": 22.5, "axis": "z", "origin": [8, 3.45, 8]},
			"faces": {
				"north": {"uv": [0, 0, 0.25, 0.88], "texture": "#gray_concrete"},
				"east": {"uv": [0, 0, 0.16, 0.88], "texture": "#gray_concrete"},
				"south": {"uv": [0, 0, 0.25, 0.88], "texture": "#gray_concrete"},
				"west": {"uv": [0, 0, 0.16, 0.88], "texture": "#gray_concrete"},
				"up": {"uv": [0, 0, 0.25, 0.16], "texture": "#gray_concrete"},
				"down": {"uv": [0, 0, 0.25, 0.16], "texture": "#gray_concrete"}
			}
		},
		{
			"name": "Handle",
			"from": [18.598, 23.7, 0.55],
			"to": [18.838, 24.88, 0.71],
			"rotation": {"angle": 45, "axis": "z", "origin": [8, 3.45, 8]},
			"faces": {
				"north": {"uv": [0, 0, 0.24, 1.18], "texture": "#gray_concrete"},
				"east": {"uv": [0, 0, 0.16, 1.18], "texture": "#gray_concrete"},
				"south": {"uv": [0, 0, 0.24, 1.18], "texture": "#gray_concrete"},
				"west": {"uv": [0, 0, 0.16, 1.18], "texture": "#gray_concrete"},
				"up": {"uv": [0, 0, 0.24, 0.16], "texture": "#gray_concrete"},
				"down": {"uv": [0, 0, 0.24, 0.16], "texture": "#gray_concrete"}
			}
		},
		{
			"name": "Handle",
			"from": [0.25, 24.62, 0.54],
			"to": [1.16, 25.22, 0.72],
			"rotation": {"angle": 0, "axis": "y", "origin": [0, -4.55, 0]},
			"faces": {
				"north": {"uv": [0, 0, 0.91, 0.6], "texture": "#black_concrete"},
				"east": {"uv": [0, 0, 0.18, 0.6], "texture": "#black_concrete"},
				"south": {"uv": [0, 0, 0.91, 0.6], "texture": "#black_concrete"},
				"west": {"uv": [0, 0, 0.18, 0.6], "texture": "#black_concrete"},
				"up": {"uv": [0, 0, 0.91, 0.18], "texture": "#black_concrete"},
				"down": {"uv": [0, 0, 0, 0], "texture": "#black_concrete"}
			}
		},
		{
			"name": "Handle",
			"from": [9.086, 25.54, 0.54],
			"to": [10.009, 26.29, 0.72],
			"rotation": {"angle": 22.5, "axis": "z", "origin": [8, 3.45, 8]},
			"faces": {
				"north": {"uv": [0, 0, 0.923, 0.75], "texture": "#black_concrete"},
				"east": {"uv": [0, 0, 0.18, 0.75], "texture": "#black_concrete"},
				"south": {"uv": [0, 0, 0.923, 0.75], "texture": "#black_concrete"},
				"west": {"uv": [0, 0, 0.18, 0.75], "texture": "#black_concrete"},
				"up": {"uv": [0, 0, 0.923, 0.18], "texture": "#black_concrete"},
				"down": {"uv": [0, 0, 0.923, 0.18], "texture": "#black_concrete"}
			}
		},
		{
			"name": "Handle",
			"from": [18.076, 23.78, 0.54],
			"to": [18.599, 24.42, 0.72],
			"rotation": {"angle": 45, "axis": "z", "origin": [8, 3.45, 8]},
			"faces": {
				"north": {"uv": [0, 0, 0.523, 0.64], "texture": "#black_concrete"},
				"east": {"uv": [0, 0, 0.18, 0.64], "texture": "#black_concrete"},
				"south": {"uv": [0, 0, 0.523, 0.64], "texture": "#black_concrete"},
				"west": {"uv": [0, 0, 0.18, 0.64], "texture": "#black_concrete"},
				"up": {"uv": [0, 0, 0.523, 0.18], "texture": "#black_concrete"},
				"down": {"uv": [0, 0, 0.523, 0.18], "texture": "#black_concrete"}
			}
		},
		{
			"name": "Handle",
			"from": [0.25, 25.17, 0.54],
			"to": [0.66, 25.77, 0.72],
			"rotation": {"angle": 0, "axis": "y", "origin": [0, -4.55, 0]},
			"faces": {
				"north": {"uv": [0, 0, 0.41, 0.6], "texture": "#black_concrete"},
				"east": {"uv": [0, 0, 0.18, 0.6], "texture": "#black_concrete"},
				"south": {"uv": [0, 0, 0.41, 0.6], "texture": "#black_concrete"},
				"west": {"uv": [0, 0, 0.18, 0.6], "texture": "#black_concrete"},
				"up": {"uv": [0, 0, 0.41, 0.18], "texture": "#black_concrete"},
				"down": {"uv": [0, 0, 0, 0], "texture": "#black_concrete"}
			}
		},
		{
			"name": "Handle",
			"from": [0.248, 26.067, 0.55],
			"to": [0.508, 26.267, 0.71],
			"rotation": {"angle": 0, "axis": "y", "origin": [0, -4.55, 0]},
			"faces": {
				"north": {"uv": [0, 0, 0.26, 0.2], "texture": "#gray_concrete"},
				"east": {"uv": [0, 0, 0.16, 0.2], "texture": "#gray_concrete"},
				"south": {"uv": [0, 0, 0.26, 0.2], "texture": "#gray_concrete"},
				"west": {"uv": [0, 0, 0.16, 0.2], "texture": "#gray_concrete"},
				"up": {"uv": [0, 0, 0.26, 0.16], "texture": "#gray_concrete"},
				"down": {"uv": [0, 0, 0.26, 0.16], "texture": "#gray_concrete"}
			}
		},
		{
			"name": "Handle",
			"from": [0.25, 25.767, 0.54],
			"to": [0.51, 25.927, 0.72],
			"rotation": {"angle": 0, "axis": "y", "origin": [0, -4.55, 0]},
			"faces": {
				"north": {"uv": [0, 0, 0.26, 0.16], "texture": "#black_concrete"},
				"east": {"uv": [0, 0, 0.18, 0.16], "texture": "#black_concrete"},
				"south": {"uv": [0, 0, 0.26, 0.16], "texture": "#black_concrete"},
				"west": {"uv": [0, 0, 0.18, 0.16], "texture": "#black_concrete"},
				"up": {"uv": [0, 0, 0.26, 0.18], "texture": "#black_concrete"},
				"down": {"uv": [0, 0, 0, 0], "texture": "#black_concrete"}
			}
		},
		{
			"name": "Handle",
			"from": [18.43, 24.397, 0.54],
			"to": [18.6, 24.837, 0.72],
			"rotation": {"angle": 45, "axis": "z", "origin": [8, 3.45, 8]},
			"faces": {
				"north": {"uv": [0, 0, 0.17, 0.44], "texture": "#black_concrete"},
				"east": {"uv": [0, 0, 0.18, 0.44], "texture": "#black_concrete"},
				"south": {"uv": [0, 0, 0.17, 0.44], "texture": "#black_concrete"},
				"west": {"uv": [0, 0, 0.18, 0.44], "texture": "#black_concrete"},
				"up": {"uv": [0, 0, 0.17, 0.18], "texture": "#black_concrete"},
				"down": {"uv": [0, 0, 0.17, 0.18], "texture": "#black_concrete"}
			}
		},
		{
			"name": "Handle",
			"from": [0.25, 25.907, 0.54],
			"to": [0.37, 26.067, 0.72],
			"rotation": {"angle": 0, "axis": "y", "origin": [0, -4.55, 0]},
			"faces": {
				"north": {"uv": [0, 0, 0.12, 0.16], "texture": "#black_concrete"},
				"east": {"uv": [0, 0, 0.18, 0.16], "texture": "#black_concrete"},
				"south": {"uv": [0, 0, 0.12, 0.16], "texture": "#black_concrete"},
				"west": {"uv": [0, 0, 0.18, 0.16], "texture": "#black_concrete"},
				"up": {"uv": [0, 0, 0.12, 0.18], "texture": "#black_concrete"},
				"down": {"uv": [0, 0, 0, 0], "texture": "#black_concrete"}
			}
		},
		{
			"name": "Handle",
			"from": [8.34, -0.55, -1.61],
			"to": [9.04, -0.05, -0.71],
			"rotation": {"angle": 45, "axis": "y", "origin": [8, -4.55, 8]},
			"faces": {
				"north": {"uv": [0, 0, 0.7, 0.5], "texture": "#black_concrete"},
				"east": {"uv": [0, 0, 0.9, 0.5], "texture": "#black_concrete"},
				"south": {"uv": [0, 0, 0.7, 0.5], "texture": "#black_concrete"},
				"west": {"uv": [0, 0, 0.9, 0.5], "texture": "#black_concrete"},
				"up": {"uv": [0, 0, 3.19, 0.9], "texture": "#black_concrete"},
				"down": {"uv": [0, 0, 3.19, 0.9], "texture": "#black_concrete"}
			}
		},
		{
			"name": "White",
			"from": [0.31, -11.55, 0.4],
			"to": [1.8, -0.55, 0.9],
			"rotation": {"angle": 0, "axis": "y", "origin": [0, -12.55, 0]},
			"faces": {
				"north": {"uv": [0, 0, 1.49, 11], "texture": "#black_concrete"},
				"east": {"uv": [0, 0, 0.5, 11], "texture": "#black_concrete"},
				"south": {"uv": [0, 0, 1.49, 11], "texture": "#black_concrete"},
				"west": {"uv": [0, 0, 0.5, 11], "texture": "#black_concrete"},
				"up": {"uv": [0, 0, 0, 0], "texture": "#black_concrete"},
				"down": {"uv": [0, 0, 0, 0], "texture": "#black_concrete"}
			}
		},
		{
			"name": "White",
			"from": [7.58, -11.55, -2.46],
			"to": [8.38, -0.55, -2.18],
			"rotation": {"angle": 45, "axis": "y", "origin": [8, -4.55, 8]},
			"faces": {
				"north": {"uv": [0, 0, 0.8, 11], "texture": "#black_concrete"},
				"east": {"uv": [0, 0, 0.28, 11], "texture": "#black_concrete"},
				"south": {"uv": [0, 0, 0.8, 11], "texture": "#black_concrete"},
				"west": {"uv": [0, 0, 0.28, 11], "texture": "#black_concrete"},
				"up": {"uv": [0, 0, 0.8, 0.28], "texture": "#black_concrete"},
				"down": {"uv": [0, 0, 0.8, 0.28], "texture": "#black_concrete"}
			}
		},
		{
			"name": "White",
			"from": [8.578, -11.55, -2.04],
			"to": [8.988, -0.55, -1.76],
			"rotation": {"angle": 45, "axis": "y", "origin": [8, -4.55, 8]},
			"faces": {
				"north": {"uv": [0, 0, 0.41, 11], "texture": "#black_concrete"},
				"east": {"uv": [0, 0, 0.28, 11], "texture": "#black_concrete"},
				"south": {"uv": [0, 0, 0.41, 11], "texture": "#black_concrete"},
				"west": {"uv": [0, 0, 0.28, 11], "texture": "#black_concrete"},
				"up": {"uv": [0, 0, 0.41, 0.28], "texture": "#black_concrete"},
				"down": {"uv": [0, 0, 0.41, 0.28], "texture": "#black_concrete"}
			}
		},
		{
			"name": "White",
			"from": [-2.21, -11.55, 7.33],
			"to": [-1.41, -0.55, 7.61],
			"rotation": {"angle": -45, "axis": "y", "origin": [8, -4.55, 8]},
			"faces": {
				"north": {"uv": [0, 0, 0.8, 11], "texture": "#black_concrete"},
				"east": {"uv": [0, 0, 0.28, 11], "texture": "#black_concrete"},
				"south": {"uv": [0, 0, 0.8, 11], "texture": "#black_concrete"},
				"west": {"uv": [0, 0, 0.28, 11], "texture": "#black_concrete"},
				"up": {"uv": [0, 0, 0.8, 0.28], "texture": "#black_concrete"},
				"down": {"uv": [0, 0, 0.8, 0.28], "texture": "#black_concrete"}
			}
		},
		{
			"name": "White",
			"from": [-2.81, -11.55, 7.78],
			"to": [-2.01, -0.55, 8.06],
			"rotation": {"angle": -45, "axis": "y", "origin": [8, -4.55, 8]},
			"faces": {
				"north": {"uv": [0, 0, 0.8, 11], "texture": "#black_concrete"},
				"east": {"uv": [0, 0, 0.28, 11], "texture": "#black_concrete"},
				"south": {"uv": [0, 0, 0.8, 11], "texture": "#black_concrete"},
				"west": {"uv": [0, 0, 0.28, 11], "texture": "#black_concrete"},
				"up": {"uv": [0, 0, 0.8, 0.28], "texture": "#black_concrete"},
				"down": {"uv": [0, 0, 0.8, 0.28], "texture": "#black_concrete"}
			}
		},
		{
			"name": "Yellow",
			"from": [0.62, -11.075, 0.14],
			"to": [1.42, -10.775, 1.16],
			"rotation": {"angle": 0, "axis": "y", "origin": [0, -12.55, 0]},
			"faces": {
				"north": {"uv": [0, 0, 0.8, 0.3], "texture": "#5"},
				"east": {"uv": [0, 0, 0.92, 0.3], "texture": "#5"},
				"south": {"uv": [0, 0, 0.8, 0.3], "texture": "#5"},
				"west": {"uv": [0, 0, 0.92, 0.3], "texture": "#5"},
				"up": {"uv": [0, 0, 0.8, 0.92], "texture": "#5"},
				"down": {"uv": [0, 0, 0.8, 0.92], "texture": "#5"}
			}
		},
		{
			"name": "Yellow",
			"from": [0.62, -10.075, 0.14],
			"to": [1.42, -9.775, 1.16],
			"rotation": {"angle": 0, "axis": "y", "origin": [0, -12.55, 0]},
			"faces": {
				"north": {"uv": [0, 0, 0.8, 0.3], "texture": "#5"},
				"east": {"uv": [0, 0, 0.92, 0.3], "texture": "#5"},
				"south": {"uv": [0, 0, 0.8, 0.3], "texture": "#5"},
				"west": {"uv": [0, 0, 0.92, 0.3], "texture": "#5"},
				"up": {"uv": [0, 0, 0.8, 0.92], "texture": "#5"},
				"down": {"uv": [0, 0, 0.8, 0.92], "texture": "#5"}
			}
		},
		{
			"name": "Yellow",
			"from": [0.62, -9.075, 0.14],
			"to": [1.42, -8.775, 1.16],
			"rotation": {"angle": 0, "axis": "y", "origin": [0, -12.55, 0]},
			"faces": {
				"north": {"uv": [0, 0, 0.8, 0.3], "texture": "#5"},
				"east": {"uv": [0, 0, 0.92, 0.3], "texture": "#5"},
				"south": {"uv": [0, 0, 0.8, 0.3], "texture": "#5"},
				"west": {"uv": [0, 0, 0.92, 0.3], "texture": "#5"},
				"up": {"uv": [0, 0, 0.8, 0.92], "texture": "#5"},
				"down": {"uv": [0, 0, 0.8, 0.92], "texture": "#5"}
			}
		},
		{
			"name": "Yellow",
			"from": [0.62, -8.075, 0.14],
			"to": [1.42, -7.775, 1.16],
			"rotation": {"angle": 0, "axis": "y", "origin": [0, -12.55, 0]},
			"faces": {
				"north": {"uv": [0, 0, 0.8, 0.3], "texture": "#5"},
				"east": {"uv": [0, 0, 0.92, 0.3], "texture": "#5"},
				"south": {"uv": [0, 0, 0.8, 0.3], "texture": "#5"},
				"west": {"uv": [0, 0, 0.92, 0.3], "texture": "#5"},
				"up": {"uv": [0, 0, 0.8, 0.92], "texture": "#5"},
				"down": {"uv": [0, 0, 0.8, 0.92], "texture": "#5"}
			}
		},
		{
			"name": "Yellow",
			"from": [0.62, -7.075, 0.14],
			"to": [1.42, -6.775, 1.16],
			"rotation": {"angle": 0, "axis": "y", "origin": [0, -12.55, 0]},
			"faces": {
				"north": {"uv": [0, 0, 0.8, 0.3], "texture": "#5"},
				"east": {"uv": [0, 0, 0.92, 0.3], "texture": "#5"},
				"south": {"uv": [0, 0, 0.8, 0.3], "texture": "#5"},
				"west": {"uv": [0, 0, 0.92, 0.3], "texture": "#5"},
				"up": {"uv": [0, 0, 0.8, 0.92], "texture": "#5"},
				"down": {"uv": [0, 0, 0.8, 0.92], "texture": "#5"}
			}
		},
		{
			"name": "Yellow",
			"from": [0.62, -3.75, 0.14],
			"to": [1.42, -3.45, 1.16],
			"rotation": {"angle": 0, "axis": "y", "origin": [0, -12.55, 0]},
			"faces": {
				"north": {"uv": [0, 0, 0.8, 0.3], "texture": "#5"},
				"east": {"uv": [0, 0, 0.92, 0.3], "texture": "#5"},
				"south": {"uv": [0, 0, 0.8, 0.3], "texture": "#5"},
				"west": {"uv": [0, 0, 0.92, 0.3], "texture": "#5"},
				"up": {"uv": [0, 0, 0.8, 0.92], "texture": "#5"},
				"down": {"uv": [0, 0, 0.8, 0.92], "texture": "#5"}
			}
		},
		{
			"name": "Yellow",
			"from": [0.62, -2.75, 0.14],
			"to": [1.42, -2.45, 1.16],
			"rotation": {"angle": 0, "axis": "y", "origin": [0, -12.55, 0]},
			"faces": {
				"north": {"uv": [0, 0, 0.8, 0.3], "texture": "#5"},
				"east": {"uv": [0, 0, 0.92, 0.3], "texture": "#5"},
				"south": {"uv": [0, 0, 0.8, 0.3], "texture": "#5"},
				"west": {"uv": [0, 0, 0.92, 0.3], "texture": "#5"},
				"up": {"uv": [0, 0, 0.8, 0.92], "texture": "#5"},
				"down": {"uv": [0, 0, 0.8, 0.92], "texture": "#5"}
			}
		},
		{
			"name": "Yellow",
			"from": [0.62, -1.75, 0.14],
			"to": [1.42, -1.45, 1.16],
			"rotation": {"angle": 0, "axis": "y", "origin": [0, -12.55, 0]},
			"faces": {
				"north": {"uv": [0, 0, 0.8, 0.3], "texture": "#5"},
				"east": {"uv": [0, 0, 0.92, 0.3], "texture": "#5"},
				"south": {"uv": [0, 0, 0.8, 0.3], "texture": "#5"},
				"west": {"uv": [0, 0, 0.92, 0.3], "texture": "#5"},
				"up": {"uv": [0, 0, 0.8, 0.92], "texture": "#5"},
				"down": {"uv": [0, 0, 0.8, 0.92], "texture": "#5"}
			}
		},
		{
			"name": "Yellow",
			"from": [0.62, -0.95, 0.14],
			"to": [1.42, -0.65, 1.16],
			"rotation": {"angle": 0, "axis": "y", "origin": [0, -12.55, 0]},
			"faces": {
				"north": {"uv": [0, 0, 0.8, 0.3], "texture": "#5"},
				"east": {"uv": [0, 0, 0.92, 0.3], "texture": "#5"},
				"south": {"uv": [0, 0, 0.8, 0.3], "texture": "#5"},
				"west": {"uv": [0, 0, 0.92, 0.3], "texture": "#5"},
				"up": {"uv": [0, 0, 0.8, 0.92], "texture": "#5"},
				"down": {"uv": [0, 0, 0.8, 0.92], "texture": "#5"}
			}
		},
		{
			"name": "Handle",
			"from": [-0.61, -0.55, 0.2],
			"to": [2.6, -0.05, 1.1],
			"rotation": {"angle": 0, "axis": "y", "origin": [0, -12.55, 0]},
			"faces": {
				"north": {"uv": [0, 0, 3.21, 0.5], "texture": "#black_concrete"},
				"east": {"uv": [0, 0, 0.9, 0.5], "texture": "#black_concrete"},
				"south": {"uv": [0, 0, 3.21, 0.5], "texture": "#black_concrete"},
				"west": {"uv": [0, 0, 0.9, 0.5], "texture": "#black_concrete"},
				"up": {"uv": [0, 0, 3.19, 0.9], "texture": "#black_concrete"},
				"down": {"uv": [0, 0, 3.19, 0.9], "texture": "#black_concrete"}
			}
		},
		{
			"name": "Handle",
			"from": [4.29, -0.55, -1.07],
			"to": [4.98, -0.05, -0.17],
			"rotation": {"angle": 22.5, "axis": "y", "origin": [8, -4.55, 8]},
			"faces": {
				"north": {"uv": [0, 0, 0.69, 0.5], "texture": "#black_concrete"},
				"east": {"uv": [0, 0, 0.9, 0.5], "texture": "#black_concrete"},
				"south": {"uv": [0, 0, 0.69, 0.5], "texture": "#black_concrete"},
				"west": {"uv": [0, 0, 0.9, 0.5], "texture": "#black_concrete"},
				"up": {"uv": [0, 0, 3.19, 0.9], "texture": "#black_concrete"},
				"down": {"uv": [0, 0, 3.19, 0.9], "texture": "#black_concrete"}
			}
		},
		{
			"name": "Handle",
			"from": [0.54, -0.55, -0.58],
			"to": [1.44, -0.05, 1.88],
			"rotation": {"angle": 0, "axis": "y", "origin": [0, -12.55, 0]},
			"faces": {
				"north": {"uv": [0, 0, 0.9, 0.5], "texture": "#black_concrete"},
				"east": {"uv": [0, 0, 0.9, 0.5], "texture": "#black_concrete"},
				"south": {"uv": [0, 0, 0.9, 0.5], "texture": "#black_concrete"},
				"west": {"uv": [0, 0, 0.9, 0.5], "texture": "#black_concrete"},
				"up": {"uv": [0, 0, 3.19, 0.9], "texture": "#black_concrete"},
				"down": {"uv": [0, 0, 3.19, 0.9], "texture": "#black_concrete"}
			}
		},
		{
			"name": "Handle",
			"from": [-2.96, -0.55, 8.3],
			"to": [-2.26, -0.05, 9.22],
			"rotation": {"angle": -45, "axis": "y", "origin": [8, -4.55, 8]},
			"faces": {
				"north": {"uv": [0, 0, 0.7, 0.5], "texture": "#black_concrete"},
				"east": {"uv": [0, 0, 0.9, 0.5], "texture": "#black_concrete"},
				"south": {"uv": [0, 0, 0.7, 0.5], "texture": "#black_concrete"},
				"west": {"uv": [0, 0, 0.9, 0.5], "texture": "#black_concrete"},
				"up": {"uv": [0, 0, 3.19, 0.9], "texture": "#black_concrete"},
				"down": {"uv": [0, 0, 3.19, 0.9], "texture": "#black_concrete"}
			}
		},
		{
			"name": "Handle",
			"from": [-1.96, -0.55, 4.27],
			"to": [-1.26, -0.05, 5.2],
			"rotation": {"angle": -22.5, "axis": "y", "origin": [8, -4.55, 8]},
			"faces": {
				"north": {"uv": [0, 0, 0.7, 0.5], "texture": "#black_concrete"},
				"east": {"uv": [0, 0, 0.9, 0.5], "texture": "#black_concrete"},
				"south": {"uv": [0, 0, 0.7, 0.5], "texture": "#black_concrete"},
				"west": {"uv": [0, 0, 0.9, 0.5], "texture": "#black_concrete"},
				"up": {"uv": [0, 0, 3.19, 0.9], "texture": "#black_concrete"},
				"down": {"uv": [0, 0, 3.19, 0.9], "texture": "#black_concrete"}
			}
		},
		{
			"name": "Handle",
			"from": [7.44, -0.55, -3.61],
			"to": [8.14, -0.05, -2.69],
			"rotation": {"angle": 45, "axis": "y", "origin": [8, -4.55, 8]},
			"faces": {
				"north": {"uv": [0, 0, 0.7, 0.5], "texture": "#black_concrete"},
				"east": {"uv": [0, 0, 0.9, 0.5], "texture": "#black_concrete"},
				"south": {"uv": [0, 0, 0.7, 0.5], "texture": "#black_concrete"},
				"west": {"uv": [0, 0, 0.9, 0.5], "texture": "#black_concrete"},
				"up": {"uv": [0, 0, 3.19, 0.9], "texture": "#black_concrete"},
				"down": {"uv": [0, 0, 3.19, 0.9], "texture": "#black_concrete"}
			}
		},
		{
			"name": "Handle",
			"from": [3.67, -0.55, -2.79],
			"to": [4.39, -0.05, -1.87],
			"rotation": {"angle": 22.5, "axis": "y", "origin": [8, -4.55, 8]},
			"faces": {
				"north": {"uv": [0, 0, 0.72, 0.5], "texture": "#black_concrete"},
				"east": {"uv": [0, 0, 0.9, 0.5], "texture": "#black_concrete"},
				"south": {"uv": [0, 0, 0.72, 0.5], "texture": "#black_concrete"},
				"west": {"uv": [0, 0, 0.9, 0.5], "texture": "#black_concrete"},
				"up": {"uv": [0, 0, 3.19, 0.9], "texture": "#black_concrete"},
				"down": {"uv": [0, 0, 3.19, 0.9], "texture": "#black_concrete"}
			}
		},
		{
			"name": "Handle",
			"from": [8.96, -0.55, -2.27],
			"to": [9.68, -0.05, -1.35],
			"rotation": {"angle": 45, "axis": "y", "origin": [8, -4.55, 8]},
			"faces": {
				"north": {"uv": [0, 0, 0.72, 0.5], "texture": "#black_concrete"},
				"east": {"uv": [0, 0, 0.9, 0.5], "texture": "#black_concrete"},
				"south": {"uv": [0, 0, 0.72, 0.5], "texture": "#black_concrete"},
				"west": {"uv": [0, 0, 0.9, 0.5], "texture": "#black_concrete"},
				"up": {"uv": [0, 0, 3.19, 0.9], "texture": "#black_concrete"},
				"down": {"uv": [0, 0, 3.19, 0.9], "texture": "#black_concrete"}
			}
		},
		{
			"name": "Handle",
			"from": [-1.35, -0.55, 2.58],
			"to": [-0.83, -0.05, 3.5],
			"rotation": {"angle": -22.5, "axis": "y", "origin": [8, -4.55, 8]},
			"faces": {
				"north": {"uv": [0, 0, 0.52, 0.5], "texture": "#black_concrete"},
				"east": {"uv": [0, 0, 0.9, 0.5], "texture": "#black_concrete"},
				"south": {"uv": [0, 0, 0.52, 0.5], "texture": "#black_concrete"},
				"west": {"uv": [0, 0, 0.9, 0.5], "texture": "#black_concrete"},
				"up": {"uv": [0, 0, 3.19, 0.9], "texture": "#black_concrete"},
				"down": {"uv": [0, 0, 3.19, 0.9], "texture": "#black_concrete"}
			}
		},
		{
			"from": [0, 0.8, 0],
			"to": [1, 1.8, 1],
			"rotation": {"angle": -22.5, "axis": "x", "origin": [0.5, 1.075, 0.5]},
			"faces": {
				"north": {"uv": [0, 0, 1, 1], "texture": "#orange_concrete"},
				"east": {"uv": [0, 0, 1, 1], "texture": "#orange_concrete"},
				"south": {"uv": [0, 0, 1, 1], "texture": "#orange_concrete"},
				"west": {"uv": [0, 0, 1, 1], "texture": "#orange_concrete"},
				"up": {"uv": [0, 0, 1, 1], "texture": "#orange_concrete"},
				"down": {"uv": [0, 0, 1, 1], "texture": "#orange_concrete"}
			}
		},
		{
			"from": [1, 1.8, 0.275],
			"to": [2, 3.15, 1.275],
			"rotation": {"angle": -22.5, "axis": "x", "origin": [0.5, 1.075, 0.5]},
			"faces": {
				"north": {"uv": [0, 0, 1, 1.35], "texture": "#orange_concrete"},
				"east": {"uv": [0, 0, 1, 1.35], "texture": "#orange_concrete"},
				"south": {"uv": [0, 0, 1, 1.35], "texture": "#orange_concrete"},
				"west": {"uv": [0, 0, 1, 1.35], "texture": "#orange_concrete"},
				"up": {"uv": [0, 0, 1, 1], "texture": "#orange_concrete"},
				"down": {"uv": [0, 0, 1, 1], "texture": "#orange_concrete"}
			}
		},
		{
			"from": [0, 5.45, 2.1],
			"to": [1, 7.45, 3.1],
			"rotation": {"angle": -22.5, "axis": "x", "origin": [0.5, 1.075, 0.5]},
			"faces": {
				"north": {"uv": [0, 0, 1, 2], "texture": "#orange_concrete"},
				"east": {"uv": [0, 0, 1, 2], "texture": "#orange_concrete"},
				"south": {"uv": [0, 0, 1, 2], "texture": "#orange_concrete"},
				"west": {"uv": [0, 0, 1, 2], "texture": "#orange_concrete"},
				"up": {"uv": [0, 0, 1, 1], "texture": "#orange_concrete"},
				"down": {"uv": [0, 0, 1, 1], "texture": "#orange_concrete"}
			}
		},
		{
			"from": [0, 4.77033, -0.52007],
			"to": [1, 5.77033, 1.47993],
			"rotation": {"angle": 45, "axis": "x", "origin": [0.5, 5.27033, -0.02007]},
			"faces": {
				"north": {"uv": [0, 0, 1, 1], "rotation": 180, "texture": "#orange_concrete"},
				"east": {"uv": [0, 0, 1, 2], "rotation": 90, "texture": "#orange_concrete"},
				"south": {"uv": [0, 0, 1, 1], "texture": "#orange_concrete"},
				"west": {"uv": [0, 0, 1, 2], "rotation": 270, "texture": "#orange_concrete"},
				"up": {"uv": [0, 0, 1, 2], "texture": "#orange_concrete"},
				"down": {"uv": [0, 0, 1, 2], "rotation": 180, "texture": "#orange_concrete"}
			}
		},
		{
			"from": [0, 7.52033, -3.17007],
			"to": [1, 8.52033, -1.17007],
			"rotation": {"angle": 45, "axis": "x", "origin": [0.5, 5.27033, -0.02007]},
			"faces": {
				"north": {"uv": [0, 0, 1, 1], "rotation": 180, "texture": "#orange_concrete"},
				"east": {"uv": [0, 0, 1, 2], "rotation": 90, "texture": "#orange_concrete"},
				"south": {"uv": [0, 0, 1, 1], "texture": "#orange_concrete"},
				"west": {"uv": [0, 0, 1, 2], "rotation": 270, "texture": "#orange_concrete"},
				"up": {"uv": [0, 0, 1, 2], "texture": "#orange_concrete"},
				"down": {"uv": [0, 0, 1, 2], "rotation": 180, "texture": "#orange_concrete"}
			}
		},
		{
			"from": [-0.025, 8.17033, -3.79507],
			"to": [1.525, 9.17033, -1.79507],
			"rotation": {"angle": 45, "axis": "x", "origin": [0.5, 5.27033, -0.02007]},
			"faces": {
				"north": {"uv": [7, 2, 8, 3], "rotation": 180, "texture": "#orange_concrete"},
				"east": {"uv": [7, 0, 8, 2], "rotation": 90, "texture": "#orange_concrete"},
				"south": {"uv": [7, 2, 8, 3], "texture": "#orange_concrete"},
				"west": {"uv": [6, 4, 7, 6], "rotation": 270, "texture": "#orange_concrete"},
				"up": {"uv": [6, 2, 7, 4], "texture": "#orange_concrete"},
				"down": {"uv": [6, 0, 7, 2], "rotation": 180, "texture": "#orange_concrete"}
			}
		},
		{
			"from": [0.4, 11.27033, -6.84507],
			"to": [2.025, 12.27033, -4.84507],
			"rotation": {"angle": 45, "axis": "x", "origin": [0.5, 5.27033, -0.02007]},
			"faces": {
				"north": {"uv": [7, 2, 8, 3], "rotation": 180, "texture": "#orange_concrete"},
				"east": {"uv": [7, 0, 8, 2], "rotation": 90, "texture": "#orange_concrete"},
				"south": {"uv": [7, 2, 8, 3], "texture": "#orange_concrete"},
				"west": {"uv": [6, 4, 7, 6], "rotation": 270, "texture": "#orange_concrete"},
				"up": {"uv": [6, 2, 7, 4], "texture": "#orange_concrete"},
				"down": {"uv": [6, 0, 7, 2], "rotation": 180, "texture": "#orange_concrete"}
			}
		},
		{
			"from": [0.2, 11.27033, -6.84507],
			"to": [1.825, 12.27033, -4.84507],
			"rotation": {"angle": 45, "axis": "x", "origin": [0.5, 5.27033, -0.02007]},
			"faces": {
				"north": {"uv": [7, 2, 8, 3], "rotation": 180, "texture": "#orange_concrete"},
				"east": {"uv": [7, 0, 8, 2], "rotation": 90, "texture": "#orange_concrete"},
				"south": {"uv": [7, 2, 8, 3], "texture": "#orange_concrete"},
				"west": {"uv": [6, 4, 7, 6], "rotation": 270, "texture": "#orange_concrete"},
				"up": {"uv": [6, 2, 7, 4], "texture": "#orange_concrete"},
				"down": {"uv": [6, 0, 7, 2], "rotation": 180, "texture": "#orange_concrete"}
			}
		},
		{
			"from": [0.65, 13.87033, -9.47007],
			"to": [2.125, 14.87033, -7.47007],
			"rotation": {"angle": 45, "axis": "x", "origin": [0.5, 5.27033, -0.02007]},
			"faces": {
				"north": {"uv": [7, 2, 8, 3], "rotation": 180, "texture": "#orange_concrete"},
				"east": {"uv": [7, 0, 8, 2], "rotation": 90, "texture": "#orange_concrete"},
				"south": {"uv": [7, 2, 8, 3], "texture": "#orange_concrete"},
				"west": {"uv": [6, 4, 7, 6], "rotation": 270, "texture": "#orange_concrete"},
				"up": {"uv": [6, 2, 7, 4], "texture": "#orange_concrete"},
				"down": {"uv": [6, 0, 7, 2], "rotation": 180, "texture": "#orange_concrete"}
			}
		},
		{
			"from": [0.65, 5.64533, -1.42007],
			"to": [2.125, 6.64533, 0.57993],
			"rotation": {"angle": 45, "axis": "x", "origin": [0.5, 5.27033, -0.02007]},
			"faces": {
				"north": {"uv": [7, 2, 8, 3], "rotation": 180, "texture": "#orange_concrete"},
				"east": {"uv": [7, 0, 8, 2], "rotation": 90, "texture": "#orange_concrete"},
				"south": {"uv": [7, 2, 8, 3], "texture": "#orange_concrete"},
				"west": {"uv": [6, 4, 7, 6], "rotation": 270, "texture": "#orange_concrete"},
				"up": {"uv": [6, 2, 7, 4], "texture": "#orange_concrete"},
				"down": {"uv": [6, 0, 7, 2], "rotation": 180, "texture": "#orange_concrete"}
			}
		},
		{
			"from": [1.775, 5.64533, 0.12993],
			"to": [3.775, 6.64533, 1.60493],
			"rotation": {"angle": 45, "axis": "z", "origin": [0.5, 5.27033, -0.02007]},
			"faces": {
				"north": {"uv": [6, 4, 7, 6], "rotation": 270, "texture": "#orange_concrete"},
				"east": {"uv": [7, 2, 8, 3], "rotation": 180, "texture": "#orange_concrete"},
				"south": {"uv": [7, 0, 8, 2], "rotation": 90, "texture": "#orange_concrete"},
				"west": {"uv": [7, 2, 8, 3], "texture": "#orange_concrete"},
				"up": {"uv": [6, 2, 7, 4], "rotation": 90, "texture": "#orange_concrete"},
				"down": {"uv": [6, 0, 7, 2], "rotation": 90, "texture": "#orange_concrete"}
			}
		},
		{
			"from": [6.8, 11.14533, 0.12993],
			"to": [8.8, 12.14533, 1.60493],
			"rotation": {"angle": 45, "axis": "z", "origin": [0.5, 5.27033, -0.02007]},
			"faces": {
				"north": {"uv": [6, 4, 7, 6], "rotation": 270, "texture": "#orange_concrete"},
				"east": {"uv": [7, 2, 8, 3], "rotation": 180, "texture": "#orange_concrete"},
				"south": {"uv": [7, 0, 8, 2], "rotation": 90, "texture": "#orange_concrete"},
				"west": {"uv": [7, 2, 8, 3], "texture": "#orange_concrete"},
				"up": {"uv": [6, 2, 7, 4], "rotation": 90, "texture": "#orange_concrete"},
				"down": {"uv": [6, 0, 7, 2], "rotation": 90, "texture": "#orange_concrete"}
			}
		},
		{
			"from": [8.925, 13.79533, 0.12993],
			"to": [10.925, 14.79533, 1.60493],
			"rotation": {"angle": 45, "axis": "z", "origin": [0.5, 5.27033, -0.02007]},
			"faces": {
				"north": {"uv": [6, 4, 7, 6], "rotation": 270, "texture": "#orange_concrete"},
				"east": {"uv": [7, 2, 8, 3], "rotation": 180, "texture": "#orange_concrete"},
				"south": {"uv": [7, 0, 8, 2], "rotation": 90, "texture": "#orange_concrete"},
				"west": {"uv": [7, 2, 8, 3], "texture": "#orange_concrete"},
				"up": {"uv": [6, 2, 7, 4], "rotation": 90, "texture": "#orange_concrete"},
				"down": {"uv": [6, 0, 7, 2], "rotation": 90, "texture": "#orange_concrete"}
			}
		},
		{
			"from": [-0.7, 3.52033, -0.24507],
			"to": [1.3, 4.52033, 1.22993],
			"rotation": {"angle": 45, "axis": "z", "origin": [0.5, 5.27033, -0.02007]},
			"faces": {
				"north": {"uv": [6, 4, 7, 6], "rotation": 270, "texture": "#orange_concrete"},
				"east": {"uv": [7, 2, 8, 3], "rotation": 180, "texture": "#orange_concrete"},
				"south": {"uv": [7, 0, 8, 2], "rotation": 90, "texture": "#orange_concrete"},
				"west": {"uv": [7, 2, 8, 3], "texture": "#orange_concrete"},
				"up": {"uv": [6, 2, 7, 4], "rotation": 90, "texture": "#orange_concrete"},
				"down": {"uv": [6, 0, 7, 2], "rotation": 90, "texture": "#orange_concrete"}
			}
		},
		{
			"from": [0, 11.49533, -6.99507],
			"to": [1, 12.49533, -4.99507],
			"rotation": {"angle": 45, "axis": "x", "origin": [0.5, 5.27033, -0.02007]},
			"faces": {
				"north": {"uv": [0, 0, 1, 1], "rotation": 180, "texture": "#orange_concrete"},
				"east": {"uv": [0, 0, 1, 2], "rotation": 90, "texture": "#orange_concrete"},
				"south": {"uv": [0, 0, 1, 1], "texture": "#orange_concrete"},
				"west": {"uv": [0, 0, 1, 2], "rotation": 270, "texture": "#orange_concrete"},
				"up": {"uv": [0, 0, 1, 2], "texture": "#orange_concrete"},
				"down": {"uv": [0, 0, 1, 2], "rotation": 180, "texture": "#orange_concrete"}
			}
		},
		{
			"from": [1, 6.49533, -1.99507],
			"to": [2, 7.49533, 0.00493],
			"rotation": {"angle": 45, "axis": "x", "origin": [0.5, 5.27033, -0.02007]},
			"faces": {
				"north": {"uv": [0, 0, 1, 1], "rotation": 180, "texture": "#orange_concrete"},
				"east": {"uv": [0, 0, 1, 2], "rotation": 90, "texture": "#orange_concrete"},
				"south": {"uv": [0, 0, 1, 1], "texture": "#orange_concrete"},
				"west": {"uv": [0, 0, 1, 2], "rotation": 270, "texture": "#orange_concrete"},
				"up": {"uv": [0, 0, 1, 2], "texture": "#orange_concrete"},
				"down": {"uv": [0, 0, 1, 2], "rotation": 180, "texture": "#orange_concrete"}
			}
		},
		{
			"from": [1, 10.79533, -6.42007],
			"to": [2, 11.79533, -4.42007],
			"rotation": {"angle": 45, "axis": "x", "origin": [0.5, 5.27033, -0.02007]},
			"faces": {
				"north": {"uv": [0, 0, 1, 1], "rotation": 180, "texture": "#orange_concrete"},
				"east": {"uv": [0, 0, 1, 2], "rotation": 90, "texture": "#orange_concrete"},
				"south": {"uv": [0, 0, 1, 1], "texture": "#orange_concrete"},
				"west": {"uv": [0, 0, 1, 2], "rotation": 270, "texture": "#orange_concrete"},
				"up": {"uv": [0, 0, 1, 2], "texture": "#orange_concrete"},
				"down": {"uv": [0, 0, 1, 2], "rotation": 180, "texture": "#orange_concrete"}
			}
		},
		{
			"from": [1, 3.79533, 0.57993],
			"to": [2, 4.79533, 2.57993],
			"rotation": {"angle": 45, "axis": "x", "origin": [0.5, 5.27033, -0.02007]},
			"faces": {
				"north": {"uv": [0, 0, 1, 1], "rotation": 180, "texture": "#orange_concrete"},
				"east": {"uv": [0, 0, 1, 2], "rotation": 90, "texture": "#orange_concrete"},
				"south": {"uv": [0, 0, 1, 1], "texture": "#orange_concrete"},
				"west": {"uv": [0, 0, 1, 2], "rotation": 270, "texture": "#orange_concrete"},
				"up": {"uv": [0, 0, 1, 2], "texture": "#orange_concrete"},
				"down": {"uv": [0, 0, 1, 2], "rotation": 180, "texture": "#orange_concrete"}
			}
		},
		{
			"from": [1, 6.45, 2.375],
			"to": [2, 7.8, 3.375],
			"rotation": {"angle": -22.5, "axis": "x", "origin": [0.5, 1.075, 0.5]},
			"faces": {
				"north": {"uv": [0, 0, 1, 1.35], "texture": "#orange_concrete"},
				"east": {"uv": [0, 0, 1, 1.35], "texture": "#orange_concrete"},
				"south": {"uv": [0, 0, 1, 1.35], "texture": "#orange_concrete"},
				"west": {"uv": [0, 0, 1, 1.35], "texture": "#orange_concrete"},
				"up": {"uv": [0, 0, 1, 1], "texture": "#orange_concrete"},
				"down": {"uv": [0, 0, 1, 1], "texture": "#orange_concrete"}
			}
		},
		{
			"from": [1, 7.57334, -0.12102],
			"to": [2, 8.92334, 0.87898],
			"rotation": {"angle": -22.5, "axis": "z", "origin": [1.5, 7.57334, 0.37898]},
			"faces": {
				"north": {"uv": [0, 0, 1, 1.35], "texture": "#orange_concrete"},
				"east": {"uv": [0, 0, 1, 1.35], "texture": "#orange_concrete"},
				"south": {"uv": [0, 0, 1, 1.35], "texture": "#orange_concrete"},
				"west": {"uv": [0, 0, 1, 1.35], "texture": "#orange_concrete"},
				"up": {"uv": [0, 0, 1, 1], "texture": "#orange_concrete"},
				"down": {"uv": [0, 0, 1, 1], "texture": "#orange_concrete"}
			}
		},
		{
			"from": [-1.075, 12.62334, -0.12102],
			"to": [-0.075, 13.97334, 0.87898],
			"rotation": {"angle": -22.5, "axis": "z", "origin": [1.5, 7.57334, 0.37898]},
			"faces": {
				"north": {"uv": [0, 0, 1, 1.35], "texture": "#orange_concrete"},
				"east": {"uv": [0, 0, 1, 1.35], "texture": "#orange_concrete"},
				"south": {"uv": [0, 0, 1, 1.35], "texture": "#orange_concrete"},
				"west": {"uv": [0, 0, 1, 1.35], "texture": "#orange_concrete"},
				"up": {"uv": [0, 0, 1, 1], "texture": "#orange_concrete"},
				"down": {"uv": [0, 0, 1, 1], "texture": "#orange_concrete"}
			}
		},
		{
			"from": [-2.025, 15.02334, -0.12102],
			"to": [-1.025, 16.37334, 0.87898],
			"rotation": {"angle": -22.5, "axis": "z", "origin": [1.5, 7.57334, 0.37898]},
			"faces": {
				"north": {"uv": [0, 0, 1, 1.35], "texture": "#orange_concrete"},
				"east": {"uv": [0, 0, 1, 1.35], "texture": "#orange_concrete"},
				"south": {"uv": [0, 0, 1, 1.35], "texture": "#orange_concrete"},
				"west": {"uv": [0, 0, 1, 1.35], "texture": "#orange_concrete"},
				"up": {"uv": [0, 0, 1, 1], "texture": "#orange_concrete"},
				"down": {"uv": [0, 0, 1, 1], "texture": "#orange_concrete"}
			}
		},
		{
			"from": [1.7, 5.97334, -0.12102],
			"to": [2.7, 7.32334, 0.87898],
			"rotation": {"angle": -22.5, "axis": "z", "origin": [1.5, 7.57334, 0.37898]},
			"faces": {
				"north": {"uv": [0, 0, 1, 1.35], "texture": "#orange_concrete"},
				"east": {"uv": [0, 0, 1, 1.35], "texture": "#orange_concrete"},
				"south": {"uv": [0, 0, 1, 1.35], "texture": "#orange_concrete"},
				"west": {"uv": [0, 0, 1, 1.35], "texture": "#orange_concrete"},
				"up": {"uv": [0, 0, 1, 1], "texture": "#orange_concrete"},
				"down": {"uv": [0, 0, 1, 1], "texture": "#orange_concrete"}
			}
		},
		{
			"from": [3.525, 1.34834, -0.12102],
			"to": [4.525, 2.69834, 0.87898],
			"rotation": {"angle": -22.5, "axis": "z", "origin": [1.5, 7.57334, 0.37898]},
			"faces": {
				"north": {"uv": [0, 0, 1, 1.35], "texture": "#orange_concrete"},
				"east": {"uv": [0, 0, 1, 1.35], "texture": "#orange_concrete"},
				"south": {"uv": [0, 0, 1, 1.35], "texture": "#orange_concrete"},
				"west": {"uv": [0, 0, 1, 1.35], "texture": "#orange_concrete"},
				"up": {"uv": [0, 0, 1, 1], "texture": "#orange_concrete"},
				"down": {"uv": [0, 0, 1, 1], "texture": "#orange_concrete"}
			}
		},
		{
			"from": [0.09161, 3.58741, -0.12102],
			"to": [1.09161, 4.93741, 0.87898],
			"rotation": {"angle": -45, "axis": "z", "origin": [1.79161, 3.31241, 0.37898]},
			"faces": {
				"north": {"uv": [0, 0, 1, 1.35], "texture": "#orange_concrete"},
				"east": {"uv": [0, 0, 1, 1.35], "texture": "#orange_concrete"},
				"south": {"uv": [0, 0, 1, 1.35], "texture": "#orange_concrete"},
				"west": {"uv": [0, 0, 1, 1.35], "texture": "#orange_concrete"},
				"up": {"uv": [0, 0, 1, 1], "texture": "#orange_concrete"},
				"down": {"uv": [0, 0, 1, 1], "texture": "#orange_concrete"}
			}
		},
		{
			"from": [1.29161, 2.63741, -0.12102],
			"to": [2.29161, 3.98741, 0.87898],
			"rotation": {"angle": -45, "axis": "z", "origin": [1.79161, 3.31241, 0.37898]},
			"faces": {
				"north": {"uv": [0, 0, 1, 1.35], "texture": "#orange_concrete"},
				"east": {"uv": [0, 0, 1, 1.35], "texture": "#orange_concrete"},
				"south": {"uv": [0, 0, 1, 1.35], "texture": "#orange_concrete"},
				"west": {"uv": [0, 0, 1, 1.35], "texture": "#orange_concrete"},
				"up": {"uv": [0, 0, 1, 1], "texture": "#orange_concrete"},
				"down": {"uv": [0, 0, 1, 1], "texture": "#orange_concrete"}
			}
		},
		{
			"from": [0, 8.95, 3.375],
			"to": [1, 9.95, 4.375],
			"rotation": {"angle": -22.5, "axis": "x", "origin": [0.5, 1.075, 0.5]},
			"faces": {
				"north": {"uv": [0, 0, 1, 1], "texture": "#orange_concrete"},
				"east": {"uv": [0, 0, 1, 1], "texture": "#orange_concrete"},
				"south": {"uv": [0, 0, 1, 1], "texture": "#orange_concrete"},
				"west": {"uv": [0, 0, 1, 1], "texture": "#orange_concrete"},
				"up": {"uv": [0, 0, 1, 1], "texture": "#orange_concrete"},
				"down": {"uv": [0, 0, 1, 1], "texture": "#orange_concrete"}
			}
		},
		{
			"from": [1, 9.95, 3.65],
			"to": [2, 11.3, 4.65],
			"rotation": {"angle": -22.5, "axis": "x", "origin": [0.5, 1.075, 0.5]},
			"faces": {
				"north": {"uv": [0, 0, 1, 1.35], "texture": "#orange_concrete"},
				"east": {"uv": [0, 0, 1, 1.35], "texture": "#orange_concrete"},
				"south": {"uv": [0, 0, 1, 1.35], "texture": "#orange_concrete"},
				"west": {"uv": [0, 0, 1, 1.35], "texture": "#orange_concrete"},
				"up": {"uv": [0, 0, 1, 1], "texture": "#orange_concrete"},
				"down": {"uv": [0, 0, 1, 1], "texture": "#orange_concrete"}
			}
		},
		{
			"from": [-0.025, 10.8, 3.825],
			"to": [0.975, 12.15, 4.825],
			"rotation": {"angle": -22.5, "axis": "x", "origin": [0.5, 1.075, 0.5]},
			"faces": {
				"north": {"uv": [0, 0, 1, 1.35], "texture": "#orange_concrete"},
				"east": {"uv": [0, 0, 1, 1.35], "texture": "#orange_concrete"},
				"south": {"uv": [0, 0, 1, 1.35], "texture": "#orange_concrete"},
				"west": {"uv": [0, 0, 1, 1.35], "texture": "#orange_concrete"},
				"up": {"uv": [0, 0, 1, 1], "texture": "#orange_concrete"},
				"down": {"uv": [0, 0, 1, 1], "texture": "#orange_concrete"}
			}
		},
		{
			"from": [1.00744, 3.94113, 0.37694],
			"to": [2.00744, 5.29113, 1.37694],
			"rotation": {"angle": 0, "axis": "z", "origin": [0.39122, 8.28921, 0.33835]},
			"faces": {
				"north": {"uv": [0, 0, 1, 1.35], "rotation": 180, "texture": "#orange_concrete"},
				"east": {"uv": [0, 0, 1, 1.35], "rotation": 180, "texture": "#orange_concrete"},
				"south": {"uv": [0, 0, 1, 1.35], "rotation": 180, "texture": "#orange_concrete"},
				"west": {"uv": [0, 0, 1, 1.35], "rotation": 180, "texture": "#orange_concrete"},
				"up": {"uv": [0, 0, 1, 1], "rotation": 180, "texture": "#orange_concrete"},
				"down": {"uv": [0, 0, 1, 1], "rotation": 180, "texture": "#orange_concrete"}
			}
		},
		{
			"from": [-2.82345, 13.86049, -0.12102],
			"to": [-1.82345, 15.21049, 0.87898],
			"rotation": {"angle": -22.5, "axis": "z", "origin": [0.39122, 8.28921, 0.33835]},
			"faces": {
				"north": {"uv": [0, 0, 1, 1.35], "rotation": 180, "texture": "#orange_concrete"},
				"east": {"uv": [0, 0, 1, 1.35], "rotation": 180, "texture": "#orange_concrete"},
				"south": {"uv": [0, 0, 1, 1.35], "rotation": 180, "texture": "#orange_concrete"},
				"west": {"uv": [0, 0, 1, 1.35], "rotation": 180, "texture": "#orange_concrete"},
				"up": {"uv": [0, 0, 1, 1], "rotation": 180, "texture": "#orange_concrete"},
				"down": {"uv": [0, 0, 1, 1], "rotation": 180, "texture": "#orange_concrete"}
			}
		},
		{
			"from": [-3.76961, 10.99165, -0.12102],
			"to": [-2.76961, 12.34165, 0.87898],
			"rotation": {"angle": -45, "axis": "z", "origin": [0.39122, 8.28921, 0.33835]},
			"faces": {
				"north": {"uv": [0, 0, 1, 1.35], "rotation": 180, "texture": "#orange_concrete"},
				"east": {"uv": [0, 0, 1, 1.35], "rotation": 180, "texture": "#orange_concrete"},
				"south": {"uv": [0, 0, 1, 1.35], "rotation": 180, "texture": "#orange_concrete"},
				"west": {"uv": [0, 0, 1, 1.35], "rotation": 180, "texture": "#orange_concrete"},
				"up": {"uv": [0, 0, 1, 1], "rotation": 180, "texture": "#orange_concrete"},
				"down": {"uv": [0, 0, 1, 1], "rotation": 180, "texture": "#orange_concrete"}
			}
		},
		{
			"from": [-2.56961, 10.04165, -0.12102],
			"to": [-1.56961, 11.39165, 0.87898],
			"rotation": {"angle": -45, "axis": "z", "origin": [0.39122, 8.28921, 0.33835]},
			"faces": {
				"north": {"uv": [0, 0, 1, 1.35], "rotation": 180, "texture": "#orange_concrete"},
				"east": {"uv": [0, 0, 1, 1.35], "rotation": 180, "texture": "#orange_concrete"},
				"south": {"uv": [0, 0, 1, 1.35], "rotation": 180, "texture": "#orange_concrete"},
				"west": {"uv": [0, 0, 1, 1.35], "rotation": 180, "texture": "#orange_concrete"},
				"up": {"uv": [0, 0, 1, 1], "rotation": 180, "texture": "#orange_concrete"},
				"down": {"uv": [0, 0, 1, 1], "rotation": 180, "texture": "#orange_concrete"}
			}
		},
		{
			"from": [-0.99845, 9.23549, -0.12102],
			"to": [0.00155, 10.58549, 0.87898],
			"rotation": {"angle": -22.5, "axis": "z", "origin": [0.39122, 8.28921, 0.33835]},
			"faces": {
				"north": {"uv": [0, 0, 1, 1.35], "rotation": 180, "texture": "#orange_concrete"},
				"east": {"uv": [0, 0, 1, 1.35], "rotation": 180, "texture": "#orange_concrete"},
				"south": {"uv": [0, 0, 1, 1.35], "rotation": 180, "texture": "#orange_concrete"},
				"west": {"uv": [0, 0, 1, 1.35], "rotation": 180, "texture": "#orange_concrete"},
				"up": {"uv": [0, 0, 1, 1], "rotation": 180, "texture": "#orange_concrete"},
				"down": {"uv": [0, 0, 1, 1], "rotation": 180, "texture": "#orange_concrete"}
			}
		},
		{
			"from": [-0.29845, 7.63549, -0.12102],
			"to": [0.70155, 8.98549, 0.87898],
			"rotation": {"angle": -22.5, "axis": "z", "origin": [0.39122, 8.28921, 0.33835]},
			"faces": {
				"north": {"uv": [0, 0, 1, 1.35], "rotation": 180, "texture": "#orange_concrete"},
				"east": {"uv": [0, 0, 1, 1.35], "rotation": 180, "texture": "#orange_concrete"},
				"south": {"uv": [0, 0, 1, 1.35], "rotation": 180, "texture": "#orange_concrete"},
				"west": {"uv": [0, 0, 1, 1.35], "rotation": 180, "texture": "#orange_concrete"},
				"up": {"uv": [0, 0, 1, 1], "rotation": 180, "texture": "#orange_concrete"},
				"down": {"uv": [0, 0, 1, 1], "rotation": 180, "texture": "#orange_concrete"}
			}
		},
		{
			"from": [1.77655, 2.58549, -0.12102],
			"to": [2.77655, 3.93549, 0.87898],
			"rotation": {"angle": -22.5, "axis": "z", "origin": [0.39122, 8.28921, 0.33835]},
			"faces": {
				"north": {"uv": [0, 0, 1, 1.35], "rotation": 180, "texture": "#orange_concrete"},
				"east": {"uv": [0, 0, 1, 1.35], "rotation": 180, "texture": "#orange_concrete"},
				"south": {"uv": [0, 0, 1, 1.35], "rotation": 180, "texture": "#orange_concrete"},
				"west": {"uv": [0, 0, 1, 1.35], "rotation": 180, "texture": "#orange_concrete"},
				"up": {"uv": [0, 0, 1, 1], "rotation": 180, "texture": "#orange_concrete"},
				"down": {"uv": [0, 0, 1, 1], "rotation": 180, "texture": "#orange_concrete"}
			}
		},
		{
			"from": [2.72655, 0.18549, -0.12102],
			"to": [3.72655, 1.53549, 0.87898],
			"rotation": {"angle": -22.5, "axis": "z", "origin": [0.39122, 8.28921, 0.33835]},
			"faces": {
				"north": {"uv": [0, 0, 1, 1.35], "rotation": 180, "texture": "#orange_concrete"},
				"east": {"uv": [0, 0, 1, 1.35], "rotation": 180, "texture": "#orange_concrete"},
				"south": {"uv": [0, 0, 1, 1.35], "rotation": 180, "texture": "#orange_concrete"},
				"west": {"uv": [0, 0, 1, 1.35], "rotation": 180, "texture": "#orange_concrete"},
				"up": {"uv": [0, 0, 1, 1], "rotation": 180, "texture": "#orange_concrete"},
				"down": {"uv": [0, 0, 1, 1], "rotation": 180, "texture": "#orange_concrete"}
			}
		},
		{
			"from": [0, 13, 5.2],
			"to": [1, 15, 6.2],
			"rotation": {"angle": -22.5, "axis": "x", "origin": [0.5, 1.075, 0.5]},
			"faces": {
				"north": {"uv": [0, 0, 1, 2], "texture": "#orange_concrete"},
				"east": {"uv": [0, 0, 1, 2], "texture": "#orange_concrete"},
				"south": {"uv": [0, 0, 1, 2], "texture": "#orange_concrete"},
				"west": {"uv": [0, 0, 1, 2], "texture": "#orange_concrete"},
				"up": {"uv": [0, 0, 1, 1], "texture": "#orange_concrete"},
				"down": {"uv": [0, 0, 1, 1], "texture": "#orange_concrete"}
			}
		},
		{
			"from": [1, 14, 5.475],
			"to": [2, 15.35, 6.475],
			"rotation": {"angle": -22.5, "axis": "x", "origin": [0.5, 1.075, 0.5]},
			"faces": {
				"north": {"uv": [0, 0, 1, 1.35], "texture": "#orange_concrete"},
				"east": {"uv": [0, 0, 1, 1.35], "texture": "#orange_concrete"},
				"south": {"uv": [0, 0, 1, 1.35], "texture": "#orange_concrete"},
				"west": {"uv": [0, 0, 1, 1.35], "texture": "#orange_concrete"},
				"up": {"uv": [0, 0, 1, 1], "texture": "#orange_concrete"},
				"down": {"uv": [0, 0, 1, 1], "texture": "#orange_concrete"}
			}
		},
		{
			"from": [1, 12.97072, 0.35584],
			"to": [2, 14.32072, 1.35584],
			"rotation": {"angle": 22.5, "axis": "x", "origin": [1, 13.05822, 0.71834]},
			"faces": {
				"north": {"uv": [0, 0, 1, 1.35], "texture": "#orange_concrete"},
				"east": {"uv": [0, 0, 1, 1.35], "texture": "#orange_concrete"},
				"south": {"uv": [0, 0, 1, 1.35], "texture": "#orange_concrete"},
				"west": {"uv": [0, 0, 1, 1.35], "texture": "#orange_concrete"},
				"up": {"uv": [0, 0, 1, 1], "texture": "#orange_concrete"},
				"down": {"uv": [0, 0, 1, 1], "texture": "#orange_concrete"}
			}
		},
		{
			"from": [0, 11.97072, 0.43084],
			"to": [1, 13.97072, 1.43084],
			"rotation": {"angle": 22.5, "axis": "x", "origin": [1, 13.05822, 0.71834]},
			"faces": {
				"north": {"uv": [0, 0, 1, 2], "texture": "#orange_concrete"},
				"east": {"uv": [0, 0, 1, 2], "texture": "#orange_concrete"},
				"south": {"uv": [0, 0, 1, 2], "texture": "#orange_concrete"},
				"west": {"uv": [0, 0, 1, 2], "texture": "#orange_concrete"},
				"up": {"uv": [0, 0, 1, 1], "texture": "#orange_concrete"},
				"down": {"uv": [0, 0, 1, 1], "texture": "#orange_concrete"}
			}
		},
		{
			"from": [0, 9.82072, 1.28084],
			"to": [1, 11.82072, 2.28084],
			"rotation": {"angle": 22.5, "axis": "x", "origin": [1, 13.05822, 0.71834]},
			"faces": {
				"north": {"uv": [3, 0, 4, 2], "texture": "#orange_concrete"},
				"east": {"uv": [2, 4, 3, 6], "texture": "#orange_concrete"},
				"south": {"uv": [2, 2, 3, 4], "texture": "#orange_concrete"},
				"west": {"uv": [3, 2, 4, 4], "texture": "#orange_concrete"},
				"up": {"uv": [2, 0, 3, 1], "texture": "#orange_concrete"},
				"down": {"uv": [2, 1, 3, 2], "texture": "#orange_concrete"}
			}
		},
		{
			"from": [0, 14.39572, -0.69416],
			"to": [1, 15.39572, 0.30584],
			"rotation": {"angle": 22.5, "axis": "x", "origin": [1, 13.05822, 0.71834]},
			"faces": {
				"north": {"uv": [0, 0, 1, 1], "texture": "#orange_concrete"},
				"east": {"uv": [0, 0, 1, 1], "texture": "#orange_concrete"},
				"south": {"uv": [0, 0, 1, 1], "texture": "#orange_concrete"},
				"west": {"uv": [0, 0, 1, 1], "texture": "#orange_concrete"},
				"up": {"uv": [0, 0, 1, 1], "texture": "#orange_concrete"},
				"down": {"uv": [0, 0, 1, 1], "texture": "#orange_concrete"}
			}
		},
		{
			"from": [1, 15.39572, -0.76916],
			"to": [2, 16.74572, 0.23084],
			"rotation": {"angle": 22.5, "axis": "x", "origin": [1, 13.05822, 0.71834]},
			"faces": {
				"north": {"uv": [0, 0, 1, 1.35], "texture": "#orange_concrete"},
				"east": {"uv": [0, 0, 1, 1.35], "texture": "#orange_concrete"},
				"south": {"uv": [0, 0, 1, 1.35], "texture": "#orange_concrete"},
				"west": {"uv": [0, 0, 1, 1.35], "texture": "#orange_concrete"},
				"up": {"uv": [0, 0, 1, 1], "texture": "#orange_concrete"},
				"down": {"uv": [0, 0, 1, 1], "texture": "#orange_concrete"}
			}
		},
		{
			"from": [0, 8.57072, 1.73084],
			"to": [1, 10.57072, 2.73084],
			"rotation": {"angle": 22.5, "axis": "x", "origin": [1, 13.05822, 0.71834]},
			"faces": {
				"north": {"uv": [0, 0, 1, 2], "texture": "#orange_concrete"},
				"east": {"uv": [0, 0, 1, 2], "texture": "#orange_concrete"},
				"south": {"uv": [0, 0, 1, 2], "texture": "#orange_concrete"},
				"west": {"uv": [0, 0, 1, 2], "texture": "#orange_concrete"},
				"up": {"uv": [0, 0, 1, 1], "texture": "#orange_concrete"},
				"down": {"uv": [0, 0, 1, 1], "texture": "#orange_concrete"}
			}
		},
		{
			"from": [1, 9.57072, 1.65584],
			"to": [2, 10.92072, 2.65584],
			"rotation": {"angle": 22.5, "axis": "x", "origin": [1, 13.05822, 0.71834]},
			"faces": {
				"north": {"uv": [0, 0, 1, 1.35], "texture": "#orange_concrete"},
				"east": {"uv": [0, 0, 1, 1.35], "texture": "#orange_concrete"},
				"south": {"uv": [0, 0, 1, 1.35], "texture": "#orange_concrete"},
				"west": {"uv": [0, 0, 1, 1.35], "texture": "#orange_concrete"},
				"up": {"uv": [0, 0, 1, 1], "texture": "#orange_concrete"},
				"down": {"uv": [0, 0, 1, 1], "texture": "#orange_concrete"}
			}
		},
		{
			"from": [1, 10.47072, 1.18084],
			"to": [2, 11.82072, 2.18084],
			"rotation": {"angle": 22.5, "axis": "x", "origin": [1, 13.05822, 0.71834]},
			"faces": {
				"north": {"uv": [2, 11, 3, 12.35], "texture": "#orange_concrete"},
				"east": {"uv": [2, 0, 3, 1.35], "texture": "#orange_concrete"},
				"south": {"uv": [2, 9, 3, 10.35], "texture": "#orange_concrete"},
				"west": {"uv": [2, 7, 3, 8.35], "texture": "#orange_concrete"},
				"up": {"uv": [2, 5, 3, 6], "texture": "#orange_concrete"},
				"down": {"uv": [2, 3, 3, 4], "texture": "#orange_concrete"}
			}
		},
		{
			"from": [1, 14.39572, -0.36916],
			"to": [2, 15.74572, 0.63084],
			"rotation": {"angle": 22.5, "axis": "x", "origin": [1, 13.05822, 0.71834]},
			"faces": {
				"north": {"uv": [2, 11, 3, 12.35], "texture": "#orange_concrete"},
				"east": {"uv": [2, 0, 3, 1.35], "texture": "#orange_concrete"},
				"south": {"uv": [2, 9, 3, 10.35], "texture": "#orange_concrete"},
				"west": {"uv": [2, 7, 3, 8.35], "texture": "#orange_concrete"},
				"up": {"uv": [2, 5, 3, 6], "texture": "#orange_concrete"},
				"down": {"uv": [2, 3, 3, 4], "texture": "#orange_concrete"}
			}
		},
		{
			"from": [1, 5.64572, 2.58084],
			"to": [2, 6.99572, 3.58084],
			"rotation": {"angle": 22.5, "axis": "x", "origin": [1, 13.05822, 0.71834]},
			"faces": {
				"north": {"uv": [2, 11, 3, 12.35], "texture": "#orange_concrete"},
				"east": {"uv": [2, 0, 3, 1.35], "texture": "#orange_concrete"},
				"south": {"uv": [2, 9, 3, 10.35], "texture": "#orange_concrete"},
				"west": {"uv": [2, 7, 3, 8.35], "texture": "#orange_concrete"},
				"up": {"uv": [2, 5, 3, 6], "texture": "#orange_concrete"},
				"down": {"uv": [2, 3, 3, 4], "texture": "#orange_concrete"}
			}
		},
		{
			"from": [0, 7.79572, 2.08084],
			"to": [1, 9.14572, 3.08084],
			"rotation": {"angle": 22.5, "axis": "x", "origin": [1, 13.05822, 0.71834]},
			"faces": {
				"north": {"uv": [2, 11, 3, 12.35], "texture": "#orange_concrete"},
				"east": {"uv": [2, 0, 3, 1.35], "texture": "#orange_concrete"},
				"south": {"uv": [2, 9, 3, 10.35], "texture": "#orange_concrete"},
				"west": {"uv": [2, 7, 3, 8.35], "texture": "#orange_concrete"},
				"up": {"uv": [2, 5, 3, 6], "texture": "#orange_concrete"},
				"down": {"uv": [2, 3, 3, 4], "texture": "#orange_concrete"}
			}
		},
		{
			"from": [0, 14.87072, -0.84416],
			"to": [1, 16.22072, 0.15584],
			"rotation": {"angle": 22.5, "axis": "x", "origin": [1, 13.05822, 0.71834]},
			"faces": {
				"north": {"uv": [2, 11, 3, 12.35], "texture": "#orange_concrete"},
				"east": {"uv": [2, 0, 3, 1.35], "texture": "#orange_concrete"},
				"south": {"uv": [2, 9, 3, 10.35], "texture": "#orange_concrete"},
				"west": {"uv": [2, 7, 3, 8.35], "texture": "#orange_concrete"},
				"up": {"uv": [2, 5, 3, 6], "texture": "#orange_concrete"},
				"down": {"uv": [2, 3, 3, 4], "texture": "#orange_concrete"}
			}
		},
		{
			"from": [0, 14.87072, -0.84416],
			"to": [1, 16.22072, 0.15584],
			"rotation": {"angle": 22.5, "axis": "x", "origin": [1, 13.05822, 0.71834]},
			"faces": {
				"north": {"uv": [2, 11, 3, 12.35], "texture": "#orange_concrete"},
				"east": {"uv": [2, 0, 3, 1.35], "texture": "#orange_concrete"},
				"south": {"uv": [2, 9, 3, 10.35], "texture": "#orange_concrete"},
				"west": {"uv": [2, 7, 3, 8.35], "texture": "#orange_concrete"},
				"up": {"uv": [2, 5, 3, 6], "texture": "#orange_concrete"},
				"down": {"uv": [2, 3, 3, 4], "texture": "#orange_concrete"}
			}
		},
		{
			"from": [0, 4.02072, 3.55584],
			"to": [1, 6.02072, 4.55584],
			"rotation": {"angle": 22.5, "axis": "x", "origin": [1, 13.05822, 0.71834]},
			"faces": {
				"north": {"uv": [0, 0, 1, 2], "texture": "#orange_concrete"},
				"east": {"uv": [0, 0, 1, 2], "texture": "#orange_concrete"},
				"south": {"uv": [0, 0, 1, 2], "texture": "#orange_concrete"},
				"west": {"uv": [0, 0, 1, 2], "texture": "#orange_concrete"},
				"up": {"uv": [0, 0, 1, 1], "texture": "#orange_concrete"},
				"down": {"uv": [0, 0, 1, 1], "texture": "#orange_concrete"}
			}
		},
		{
			"from": [1, 5.02072, 3.48084],
			"to": [2, 6.37072, 4.48084],
			"rotation": {"angle": 22.5, "axis": "x", "origin": [1, 13.05822, 0.71834]},
			"faces": {
				"north": {"uv": [0, 0, 1, 1.35], "texture": "#orange_concrete"},
				"east": {"uv": [0, 0, 1, 1.35], "texture": "#orange_concrete"},
				"south": {"uv": [0, 0, 1, 1.35], "texture": "#orange_concrete"},
				"west": {"uv": [0, 0, 1, 1.35], "texture": "#orange_concrete"},
				"up": {"uv": [0, 0, 1, 1], "texture": "#orange_concrete"},
				"down": {"uv": [0, 0, 1, 1], "texture": "#orange_concrete"}
			}
		},
		{
			"from": [0, 1.79572, 4.50584],
			"to": [1, 3.64572, 5.50584],
			"rotation": {"angle": 22.5, "axis": "x", "origin": [1, 13.05822, 0.71834]},
			"faces": {
				"north": {"uv": [0, 0, 1, 1.85], "texture": "#orange_concrete"},
				"east": {"uv": [0, 0, 1, 1.85], "texture": "#orange_concrete"},
				"south": {"uv": [0, 0, 1, 1.85], "texture": "#orange_concrete"},
				"west": {"uv": [0, 0, 1, 1.85], "texture": "#orange_concrete"},
				"up": {"uv": [0, 0, 1, 1], "texture": "#orange_concrete"},
				"down": {"uv": [0, 0, 1, 1], "texture": "#orange_concrete"}
			}
		},
		{
			"from": [1, 2.79572, 4.43084],
			"to": [2, 4.14572, 5.43084],
			"rotation": {"angle": 22.5, "axis": "x", "origin": [1, 13.05822, 0.71834]},
			"faces": {
				"north": {"uv": [0, 0, 1, 1.35], "texture": "#orange_concrete"},
				"east": {"uv": [0, 0, 1, 1.35], "texture": "#orange_concrete"},
				"south": {"uv": [0, 0, 1, 1.35], "texture": "#orange_concrete"},
				"west": {"uv": [0, 0, 1, 1.35], "texture": "#orange_concrete"},
				"up": {"uv": [0, 0, 1, 1], "texture": "#orange_concrete"},
				"down": {"uv": [0, 0, 1, 1], "texture": "#orange_concrete"}
			}
		},
		{
			"from": [0, 14.625, 6.275],
			"to": [1, 17.625, 7.275],
			"rotation": {"angle": -22.5, "axis": "x", "origin": [0.5, 1.075, 0.5]},
			"faces": {
				"north": {"uv": [0, 0, 1, 3], "texture": "#orange_concrete"},
				"east": {"uv": [0, 0, 1, 3], "texture": "#orange_concrete"},
				"south": {"uv": [0, 0, 1, 3], "texture": "#orange_concrete"},
				"west": {"uv": [0, 0, 1, 3], "texture": "#orange_concrete"},
				"up": {"uv": [0, 0, 1, 1], "texture": "#orange_concrete"},
				"down": {"uv": [0, 0, 1, 1], "texture": "#orange_concrete"}
			}
		},
		{
			"from": [1, 16.625, 6.55],
			"to": [2, 17.975, 7.55],
			"rotation": {"angle": -22.5, "axis": "x", "origin": [0.5, 1.075, 0.5]},
			"faces": {
				"north": {"uv": [0, 0, 1, 1.35], "texture": "#orange_concrete"},
				"east": {"uv": [0, 0, 1, 1.35], "texture": "#orange_concrete"},
				"south": {"uv": [0, 0, 1, 1.35], "texture": "#orange_concrete"},
				"west": {"uv": [0, 0, 1, 1.35], "texture": "#orange_concrete"},
				"up": {"uv": [0, 0, 1, 1], "texture": "#orange_concrete"},
				"down": {"uv": [0, 0, 1, 1], "texture": "#orange_concrete"}
			}
		},
		{
			"from": [0, 9.9, 0],
			"to": [1, 10.9, 1],
			"rotation": {"angle": -22.5, "axis": "x", "origin": [0.5, 10.175, 0.5]},
			"faces": {
				"north": {"uv": [0, 0, 1, 1], "texture": "#orange_concrete"},
				"east": {"uv": [0, 0, 1, 1], "texture": "#orange_concrete"},
				"south": {"uv": [0, 0, 1, 1], "texture": "#orange_concrete"},
				"west": {"uv": [0, 0, 1, 1], "texture": "#orange_concrete"},
				"up": {"uv": [0, 0, 1, 1], "texture": "#orange_concrete"},
				"down": {"uv": [0, 0, 1, 1], "texture": "#orange_concrete"}
			}
		},
		{
			"from": [1, 10.9, 0.275],
			"to": [2, 12.25, 1.275],
			"rotation": {"angle": -22.5, "axis": "x", "origin": [0.5, 10.175, 0.5]},
			"faces": {
				"north": {"uv": [0, 0, 1, 1.35], "texture": "#orange_concrete"},
				"east": {"uv": [0, 0, 1, 1.35], "texture": "#orange_concrete"},
				"south": {"uv": [0, 0, 1, 1.35], "texture": "#orange_concrete"},
				"west": {"uv": [0, 0, 1, 1.35], "texture": "#orange_concrete"},
				"up": {"uv": [0, 0, 1, 1], "texture": "#orange_concrete"},
				"down": {"uv": [0, 0, 1, 1], "texture": "#orange_concrete"}
			}
		},
		{
			"from": [0, 14.55, 2.1],
			"to": [1, 16.55, 3.1],
			"rotation": {"angle": -22.5, "axis": "x", "origin": [0.5, 10.175, 0.5]},
			"faces": {
				"north": {"uv": [0, 0, 1, 2], "texture": "#orange_concrete"},
				"east": {"uv": [0, 0, 1, 2], "texture": "#orange_concrete"},
				"south": {"uv": [0, 0, 1, 2], "texture": "#orange_concrete"},
				"west": {"uv": [0, 0, 1, 2], "texture": "#orange_concrete"},
				"up": {"uv": [0, 0, 1, 1], "texture": "#orange_concrete"},
				"down": {"uv": [0, 0, 1, 1], "texture": "#orange_concrete"}
			}
		},
		{
			"from": [0, 13.87033, -0.52007],
			"to": [1, 14.87033, 1.47993],
			"rotation": {"angle": 45, "axis": "x", "origin": [0.5, 14.37033, -0.02007]},
			"faces": {
				"north": {"uv": [0, 0, 1, 1], "rotation": 180, "texture": "#orange_concrete"},
				"east": {"uv": [0, 0, 1, 2], "rotation": 90, "texture": "#orange_concrete"},
				"south": {"uv": [0, 0, 1, 1], "texture": "#orange_concrete"},
				"west": {"uv": [0, 0, 1, 2], "rotation": 270, "texture": "#orange_concrete"},
				"up": {"uv": [0, 0, 1, 2], "texture": "#orange_concrete"},
				"down": {"uv": [0, 0, 1, 2], "rotation": 180, "texture": "#orange_concrete"}
			}
		},
		{
			"from": [0, 16.62033, -3.17007],
			"to": [1, 17.62033, -1.17007],
			"rotation": {"angle": 45, "axis": "x", "origin": [0.5, 14.37033, -0.02007]},
			"faces": {
				"north": {"uv": [0, 0, 1, 1], "rotation": 180, "texture": "#orange_concrete"},
				"east": {"uv": [0, 0, 1, 2], "rotation": 90, "texture": "#orange_concrete"},
				"south": {"uv": [0, 0, 1, 1], "texture": "#orange_concrete"},
				"west": {"uv": [0, 0, 1, 2], "rotation": 270, "texture": "#orange_concrete"},
				"up": {"uv": [0, 0, 1, 2], "texture": "#orange_concrete"},
				"down": {"uv": [0, 0, 1, 2], "rotation": 180, "texture": "#orange_concrete"}
			}
		},
		{
			"from": [-0.025, 17.27033, -3.79507],
			"to": [1.525, 18.27033, -1.79507],
			"rotation": {"angle": 45, "axis": "x", "origin": [0.5, 14.37033, -0.02007]},
			"faces": {
				"north": {"uv": [7, 2, 8, 3], "rotation": 180, "texture": "#orange_concrete"},
				"east": {"uv": [7, 0, 8, 2], "rotation": 90, "texture": "#orange_concrete"},
				"south": {"uv": [7, 2, 8, 3], "texture": "#orange_concrete"},
				"west": {"uv": [6, 4, 7, 6], "rotation": 270, "texture": "#orange_concrete"},
				"up": {"uv": [6, 2, 7, 4], "texture": "#orange_concrete"},
				"down": {"uv": [6, 0, 7, 2], "rotation": 180, "texture": "#orange_concrete"}
			}
		},
		{
			"from": [0.4, 20.37033, -6.84507],
			"to": [2.025, 21.37033, -4.84507],
			"rotation": {"angle": 45, "axis": "x", "origin": [0.5, 14.37033, -0.02007]},
			"faces": {
				"north": {"uv": [7, 2, 8, 3], "rotation": 180, "texture": "#orange_concrete"},
				"east": {"uv": [7, 0, 8, 2], "rotation": 90, "texture": "#orange_concrete"},
				"south": {"uv": [7, 2, 8, 3], "texture": "#orange_concrete"},
				"west": {"uv": [6, 4, 7, 6], "rotation": 270, "texture": "#orange_concrete"},
				"up": {"uv": [6, 2, 7, 4], "texture": "#orange_concrete"},
				"down": {"uv": [6, 0, 7, 2], "rotation": 180, "texture": "#orange_concrete"}
			}
		},
		{
			"from": [0.2, 20.37033, -6.84507],
			"to": [1.825, 21.37033, -4.84507],
			"rotation": {"angle": 45, "axis": "x", "origin": [0.5, 14.37033, -0.02007]},
			"faces": {
				"north": {"uv": [7, 2, 8, 3], "rotation": 180, "texture": "#orange_concrete"},
				"east": {"uv": [7, 0, 8, 2], "rotation": 90, "texture": "#orange_concrete"},
				"south": {"uv": [7, 2, 8, 3], "texture": "#orange_concrete"},
				"west": {"uv": [6, 4, 7, 6], "rotation": 270, "texture": "#orange_concrete"},
				"up": {"uv": [6, 2, 7, 4], "texture": "#orange_concrete"},
				"down": {"uv": [6, 0, 7, 2], "rotation": 180, "texture": "#orange_concrete"}
			}
		},
		{
			"from": [0.65, 22.97033, -9.47007],
			"to": [2.125, 23.97033, -7.47007],
			"rotation": {"angle": 45, "axis": "x", "origin": [0.5, 14.37033, -0.02007]},
			"faces": {
				"north": {"uv": [7, 2, 8, 3], "rotation": 180, "texture": "#orange_concrete"},
				"east": {"uv": [7, 0, 8, 2], "rotation": 90, "texture": "#orange_concrete"},
				"south": {"uv": [7, 2, 8, 3], "texture": "#orange_concrete"},
				"west": {"uv": [6, 4, 7, 6], "rotation": 270, "texture": "#orange_concrete"},
				"up": {"uv": [6, 2, 7, 4], "texture": "#orange_concrete"},
				"down": {"uv": [6, 0, 7, 2], "rotation": 180, "texture": "#orange_concrete"}
			}
		},
		{
			"from": [0.65, 14.74533, -1.42007],
			"to": [2.125, 15.74533, 0.57993],
			"rotation": {"angle": 45, "axis": "x", "origin": [0.5, 14.37033, -0.02007]},
			"faces": {
				"north": {"uv": [7, 2, 8, 3], "rotation": 180, "texture": "#orange_concrete"},
				"east": {"uv": [7, 0, 8, 2], "rotation": 90, "texture": "#orange_concrete"},
				"south": {"uv": [7, 2, 8, 3], "texture": "#orange_concrete"},
				"west": {"uv": [6, 4, 7, 6], "rotation": 270, "texture": "#orange_concrete"},
				"up": {"uv": [6, 2, 7, 4], "texture": "#orange_concrete"},
				"down": {"uv": [6, 0, 7, 2], "rotation": 180, "texture": "#orange_concrete"}
			}
		},
		{
			"from": [1.775, 14.74533, 0.12993],
			"to": [3.775, 15.74533, 1.60493],
			"rotation": {"angle": 45, "axis": "z", "origin": [0.5, 14.37033, -0.02007]},
			"faces": {
				"north": {"uv": [6, 4, 7, 6], "rotation": 270, "texture": "#orange_concrete"},
				"east": {"uv": [7, 2, 8, 3], "rotation": 180, "texture": "#orange_concrete"},
				"south": {"uv": [7, 0, 8, 2], "rotation": 90, "texture": "#orange_concrete"},
				"west": {"uv": [7, 2, 8, 3], "texture": "#orange_concrete"},
				"up": {"uv": [6, 2, 7, 4], "rotation": 90, "texture": "#orange_concrete"},
				"down": {"uv": [6, 0, 7, 2], "rotation": 90, "texture": "#orange_concrete"}
			}
		},
		{
			"from": [6.8, 20.24533, 0.12993],
			"to": [8.8, 21.24533, 1.60493],
			"rotation": {"angle": 45, "axis": "z", "origin": [0.5, 14.37033, -0.02007]},
			"faces": {
				"north": {"uv": [6, 4, 7, 6], "rotation": 270, "texture": "#orange_concrete"},
				"east": {"uv": [7, 2, 8, 3], "rotation": 180, "texture": "#orange_concrete"},
				"south": {"uv": [7, 0, 8, 2], "rotation": 90, "texture": "#orange_concrete"},
				"west": {"uv": [7, 2, 8, 3], "texture": "#orange_concrete"},
				"up": {"uv": [6, 2, 7, 4], "rotation": 90, "texture": "#orange_concrete"},
				"down": {"uv": [6, 0, 7, 2], "rotation": 90, "texture": "#orange_concrete"}
			}
		},
		{
			"from": [8.925, 22.89533, 0.12993],
			"to": [10.925, 23.89533, 1.60493],
			"rotation": {"angle": 45, "axis": "z", "origin": [0.5, 14.37033, -0.02007]},
			"faces": {
				"north": {"uv": [6, 4, 7, 6], "rotation": 270, "texture": "#orange_concrete"},
				"east": {"uv": [7, 2, 8, 3], "rotation": 180, "texture": "#orange_concrete"},
				"south": {"uv": [7, 0, 8, 2], "rotation": 90, "texture": "#orange_concrete"},
				"west": {"uv": [7, 2, 8, 3], "texture": "#orange_concrete"},
				"up": {"uv": [6, 2, 7, 4], "rotation": 90, "texture": "#orange_concrete"},
				"down": {"uv": [6, 0, 7, 2], "rotation": 90, "texture": "#orange_concrete"}
			}
		},
		{
			"from": [-0.7, 12.62033, -0.24507],
			"to": [1.3, 13.62033, 1.22993],
			"rotation": {"angle": 45, "axis": "z", "origin": [0.5, 14.37033, -0.02007]},
			"faces": {
				"north": {"uv": [6, 4, 7, 6], "rotation": 270, "texture": "#orange_concrete"},
				"east": {"uv": [7, 2, 8, 3], "rotation": 180, "texture": "#orange_concrete"},
				"south": {"uv": [7, 0, 8, 2], "rotation": 90, "texture": "#orange_concrete"},
				"west": {"uv": [7, 2, 8, 3], "texture": "#orange_concrete"},
				"up": {"uv": [6, 2, 7, 4], "rotation": 90, "texture": "#orange_concrete"},
				"down": {"uv": [6, 0, 7, 2], "rotation": 90, "texture": "#orange_concrete"}
			}
		},
		{
			"from": [0, 20.59533, -6.99507],
			"to": [1, 21.59533, -4.99507],
			"rotation": {"angle": 45, "axis": "x", "origin": [0.5, 14.37033, -0.02007]},
			"faces": {
				"north": {"uv": [0, 0, 1, 1], "rotation": 180, "texture": "#orange_concrete"},
				"east": {"uv": [0, 0, 1, 2], "rotation": 90, "texture": "#orange_concrete"},
				"south": {"uv": [0, 0, 1, 1], "texture": "#orange_concrete"},
				"west": {"uv": [0, 0, 1, 2], "rotation": 270, "texture": "#orange_concrete"},
				"up": {"uv": [0, 0, 1, 2], "texture": "#orange_concrete"},
				"down": {"uv": [0, 0, 1, 2], "rotation": 180, "texture": "#orange_concrete"}
			}
		},
		{
			"from": [1, 15.59533, -1.99507],
			"to": [2, 16.59533, 0.00493],
			"rotation": {"angle": 45, "axis": "x", "origin": [0.5, 14.37033, -0.02007]},
			"faces": {
				"north": {"uv": [0, 0, 1, 1], "rotation": 180, "texture": "#orange_concrete"},
				"east": {"uv": [0, 0, 1, 2], "rotation": 90, "texture": "#orange_concrete"},
				"south": {"uv": [0, 0, 1, 1], "texture": "#orange_concrete"},
				"west": {"uv": [0, 0, 1, 2], "rotation": 270, "texture": "#orange_concrete"},
				"up": {"uv": [0, 0, 1, 2], "texture": "#orange_concrete"},
				"down": {"uv": [0, 0, 1, 2], "rotation": 180, "texture": "#orange_concrete"}
			}
		},
		{
			"from": [1, 19.89533, -6.42007],
			"to": [2, 20.89533, -4.42007],
			"rotation": {"angle": 45, "axis": "x", "origin": [0.5, 14.37033, -0.02007]},
			"faces": {
				"north": {"uv": [0, 0, 1, 1], "rotation": 180, "texture": "#orange_concrete"},
				"east": {"uv": [0, 0, 1, 2], "rotation": 90, "texture": "#orange_concrete"},
				"south": {"uv": [0, 0, 1, 1], "texture": "#orange_concrete"},
				"west": {"uv": [0, 0, 1, 2], "rotation": 270, "texture": "#orange_concrete"},
				"up": {"uv": [0, 0, 1, 2], "texture": "#orange_concrete"},
				"down": {"uv": [0, 0, 1, 2], "rotation": 180, "texture": "#orange_concrete"}
			}
		},
		{
			"from": [1, 12.89533, 0.57993],
			"to": [2, 13.89533, 2.57993],
			"rotation": {"angle": 45, "axis": "x", "origin": [0.5, 14.37033, -0.02007]},
			"faces": {
				"north": {"uv": [0, 0, 1, 1], "rotation": 180, "texture": "#orange_concrete"},
				"east": {"uv": [0, 0, 1, 2], "rotation": 90, "texture": "#orange_concrete"},
				"south": {"uv": [0, 0, 1, 1], "texture": "#orange_concrete"},
				"west": {"uv": [0, 0, 1, 2], "rotation": 270, "texture": "#orange_concrete"},
				"up": {"uv": [0, 0, 1, 2], "texture": "#orange_concrete"},
				"down": {"uv": [0, 0, 1, 2], "rotation": 180, "texture": "#orange_concrete"}
			}
		},
		{
			"from": [1, 15.55, 2.375],
			"to": [2, 16.9, 3.375],
			"rotation": {"angle": -22.5, "axis": "x", "origin": [0.5, 10.175, 0.5]},
			"faces": {
				"north": {"uv": [0, 0, 1, 1.35], "texture": "#orange_concrete"},
				"east": {"uv": [0, 0, 1, 1.35], "texture": "#orange_concrete"},
				"south": {"uv": [0, 0, 1, 1.35], "texture": "#orange_concrete"},
				"west": {"uv": [0, 0, 1, 1.35], "texture": "#orange_concrete"},
				"up": {"uv": [0, 0, 1, 1], "texture": "#orange_concrete"},
				"down": {"uv": [0, 0, 1, 1], "texture": "#orange_concrete"}
			}
		},
		{
			"from": [1, 16.67334, -0.12102],
			"to": [2, 18.02334, 0.87898],
			"rotation": {"angle": -22.5, "axis": "z", "origin": [1.5, 16.67334, 0.37898]},
			"faces": {
				"north": {"uv": [0, 0, 1, 1.35], "texture": "#orange_concrete"},
				"east": {"uv": [0, 0, 1, 1.35], "texture": "#orange_concrete"},
				"south": {"uv": [0, 0, 1, 1.35], "texture": "#orange_concrete"},
				"west": {"uv": [0, 0, 1, 1.35], "texture": "#orange_concrete"},
				"up": {"uv": [0, 0, 1, 1], "texture": "#orange_concrete"},
				"down": {"uv": [0, 0, 1, 1], "texture": "#orange_concrete"}
			}
		},
		{
			"from": [-1.075, 21.72334, -0.12102],
			"to": [-0.075, 23.07334, 0.87898],
			"rotation": {"angle": -22.5, "axis": "z", "origin": [1.5, 16.67334, 0.37898]},
			"faces": {
				"north": {"uv": [0, 0, 1, 1.35], "texture": "#orange_concrete"},
				"east": {"uv": [0, 0, 1, 1.35], "texture": "#orange_concrete"},
				"south": {"uv": [0, 0, 1, 1.35], "texture": "#orange_concrete"},
				"west": {"uv": [0, 0, 1, 1.35], "texture": "#orange_concrete"},
				"up": {"uv": [0, 0, 1, 1], "texture": "#orange_concrete"},
				"down": {"uv": [0, 0, 1, 1], "texture": "#orange_concrete"}
			}
		},
		{
			"from": [-2.025, 24.12334, -0.12102],
			"to": [-1.025, 25.47334, 0.87898],
			"rotation": {"angle": -22.5, "axis": "z", "origin": [1.5, 16.67334, 0.37898]},
			"faces": {
				"north": {"uv": [0, 0, 1, 1.35], "texture": "#orange_concrete"},
				"east": {"uv": [0, 0, 1, 1.35], "texture": "#orange_concrete"},
				"south": {"uv": [0, 0, 1, 1.35], "texture": "#orange_concrete"},
				"west": {"uv": [0, 0, 1, 1.35], "texture": "#orange_concrete"},
				"up": {"uv": [0, 0, 1, 1], "texture": "#orange_concrete"},
				"down": {"uv": [0, 0, 1, 1], "texture": "#orange_concrete"}
			}
		},
		{
			"from": [1.7, 15.07334, -0.12102],
			"to": [2.7, 16.42334, 0.87898],
			"rotation": {"angle": -22.5, "axis": "z", "origin": [1.5, 16.67334, 0.37898]},
			"faces": {
				"north": {"uv": [0, 0, 1, 1.35], "texture": "#orange_concrete"},
				"east": {"uv": [0, 0, 1, 1.35], "texture": "#orange_concrete"},
				"south": {"uv": [0, 0, 1, 1.35], "texture": "#orange_concrete"},
				"west": {"uv": [0, 0, 1, 1.35], "texture": "#orange_concrete"},
				"up": {"uv": [0, 0, 1, 1], "texture": "#orange_concrete"},
				"down": {"uv": [0, 0, 1, 1], "texture": "#orange_concrete"}
			}
		},
		{
			"from": [3.525, 10.44834, -0.12102],
			"to": [4.525, 11.79834, 0.87898],
			"rotation": {"angle": -22.5, "axis": "z", "origin": [1.5, 16.67334, 0.37898]},
			"faces": {
				"north": {"uv": [0, 0, 1, 1.35], "texture": "#orange_concrete"},
				"east": {"uv": [0, 0, 1, 1.35], "texture": "#orange_concrete"},
				"south": {"uv": [0, 0, 1, 1.35], "texture": "#orange_concrete"},
				"west": {"uv": [0, 0, 1, 1.35], "texture": "#orange_concrete"},
				"up": {"uv": [0, 0, 1, 1], "texture": "#orange_concrete"},
				"down": {"uv": [0, 0, 1, 1], "texture": "#orange_concrete"}
			}
		},
		{
			"from": [0.09161, 12.68741, -0.12102],
			"to": [1.09161, 14.03741, 0.87898],
			"rotation": {"angle": -45, "axis": "z", "origin": [1.79161, 12.41241, 0.37898]},
			"faces": {
				"north": {"uv": [0, 0, 1, 1.35], "texture": "#orange_concrete"},
				"east": {"uv": [0, 0, 1, 1.35], "texture": "#orange_concrete"},
				"south": {"uv": [0, 0, 1, 1.35], "texture": "#orange_concrete"},
				"west": {"uv": [0, 0, 1, 1.35], "texture": "#orange_concrete"},
				"up": {"uv": [0, 0, 1, 1], "texture": "#orange_concrete"},
				"down": {"uv": [0, 0, 1, 1], "texture": "#orange_concrete"}
			}
		},
		{
			"from": [1.29161, 11.73741, -0.12102],
			"to": [2.29161, 13.08741, 0.87898],
			"rotation": {"angle": -45, "axis": "z", "origin": [1.79161, 12.41241, 0.37898]},
			"faces": {
				"north": {"uv": [0, 0, 1, 1.35], "texture": "#orange_concrete"},
				"east": {"uv": [0, 0, 1, 1.35], "texture": "#orange_concrete"},
				"south": {"uv": [0, 0, 1, 1.35], "texture": "#orange_concrete"},
				"west": {"uv": [0, 0, 1, 1.35], "texture": "#orange_concrete"},
				"up": {"uv": [0, 0, 1, 1], "texture": "#orange_concrete"},
				"down": {"uv": [0, 0, 1, 1], "texture": "#orange_concrete"}
			}
		},
		{
			"from": [0, 18.05, 3.375],
			"to": [1, 19.05, 4.375],
			"rotation": {"angle": -22.5, "axis": "x", "origin": [0.5, 10.175, 0.5]},
			"faces": {
				"north": {"uv": [0, 0, 1, 1], "texture": "#orange_concrete"},
				"east": {"uv": [0, 0, 1, 1], "texture": "#orange_concrete"},
				"south": {"uv": [0, 0, 1, 1], "texture": "#orange_concrete"},
				"west": {"uv": [0, 0, 1, 1], "texture": "#orange_concrete"},
				"up": {"uv": [0, 0, 1, 1], "texture": "#orange_concrete"},
				"down": {"uv": [0, 0, 1, 1], "texture": "#orange_concrete"}
			}
		},
		{
			"from": [1, 19.05, 3.65],
			"to": [2, 20.4, 4.65],
			"rotation": {"angle": -22.5, "axis": "x", "origin": [0.5, 10.175, 0.5]},
			"faces": {
				"north": {"uv": [0, 0, 1, 1.35], "texture": "#orange_concrete"},
				"east": {"uv": [0, 0, 1, 1.35], "texture": "#orange_concrete"},
				"south": {"uv": [0, 0, 1, 1.35], "texture": "#orange_concrete"},
				"west": {"uv": [0, 0, 1, 1.35], "texture": "#orange_concrete"},
				"up": {"uv": [0, 0, 1, 1], "texture": "#orange_concrete"},
				"down": {"uv": [0, 0, 1, 1], "texture": "#orange_concrete"}
			}
		},
		{
			"from": [-0.025, 19.9, 3.825],
			"to": [0.975, 21.25, 4.825],
			"rotation": {"angle": -22.5, "axis": "x", "origin": [0.5, 10.175, 0.5]},
			"faces": {
				"north": {"uv": [0, 0, 1, 1.35], "texture": "#orange_concrete"},
				"east": {"uv": [0, 0, 1, 1.35], "texture": "#orange_concrete"},
				"south": {"uv": [0, 0, 1, 1.35], "texture": "#orange_concrete"},
				"west": {"uv": [0, 0, 1, 1.35], "texture": "#orange_concrete"},
				"up": {"uv": [0, 0, 1, 1], "texture": "#orange_concrete"},
				"down": {"uv": [0, 0, 1, 1], "texture": "#orange_concrete"}
			}
		},
		{
			"from": [1.00744, 13.04113, 0.37694],
			"to": [2.00744, 14.39113, 1.37694],
			"rotation": {"angle": 0, "axis": "z", "origin": [0.39122, 17.38921, 0.33835]},
			"faces": {
				"north": {"uv": [0, 0, 1, 1.35], "rotation": 180, "texture": "#orange_concrete"},
				"east": {"uv": [0, 0, 1, 1.35], "rotation": 180, "texture": "#orange_concrete"},
				"south": {"uv": [0, 0, 1, 1.35], "rotation": 180, "texture": "#orange_concrete"},
				"west": {"uv": [0, 0, 1, 1.35], "rotation": 180, "texture": "#orange_concrete"},
				"up": {"uv": [0, 0, 1, 1], "rotation": 180, "texture": "#orange_concrete"},
				"down": {"uv": [0, 0, 1, 1], "rotation": 180, "texture": "#orange_concrete"}
			}
		},
		{
			"from": [-2.82345, 22.96049, -0.12102],
			"to": [-1.82345, 24.31049, 0.87898],
			"rotation": {"angle": -22.5, "axis": "z", "origin": [0.39122, 17.38921, 0.33835]},
			"faces": {
				"north": {"uv": [0, 0, 1, 1.35], "rotation": 180, "texture": "#orange_concrete"},
				"east": {"uv": [0, 0, 1, 1.35], "rotation": 180, "texture": "#orange_concrete"},
				"south": {"uv": [0, 0, 1, 1.35], "rotation": 180, "texture": "#orange_concrete"},
				"west": {"uv": [0, 0, 1, 1.35], "rotation": 180, "texture": "#orange_concrete"},
				"up": {"uv": [0, 0, 1, 1], "rotation": 180, "texture": "#orange_concrete"},
				"down": {"uv": [0, 0, 1, 1], "rotation": 180, "texture": "#orange_concrete"}
			}
		},
		{
			"from": [-3.76961, 20.09165, -0.12102],
			"to": [-2.76961, 21.44165, 0.87898],
			"rotation": {"angle": -45, "axis": "z", "origin": [0.39122, 17.38921, 0.33835]},
			"faces": {
				"north": {"uv": [0, 0, 1, 1.35], "rotation": 180, "texture": "#orange_concrete"},
				"east": {"uv": [0, 0, 1, 1.35], "rotation": 180, "texture": "#orange_concrete"},
				"south": {"uv": [0, 0, 1, 1.35], "rotation": 180, "texture": "#orange_concrete"},
				"west": {"uv": [0, 0, 1, 1.35], "rotation": 180, "texture": "#orange_concrete"},
				"up": {"uv": [0, 0, 1, 1], "rotation": 180, "texture": "#orange_concrete"},
				"down": {"uv": [0, 0, 1, 1], "rotation": 180, "texture": "#orange_concrete"}
			}
		},
		{
			"from": [-2.56961, 19.14165, -0.12102],
			"to": [-1.56961, 20.49165, 0.87898],
			"rotation": {"angle": -45, "axis": "z", "origin": [0.39122, 17.38921, 0.33835]},
			"faces": {
				"north": {"uv": [0, 0, 1, 1.35], "rotation": 180, "texture": "#orange_concrete"},
				"east": {"uv": [0, 0, 1, 1.35], "rotation": 180, "texture": "#orange_concrete"},
				"south": {"uv": [0, 0, 1, 1.35], "rotation": 180, "texture": "#orange_concrete"},
				"west": {"uv": [0, 0, 1, 1.35], "rotation": 180, "texture": "#orange_concrete"},
				"up": {"uv": [0, 0, 1, 1], "rotation": 180, "texture": "#orange_concrete"},
				"down": {"uv": [0, 0, 1, 1], "rotation": 180, "texture": "#orange_concrete"}
			}
		},
		{
			"from": [-0.99845, 18.33549, -0.12102],
			"to": [0.00155, 19.68549, 0.87898],
			"rotation": {"angle": -22.5, "axis": "z", "origin": [0.39122, 17.38921, 0.33835]},
			"faces": {
				"north": {"uv": [0, 0, 1, 1.35], "rotation": 180, "texture": "#orange_concrete"},
				"east": {"uv": [0, 0, 1, 1.35], "rotation": 180, "texture": "#orange_concrete"},
				"south": {"uv": [0, 0, 1, 1.35], "rotation": 180, "texture": "#orange_concrete"},
				"west": {"uv": [0, 0, 1, 1.35], "rotation": 180, "texture": "#orange_concrete"},
				"up": {"uv": [0, 0, 1, 1], "rotation": 180, "texture": "#orange_concrete"},
				"down": {"uv": [0, 0, 1, 1], "rotation": 180, "texture": "#orange_concrete"}
			}
		},
		{
			"from": [-0.29845, 16.73549, -0.12102],
			"to": [0.70155, 18.08549, 0.87898],
			"rotation": {"angle": -22.5, "axis": "z", "origin": [0.39122, 17.38921, 0.33835]},
			"faces": {
				"north": {"uv": [0, 0, 1, 1.35], "rotation": 180, "texture": "#orange_concrete"},
				"east": {"uv": [0, 0, 1, 1.35], "rotation": 180, "texture": "#orange_concrete"},
				"south": {"uv": [0, 0, 1, 1.35], "rotation": 180, "texture": "#orange_concrete"},
				"west": {"uv": [0, 0, 1, 1.35], "rotation": 180, "texture": "#orange_concrete"},
				"up": {"uv": [0, 0, 1, 1], "rotation": 180, "texture": "#orange_concrete"},
				"down": {"uv": [0, 0, 1, 1], "rotation": 180, "texture": "#orange_concrete"}
			}
		},
		{
			"from": [1.77655, 11.68549, -0.12102],
			"to": [2.77655, 13.03549, 0.87898],
			"rotation": {"angle": -22.5, "axis": "z", "origin": [0.39122, 17.38921, 0.33835]},
			"faces": {
				"north": {"uv": [0, 0, 1, 1.35], "rotation": 180, "texture": "#orange_concrete"},
				"east": {"uv": [0, 0, 1, 1.35], "rotation": 180, "texture": "#orange_concrete"},
				"south": {"uv": [0, 0, 1, 1.35], "rotation": 180, "texture": "#orange_concrete"},
				"west": {"uv": [0, 0, 1, 1.35], "rotation": 180, "texture": "#orange_concrete"},
				"up": {"uv": [0, 0, 1, 1], "rotation": 180, "texture": "#orange_concrete"},
				"down": {"uv": [0, 0, 1, 1], "rotation": 180, "texture": "#orange_concrete"}
			}
		},
		{
			"from": [2.72655, 9.28549, -0.12102],
			"to": [3.72655, 10.63549, 0.87898],
			"rotation": {"angle": -22.5, "axis": "z", "origin": [0.39122, 17.38921, 0.33835]},
			"faces": {
				"north": {"uv": [0, 0, 1, 1.35], "rotation": 180, "texture": "#orange_concrete"},
				"east": {"uv": [0, 0, 1, 1.35], "rotation": 180, "texture": "#orange_concrete"},
				"south": {"uv": [0, 0, 1, 1.35], "rotation": 180, "texture": "#orange_concrete"},
				"west": {"uv": [0, 0, 1, 1.35], "rotation": 180, "texture": "#orange_concrete"},
				"up": {"uv": [0, 0, 1, 1], "rotation": 180, "texture": "#orange_concrete"},
				"down": {"uv": [0, 0, 1, 1], "rotation": 180, "texture": "#orange_concrete"}
			}
		},
		{
			"from": [0, 22.1, 5.2],
			"to": [1, 24.1, 6.2],
			"rotation": {"angle": -22.5, "axis": "x", "origin": [0.5, 10.175, 0.5]},
			"faces": {
				"north": {"uv": [0, 0, 1, 2], "texture": "#orange_concrete"},
				"east": {"uv": [0, 0, 1, 2], "texture": "#orange_concrete"},
				"south": {"uv": [0, 0, 1, 2], "texture": "#orange_concrete"},
				"west": {"uv": [0, 0, 1, 2], "texture": "#orange_concrete"},
				"up": {"uv": [0, 0, 1, 1], "texture": "#orange_concrete"},
				"down": {"uv": [0, 0, 1, 1], "texture": "#orange_concrete"}
			}
		},
		{
			"from": [1, 23.1, 5.475],
			"to": [2, 24.45, 6.475],
			"rotation": {"angle": -22.5, "axis": "x", "origin": [0.5, 10.175, 0.5]},
			"faces": {
				"north": {"uv": [0, 0, 1, 1.35], "texture": "#orange_concrete"},
				"east": {"uv": [0, 0, 1, 1.35], "texture": "#orange_concrete"},
				"south": {"uv": [0, 0, 1, 1.35], "texture": "#orange_concrete"},
				"west": {"uv": [0, 0, 1, 1.35], "texture": "#orange_concrete"},
				"up": {"uv": [0, 0, 1, 1], "texture": "#orange_concrete"},
				"down": {"uv": [0, 0, 1, 1], "texture": "#orange_concrete"}
			}
		},
		{
			"from": [1, 22.07072, 0.35584],
			"to": [2, 23.42072, 1.35584],
			"rotation": {"angle": 22.5, "axis": "x", "origin": [1, 22.15822, 0.71834]},
			"faces": {
				"north": {"uv": [0, 0, 1, 1.35], "texture": "#orange_concrete"},
				"east": {"uv": [0, 0, 1, 1.35], "texture": "#orange_concrete"},
				"south": {"uv": [0, 0, 1, 1.35], "texture": "#orange_concrete"},
				"west": {"uv": [0, 0, 1, 1.35], "texture": "#orange_concrete"},
				"up": {"uv": [0, 0, 1, 1], "texture": "#orange_concrete"},
				"down": {"uv": [0, 0, 1, 1], "texture": "#orange_concrete"}
			}
		},
		{
			"from": [0, 21.07072, 0.43084],
			"to": [1, 23.07072, 1.43084],
			"rotation": {"angle": 22.5, "axis": "x", "origin": [1, 22.15822, 0.71834]},
			"faces": {
				"north": {"uv": [0, 0, 1, 2], "texture": "#orange_concrete"},
				"east": {"uv": [0, 0, 1, 2], "texture": "#orange_concrete"},
				"south": {"uv": [0, 0, 1, 2], "texture": "#orange_concrete"},
				"west": {"uv": [0, 0, 1, 2], "texture": "#orange_concrete"},
				"up": {"uv": [0, 0, 1, 1], "texture": "#orange_concrete"},
				"down": {"uv": [0, 0, 1, 1], "texture": "#orange_concrete"}
			}
		},
		{
			"from": [0, 18.92072, 1.28084],
			"to": [1, 20.92072, 2.28084],
			"rotation": {"angle": 22.5, "axis": "x", "origin": [1, 22.15822, 0.71834]},
			"faces": {
				"north": {"uv": [3, 0, 4, 2], "texture": "#orange_concrete"},
				"east": {"uv": [2, 4, 3, 6], "texture": "#orange_concrete"},
				"south": {"uv": [2, 2, 3, 4], "texture": "#orange_concrete"},
				"west": {"uv": [3, 2, 4, 4], "texture": "#orange_concrete"},
				"up": {"uv": [2, 0, 3, 1], "texture": "#orange_concrete"},
				"down": {"uv": [2, 1, 3, 2], "texture": "#orange_concrete"}
			}
		},
		{
			"from": [0, 23.49572, -0.69416],
			"to": [1, 24.49572, 0.30584],
			"rotation": {"angle": 22.5, "axis": "x", "origin": [1, 22.15822, 0.71834]},
			"faces": {
				"north": {"uv": [0, 0, 1, 1], "texture": "#orange_concrete"},
				"east": {"uv": [0, 0, 1, 1], "texture": "#orange_concrete"},
				"south": {"uv": [0, 0, 1, 1], "texture": "#orange_concrete"},
				"west": {"uv": [0, 0, 1, 1], "texture": "#orange_concrete"},
				"up": {"uv": [0, 0, 1, 1], "texture": "#orange_concrete"},
				"down": {"uv": [0, 0, 1, 1], "texture": "#orange_concrete"}
			}
		},
		{
			"from": [1, 24.49572, -0.76916],
			"to": [2, 25.84572, 0.23084],
			"rotation": {"angle": 22.5, "axis": "x", "origin": [1, 22.15822, 0.71834]},
			"faces": {
				"north": {"uv": [0, 0, 1, 1.35], "texture": "#orange_concrete"},
				"east": {"uv": [0, 0, 1, 1.35], "texture": "#orange_concrete"},
				"south": {"uv": [0, 0, 1, 1.35], "texture": "#orange_concrete"},
				"west": {"uv": [0, 0, 1, 1.35], "texture": "#orange_concrete"},
				"up": {"uv": [0, 0, 1, 1], "texture": "#orange_concrete"},
				"down": {"uv": [0, 0, 1, 1], "texture": "#orange_concrete"}
			}
		},
		{
			"from": [0, 17.67072, 1.73084],
			"to": [1, 19.67072, 2.73084],
			"rotation": {"angle": 22.5, "axis": "x", "origin": [1, 22.15822, 0.71834]},
			"faces": {
				"north": {"uv": [0, 0, 1, 2], "texture": "#orange_concrete"},
				"east": {"uv": [0, 0, 1, 2], "texture": "#orange_concrete"},
				"south": {"uv": [0, 0, 1, 2], "texture": "#orange_concrete"},
				"west": {"uv": [0, 0, 1, 2], "texture": "#orange_concrete"},
				"up": {"uv": [0, 0, 1, 1], "texture": "#orange_concrete"},
				"down": {"uv": [0, 0, 1, 1], "texture": "#orange_concrete"}
			}
		},
		{
			"from": [1, 18.67072, 1.65584],
			"to": [2, 20.02072, 2.65584],
			"rotation": {"angle": 22.5, "axis": "x", "origin": [1, 22.15822, 0.71834]},
			"faces": {
				"north": {"uv": [0, 0, 1, 1.35], "texture": "#orange_concrete"},
				"east": {"uv": [0, 0, 1, 1.35], "texture": "#orange_concrete"},
				"south": {"uv": [0, 0, 1, 1.35], "texture": "#orange_concrete"},
				"west": {"uv": [0, 0, 1, 1.35], "texture": "#orange_concrete"},
				"up": {"uv": [0, 0, 1, 1], "texture": "#orange_concrete"},
				"down": {"uv": [0, 0, 1, 1], "texture": "#orange_concrete"}
			}
		},
		{
			"from": [1, 19.57072, 1.18084],
			"to": [2, 20.92072, 2.18084],
			"rotation": {"angle": 22.5, "axis": "x", "origin": [1, 22.15822, 0.71834]},
			"faces": {
				"north": {"uv": [2, 11, 3, 12.35], "texture": "#orange_concrete"},
				"east": {"uv": [2, 0, 3, 1.35], "texture": "#orange_concrete"},
				"south": {"uv": [2, 9, 3, 10.35], "texture": "#orange_concrete"},
				"west": {"uv": [2, 7, 3, 8.35], "texture": "#orange_concrete"},
				"up": {"uv": [2, 5, 3, 6], "texture": "#orange_concrete"},
				"down": {"uv": [2, 3, 3, 4], "texture": "#orange_concrete"}
			}
		},
		{
			"from": [1, 23.49572, -0.36916],
			"to": [2, 24.84572, 0.63084],
			"rotation": {"angle": 22.5, "axis": "x", "origin": [1, 22.15822, 0.71834]},
			"faces": {
				"north": {"uv": [2, 11, 3, 12.35], "texture": "#orange_concrete"},
				"east": {"uv": [2, 0, 3, 1.35], "texture": "#orange_concrete"},
				"south": {"uv": [2, 9, 3, 10.35], "texture": "#orange_concrete"},
				"west": {"uv": [2, 7, 3, 8.35], "texture": "#orange_concrete"},
				"up": {"uv": [2, 5, 3, 6], "texture": "#orange_concrete"},
				"down": {"uv": [2, 3, 3, 4], "texture": "#orange_concrete"}
			}
		},
		{
			"from": [1, 14.74572, 2.58084],
			"to": [2, 16.09572, 3.58084],
			"rotation": {"angle": 22.5, "axis": "x", "origin": [1, 22.15822, 0.71834]},
			"faces": {
				"north": {"uv": [2, 11, 3, 12.35], "texture": "#orange_concrete"},
				"east": {"uv": [2, 0, 3, 1.35], "texture": "#orange_concrete"},
				"south": {"uv": [2, 9, 3, 10.35], "texture": "#orange_concrete"},
				"west": {"uv": [2, 7, 3, 8.35], "texture": "#orange_concrete"},
				"up": {"uv": [2, 5, 3, 6], "texture": "#orange_concrete"},
				"down": {"uv": [2, 3, 3, 4], "texture": "#orange_concrete"}
			}
		},
		{
			"from": [0, 16.89572, 2.08084],
			"to": [1, 18.24572, 3.08084],
			"rotation": {"angle": 22.5, "axis": "x", "origin": [1, 22.15822, 0.71834]},
			"faces": {
				"north": {"uv": [2, 11, 3, 12.35], "texture": "#orange_concrete"},
				"east": {"uv": [2, 0, 3, 1.35], "texture": "#orange_concrete"},
				"south": {"uv": [2, 9, 3, 10.35], "texture": "#orange_concrete"},
				"west": {"uv": [2, 7, 3, 8.35], "texture": "#orange_concrete"},
				"up": {"uv": [2, 5, 3, 6], "texture": "#orange_concrete"},
				"down": {"uv": [2, 3, 3, 4], "texture": "#orange_concrete"}
			}
		},
		{
			"from": [0, 23.97072, -0.84416],
			"to": [1, 25.32072, 0.15584],
			"rotation": {"angle": 22.5, "axis": "x", "origin": [1, 22.15822, 0.71834]},
			"faces": {
				"north": {"uv": [2, 11, 3, 12.35], "texture": "#orange_concrete"},
				"east": {"uv": [2, 0, 3, 1.35], "texture": "#orange_concrete"},
				"south": {"uv": [2, 9, 3, 10.35], "texture": "#orange_concrete"},
				"west": {"uv": [2, 7, 3, 8.35], "texture": "#orange_concrete"},
				"up": {"uv": [2, 5, 3, 6], "texture": "#orange_concrete"},
				"down": {"uv": [2, 3, 3, 4], "texture": "#orange_concrete"}
			}
		},
		{
			"from": [0, 23.97072, -0.84416],
			"to": [1, 25.32072, 0.15584],
			"rotation": {"angle": 22.5, "axis": "x", "origin": [1, 22.15822, 0.71834]},
			"faces": {
				"north": {"uv": [2, 11, 3, 12.35], "texture": "#orange_concrete"},
				"east": {"uv": [2, 0, 3, 1.35], "texture": "#orange_concrete"},
				"south": {"uv": [2, 9, 3, 10.35], "texture": "#orange_concrete"},
				"west": {"uv": [2, 7, 3, 8.35], "texture": "#orange_concrete"},
				"up": {"uv": [2, 5, 3, 6], "texture": "#orange_concrete"},
				"down": {"uv": [2, 3, 3, 4], "texture": "#orange_concrete"}
			}
		},
		{
			"from": [0, 13.12072, 3.55584],
			"to": [1, 15.12072, 4.55584],
			"rotation": {"angle": 22.5, "axis": "x", "origin": [1, 22.15822, 0.71834]},
			"faces": {
				"north": {"uv": [0, 0, 1, 2], "texture": "#orange_concrete"},
				"east": {"uv": [0, 0, 1, 2], "texture": "#orange_concrete"},
				"south": {"uv": [0, 0, 1, 2], "texture": "#orange_concrete"},
				"west": {"uv": [0, 0, 1, 2], "texture": "#orange_concrete"},
				"up": {"uv": [0, 0, 1, 1], "texture": "#orange_concrete"},
				"down": {"uv": [0, 0, 1, 1], "texture": "#orange_concrete"}
			}
		},
		{
			"from": [1, 14.12072, 3.48084],
			"to": [2, 15.47072, 4.48084],
			"rotation": {"angle": 22.5, "axis": "x", "origin": [1, 22.15822, 0.71834]},
			"faces": {
				"north": {"uv": [0, 0, 1, 1.35], "texture": "#orange_concrete"},
				"east": {"uv": [0, 0, 1, 1.35], "texture": "#orange_concrete"},
				"south": {"uv": [0, 0, 1, 1.35], "texture": "#orange_concrete"},
				"west": {"uv": [0, 0, 1, 1.35], "texture": "#orange_concrete"},
				"up": {"uv": [0, 0, 1, 1], "texture": "#orange_concrete"},
				"down": {"uv": [0, 0, 1, 1], "texture": "#orange_concrete"}
			}
		},
		{
			"from": [0, 10.89572, 4.50584],
			"to": [1, 12.74572, 5.50584],
			"rotation": {"angle": 22.5, "axis": "x", "origin": [1, 22.15822, 0.71834]},
			"faces": {
				"north": {"uv": [0, 0, 1, 1.85], "texture": "#orange_concrete"},
				"east": {"uv": [0, 0, 1, 1.85], "texture": "#orange_concrete"},
				"south": {"uv": [0, 0, 1, 1.85], "texture": "#orange_concrete"},
				"west": {"uv": [0, 0, 1, 1.85], "texture": "#orange_concrete"},
				"up": {"uv": [0, 0, 1, 1], "texture": "#orange_concrete"},
				"down": {"uv": [0, 0, 1, 1], "texture": "#orange_concrete"}
			}
		},
		{
			"from": [1, 11.89572, 4.43084],
			"to": [2, 13.24572, 5.43084],
			"rotation": {"angle": 22.5, "axis": "x", "origin": [1, 22.15822, 0.71834]},
			"faces": {
				"north": {"uv": [0, 0, 1, 1.35], "texture": "#orange_concrete"},
				"east": {"uv": [0, 0, 1, 1.35], "texture": "#orange_concrete"},
				"south": {"uv": [0, 0, 1, 1.35], "texture": "#orange_concrete"},
				"west": {"uv": [0, 0, 1, 1.35], "texture": "#orange_concrete"},
				"up": {"uv": [0, 0, 1, 1], "texture": "#orange_concrete"},
				"down": {"uv": [0, 0, 1, 1], "texture": "#orange_concrete"}
			}
		},
		{
			"from": [0, 23.725, 6.275],
			"to": [1, 26.725, 7.275],
			"rotation": {"angle": -22.5, "axis": "x", "origin": [0.5, 10.175, 0.5]},
			"faces": {
				"north": {"uv": [0, 0, 1, 3], "texture": "#orange_concrete"},
				"east": {"uv": [0, 0, 1, 3], "texture": "#orange_concrete"},
				"south": {"uv": [0, 0, 1, 3], "texture": "#orange_concrete"},
				"west": {"uv": [0, 0, 1, 3], "texture": "#orange_concrete"},
				"up": {"uv": [0, 0, 1, 1], "texture": "#orange_concrete"},
				"down": {"uv": [0, 0, 1, 1], "texture": "#orange_concrete"}
			}
		},
		{
			"from": [1, 25.725, 6.55],
			"to": [2, 27.075, 7.55],
			"rotation": {"angle": -22.5, "axis": "x", "origin": [0.5, 10.175, 0.5]},
			"faces": {
				"north": {"uv": [0, 0, 1, 1.35], "texture": "#orange_concrete"},
				"east": {"uv": [0, 0, 1, 1.35], "texture": "#orange_concrete"},
				"south": {"uv": [0, 0, 1, 1.35], "texture": "#orange_concrete"},
				"west": {"uv": [0, 0, 1, 1.35], "texture": "#orange_concrete"},
				"up": {"uv": [0, 0, 1, 1], "texture": "#orange_concrete"},
				"down": {"uv": [0, 0, 1, 1], "texture": "#orange_concrete"}
			}
		},
		{
			"name": "transparent",
			"from": [0, 0.425, 0],
			"to": [2, 26.6, 1],
			"rotation": {"angle": 0, "axis": "y", "origin": [0, -3.75, 0]},
			"faces": {
				"north": {"uv": [0, 0, 2, 16], "texture": "#orange_concrete"},
				"east": {"uv": [0, 0, 1, 16], "texture": "#orange_concrete"},
				"south": {"uv": [0, 0, 2, 16], "texture": "#orange_concrete"},
				"west": {"uv": [0, 0, 1, 16], "texture": "#orange_concrete"},
				"up": {"uv": [0, 0, 2, 1], "texture": "#orange_concrete"},
				"down": {"uv": [0, 0, 2, 1], "texture": "#orange_concrete"}
			}
		},
		{
			"name": "White",
			"from": [8.603, -12, -2.04],
			"to": [9.063, -11, -1.735],
			"rotation": {"angle": 45, "axis": "y", "origin": [8, -4.5, 8]},
			"faces": {
				"north": {"uv": [0, 0, 0.41, 11], "texture": "#white_concrete"},
				"east": {"uv": [0, 0, 0.28, 11], "texture": "#white_concrete"},
				"south": {"uv": [0, 0, 0.41, 11], "texture": "#white_concrete"},
				"west": {"uv": [0, 0, 0.28, 11], "texture": "#white_concrete"},
				"up": {"uv": [0, 0, 0.41, 0.28], "texture": "#white_concrete"},
				"down": {"uv": [0, 0, 0.41, 0.28], "texture": "#white_concrete"}
			}
		},
		{
			"from": [0.475, -12, 0.165],
			"to": [1.65, -11, 1.135],
			"faces": {
				"north": {"uv": [0, 0, 1.175, 1], "texture": "#white_concrete"},
				"east": {"uv": [0, 0, 0.97, 1], "texture": "#white_concrete"},
				"south": {"uv": [0, 0, 1.175, 1], "texture": "#white_concrete"},
				"west": {"uv": [0, 0, 0.97, 1], "texture": "#white_concrete"},
				"up": {"uv": [0, 0, 1.175, 0.97], "texture": "#white_concrete"},
				"down": {"uv": [0, 0, 1.175, 0.97], "texture": "#white_concrete"}
			}
		},
		{
			"name": "White",
			"from": [-2.86, -12, 7.78],
			"to": [-2.06, -11, 8.06],
			"rotation": {"angle": -45, "axis": "y", "origin": [8, -4.5, 8]},
			"faces": {
				"north": {"uv": [0, 0, 0.8, 11], "texture": "#white_concrete"},
				"east": {"uv": [0, 0, 0.28, 11], "texture": "#white_concrete"},
				"south": {"uv": [0, 0, 0.8, 11], "texture": "#white_concrete"},
				"west": {"uv": [0, 0, 0.28, 11], "texture": "#white_concrete"},
				"up": {"uv": [0, 0, 0.8, 0.28], "texture": "#white_concrete"},
				"down": {"uv": [0, 0, 0.8, 0.28], "texture": "#white_concrete"}
			}
		},
		{
			"from": [0.275, -12, 0.365],
			"to": [1.875, -11, 0.935],
			"faces": {
				"north": {"uv": [0, 0, 1.6, 1], "texture": "#white_concrete"},
				"east": {"uv": [0, 0, 0.57, 1], "texture": "#white_concrete"},
				"south": {"uv": [0, 0, 1.6, 1], "texture": "#white_concrete"},
				"west": {"uv": [0, 0, 0.57, 1], "texture": "#white_concrete"},
				"up": {"uv": [0, 0, 1.6, 0.57], "texture": "#white_concrete"},
				"down": {"uv": [0, 0, 1.6, 0.57], "texture": "#white_concrete"}
			}
		},
		{
			"name": "White",
			"from": [7.53, -12, -2.46],
			"to": [8.33, -11, -2.18],
			"rotation": {"angle": 45, "axis": "y", "origin": [8, -4.5, 8]},
			"faces": {
				"north": {"uv": [0, 0, 0.8, 11], "texture": "#white_concrete"},
				"east": {"uv": [0, 0, 0.28, 11], "texture": "#white_concrete"},
				"south": {"uv": [0, 0, 0.8, 11], "texture": "#white_concrete"},
				"west": {"uv": [0, 0, 0.28, 11], "texture": "#white_concrete"},
				"up": {"uv": [0, 0, 0.8, 0.28], "texture": "#white_concrete"},
				"down": {"uv": [0, 0, 0.8, 0.28], "texture": "#white_concrete"}
			}
		},
		{
			"name": "White",
			"from": [1.08805, -12, 0.54852],
			"to": [1.91305, -11, 0.85352],
			"rotation": {"angle": -45, "axis": "y", "origin": [1.43805, -6, 0.68852]},
			"faces": {
				"north": {"uv": [0, 0, 0.8, 11], "texture": "#white_concrete"},
				"east": {"uv": [0, 0, 0.28, 11], "texture": "#white_concrete"},
				"south": {"uv": [0, 0, 0.8, 11], "texture": "#white_concrete"},
				"west": {"uv": [0, 0, 0.28, 11], "texture": "#white_concrete"},
				"up": {"uv": [0, 0, 0.8, 0.28], "texture": "#white_concrete"},
				"down": {"uv": [0, 0, 0.8, 0.28], "texture": "#white_concrete"}
			}
		}
	],
	"display": {
		"thirdperson_righthand": {
			"rotation": [0, 90, 0],
			"translation": [7.8, 9.2, -5],
			"scale": [1.075, 0.975, 1.075]
		},
		"thirdperson_lefthand": {
			"rotation": [0, -90, 0],
			"translation": [-7.5, 8.5, -5.5]
		},
		"firstperson_righthand": {
			"rotation": [0, 108, 0],
			"translation": [0.7, 8.75, -1.5],
			"scale": [0.5, 0.7, 0.5]
		},
		"firstperson_lefthand": {
			"rotation": [0, -85, 0],
			"translation": [-4.5, 8.5, -0.5],
			"scale": [0.5, 0.7, 0.5]
		},
		"ground": {
			"rotation": [-180, 0, 0],
			"translation": [8.5, -1.25, -10],
			"scale": [1.35, 1.35, 1.35]
		},
		"gui": {
			"rotation": [2.39, 7.21, -43.92],
			"translation": [2.75, -3, -0.1],
			"scale": [0.57, 0.57, 0.57]
		},
		"head": {
			"rotation": [0, 180, 0]
		},
		"fixed": {
			"rotation": [-180, 0, 90],
			"translation": [0.5, -28.75, -32],
			"scale": [4, 4, 4]
		}
	},
	"groups": [
		{
			"name": "the nichirin",
			"origin": [8, 8, 8],
			"color": 0,
			"children": [0, 1, 2, 3, 4, 5, 6, 7, 8, 9, 10, 11, 12, 13, 14, 15, 16, 17, 18, 19, 20, 21, 22, 23, 24, 25, 26, 27, 28, 29, 30, 31, 32, 33, 34, 35, 36, 37]
		},
		{
			"name": "fireooo",
			"origin": [8, 8, 8],
			"color": 0,
			"children": [38, 39, 40, 41, 42, 43, 44, 45, 46, 47, 48, 49, 50, 51, 52, 53, 54, 55, 56, 57, 58, 59, 60, 61, 62, 63, 64, 65, 66, 67, 68, 69, 70, 71, 72, 73, 74, 75, 76, 77, 78, 79, 80, 81, 82, 83, 84, 85, 86, 87, 88, 89, 90, 91, 92, 93, 94, 95, 96, 97, 98, 99, 100, 101, 102, 103, 104, 105, 106, 107, 108, 109, 110, 111, 112, 113, 114, 115, 116, 117, 118, 119, 120, 121, 122, 123, 124, 125, 126, 127, 128, 129, 130, 131, 132, 133, 134, 135, 136, 137, 138, 139, 140, 141, 142, 143, 144, 145, 146, 147, 148, 149, 150, 151, 152, 153, 154]
		},
		{
			"name": "botton",
			"origin": [0, -12.5, 0],
			"color": 0,
			"children": [155, 156, 157, 158, 159, 160]
		}
	]
}