{
	"credit": "Made with Blockbench",
	"textures": {
		"3": "blocks/orange_concrete_block",
		"5": "blocks/yellow_concrete",
		"6": "blocks/red_concrete",
		"particle": "blocks/super_light_gray",
		"black_concrete": "blocks/black_concrete",
		"white_concrete": "blocks/white_concrete"
	},
	"elements": [
		{
			"name": "Bellow",
			"from": [0.05, 0, 0],
			"to": [2.05, 1, 1.3],
			"faces": {
				"north": {"uv": [0, 0, 2, 1], "texture": "#3"},
				"east": {"uv": [0, 0, 1.3, 1], "texture": "#3"},
				"south": {"uv": [0, 0, 2, 1], "texture": "#3"},
				"west": {"uv": [0, 0, 1.3, 1], "texture": "#3"},
				"up": {"uv": [0, 0, 2, 1.3], "texture": "#3"},
				"down": {"uv": [0, 0, 2, 1.3], "texture": "#3"}
			}
		},
		{
			"name": "Thing in the blade bellow",
			"from": [0.23, 12.48, 0.49],
			"to": [1.82, 12.98, 0.77],
			"faces": {
				"north": {"uv": [0, 0, 1.59, 0.5], "texture": "#3"},
				"east": {"uv": [0, 0, 0.28, 0.5], "texture": "#3"},
				"south": {"uv": [0, 0, 1.59, 0.5], "texture": "#3"},
				"west": {"uv": [0, 0, 0.28, 0.5], "texture": "#3"},
				"up": {"uv": [0, 0, 1.59, 0.28], "texture": "#3"},
				"down": {"uv": [0, 0, 0, 0], "texture": "#3"}
			}
		},
		{
			"name": "Handle",
			"from": [0.25, 12.88, 0.54],
			"to": [1.4, 29.18, 0.72],
			"faces": {
				"north": {"uv": [7, 0, 8.15, 16], "texture": "#black_concrete"},
				"east": {"uv": [6, 0, 6.18, 16], "texture": "#black_concrete"},
				"south": {"uv": [8, 0, 9.15, 16], "texture": "#black_concrete"},
				"west": {"uv": [4, 0, 4.18, 16], "texture": "#black_concrete"},
				"up": {"uv": [0, 0, 1.15, 0.18], "texture": "#black_concrete"},
				"down": {"uv": [0, 0, 0, 0], "texture": "#black_concrete"}
			}
		},
		{
			"name": "Handle",
			"from": [9.086, 30.09, 0.54],
			"to": [10.009, 30.84, 0.72],
			"rotation": {"angle": 22.5, "axis": "z", "origin": [8, 8, 8]},
			"faces": {
				"north": {"uv": [0, 0, 0.923, 0.75], "texture": "#black_concrete"},
				"east": {"uv": [0, 0, 0.18, 0.75], "texture": "#black_concrete"},
				"south": {"uv": [0, 0, 0.923, 0.75], "texture": "#black_concrete"},
				"west": {"uv": [0, 0, 0.18, 0.75], "texture": "#black_concrete"},
				"up": {"uv": [0, 0, 0.923, 0.18], "texture": "#black_concrete"},
				"down": {"uv": [0, 0, 0.923, 0.18], "texture": "#black_concrete"}
			}
		},
		{
			"name": "Handle",
			"from": [0.25, 29.17, 0.54],
			"to": [1.16, 29.77, 0.72],
			"faces": {
				"north": {"uv": [0, 0, 0.91, 0.6], "texture": "#black_concrete"},
				"east": {"uv": [0, 0, 0.18, 0.6], "texture": "#black_concrete"},
				"south": {"uv": [0, 0, 0.91, 0.6], "texture": "#black_concrete"},
				"west": {"uv": [0, 0, 0.18, 0.6], "texture": "#black_concrete"},
				"up": {"uv": [0, 0, 0.91, 0.18], "texture": "#black_concrete"},
				"down": {"uv": [0, 0, 0, 0], "texture": "#black_concrete"}
			}
		},
		{
			"name": "Handle",
			"from": [18.076, 28.33, 0.54],
			"to": [18.599, 28.97, 0.72],
			"rotation": {"angle": 45, "axis": "z", "origin": [8, 8, 8]},
			"faces": {
				"north": {"uv": [0, 0, 0.523, 0.64], "texture": "#black_concrete"},
				"east": {"uv": [0, 0, 0.18, 0.64], "texture": "#black_concrete"},
				"south": {"uv": [0, 0, 0.523, 0.64], "texture": "#black_concrete"},
				"west": {"uv": [0, 0, 0.18, 0.64], "texture": "#black_concrete"},
				"up": {"uv": [0, 0, 0.523, 0.18], "texture": "#black_concrete"},
				"down": {"uv": [0, 0, 0.523, 0.18], "texture": "#black_concrete"}
			}
		},
		{
			"name": "Handle",
			"from": [0.25, 29.72, 0.54],
			"to": [0.66, 30.32, 0.72],
			"faces": {
				"north": {"uv": [0, 0, 0.41, 0.6], "texture": "#black_concrete"},
				"east": {"uv": [0, 0, 0.18, 0.6], "texture": "#black_concrete"},
				"south": {"uv": [0, 0, 0.41, 0.6], "texture": "#black_concrete"},
				"west": {"uv": [0, 0, 0.18, 0.6], "texture": "#black_concrete"},
				"up": {"uv": [0, 0, 0.41, 0.18], "texture": "#black_concrete"},
				"down": {"uv": [0, 0, 0, 0], "texture": "#black_concrete"}
			}
		},
		{
			"name": "Handle",
			"from": [0.25, 30.317, 0.54],
			"to": [0.51, 30.477, 0.72],
			"faces": {
				"north": {"uv": [0, 0, 0.26, 0.16], "texture": "#black_concrete"},
				"east": {"uv": [0, 0, 0.18, 0.16], "texture": "#black_concrete"},
				"south": {"uv": [0, 0, 0.26, 0.16], "texture": "#black_concrete"},
				"west": {"uv": [0, 0, 0.18, 0.16], "texture": "#black_concrete"},
				"up": {"uv": [0, 0, 0.26, 0.18], "texture": "#black_concrete"},
				"down": {"uv": [0, 0, 0, 0], "texture": "#black_concrete"}
			}
		},
		{
			"name": "Handle",
			"from": [18.43, 28.947, 0.54],
			"to": [18.6, 29.387, 0.72],
			"rotation": {"angle": 45, "axis": "z", "origin": [8, 8, 8]},
			"faces": {
				"north": {"uv": [0, 0, 0.17, 0.44], "texture": "#black_concrete"},
				"east": {"uv": [0, 0, 0.18, 0.44], "texture": "#black_concrete"},
				"south": {"uv": [0, 0, 0.17, 0.44], "texture": "#black_concrete"},
				"west": {"uv": [0, 0, 0.18, 0.44], "texture": "#black_concrete"},
				"up": {"uv": [0, 0, 0.17, 0.18], "texture": "#black_concrete"},
				"down": {"uv": [0, 0, 0.17, 0.18], "texture": "#black_concrete"}
			}
		},
		{
			"name": "Handle",
			"from": [0.25, 30.457, 0.54],
			"to": [0.37, 30.617, 0.72],
			"faces": {
				"north": {"uv": [0, 0, 0.12, 0.16], "texture": "#black_concrete"},
				"east": {"uv": [0, 0, 0.18, 0.16], "texture": "#black_concrete"},
				"south": {"uv": [0, 0, 0.12, 0.16], "texture": "#black_concrete"},
				"west": {"uv": [0, 0, 0.18, 0.16], "texture": "#black_concrete"},
				"up": {"uv": [0, 0, 0.12, 0.18], "texture": "#black_concrete"},
				"down": {"uv": [0, 0, 0, 0], "texture": "#black_concrete"}
			}
		},
		{
			"name": "Handle",
			"from": [0.248, 30.492, 0.525],
			"to": [0.558, 30.817, 0.735],
			"faces": {
				"north": {"uv": [0, 0, 0.26, 0.2], "texture": "#6"},
				"east": {"uv": [0, 0, 0.16, 0.2], "texture": "#6"},
				"south": {"uv": [0, 0, 0.26, 0.2], "texture": "#6"},
				"west": {"uv": [0, 0, 0.16, 0.2], "texture": "#6"},
				"up": {"uv": [0, 0, 0.26, 0.16], "texture": "#6"},
				"down": {"uv": [0, 0, 0.26, 0.16], "texture": "#6"}
			}
		},
		{
			"name": "Handle",
			"from": [1.175, 12.88, 0.525],
			"to": [1.67, 29.18, 0.735],
			"faces": {
				"north": {"uv": [0, 0, 0.27, 16], "texture": "#6"},
				"east": {"uv": [0, 0, 0.16, 16], "texture": "#6"},
				"south": {"uv": [0, 0, 0.27, 16], "texture": "#6"},
				"west": {"uv": [0, 0, 0, 0], "texture": "#6"},
				"up": {"uv": [0, 0, 0.27, 0.16], "texture": "#6"},
				"down": {"uv": [0, 0, 0, 0], "texture": "#6"}
			}
		},
		{
			"name": "Handle",
			"from": [1.025, 13.255, 0.525],
			"to": [1.47, 13.855, 0.735],
			"faces": {
				"north": {"uv": [0, 0, 0.27, 16], "texture": "#6"},
				"east": {"uv": [0, 0, 0.16, 16], "texture": "#6"},
				"south": {"uv": [0, 0, 0.27, 16], "texture": "#6"},
				"west": {"uv": [0, 0, 0, 0], "texture": "#6"},
				"up": {"uv": [0, 0, 0.27, 0.16], "texture": "#6"},
				"down": {"uv": [0, 0, 0, 0], "texture": "#6"}
			}
		},
		{
			"name": "Handle",
			"from": [1.025, 14.255, 0.525],
			"to": [1.47, 14.855, 0.735],
			"faces": {
				"north": {"uv": [0, 0, 0.27, 16], "texture": "#6"},
				"east": {"uv": [0, 0, 0.16, 16], "texture": "#6"},
				"south": {"uv": [0, 0, 0.27, 16], "texture": "#6"},
				"west": {"uv": [0, 0, 0, 0], "texture": "#6"},
				"up": {"uv": [0, 0, 0.27, 0.16], "texture": "#6"},
				"down": {"uv": [0, 0, 0, 0], "texture": "#6"}
			}
		},
		{
			"name": "Handle",
			"from": [1.025, 16.13, 0.525],
			"to": [1.47, 16.73, 0.735],
			"faces": {
				"north": {"uv": [0, 0, 0.27, 16], "texture": "#6"},
				"east": {"uv": [0, 0, 0.16, 16], "texture": "#6"},
				"south": {"uv": [0, 0, 0.27, 16], "texture": "#6"},
				"west": {"uv": [0, 0, 0, 0], "texture": "#6"},
				"up": {"uv": [0, 0, 0.27, 0.16], "texture": "#6"},
				"down": {"uv": [0, 0, 0, 0], "texture": "#6"}
			}
		},
		{
			"name": "Handle",
			"from": [1.025, 18.63, 0.525],
			"to": [1.47, 19.23, 0.735],
			"faces": {
				"north": {"uv": [0, 0, 0.27, 16], "texture": "#6"},
				"east": {"uv": [0, 0, 0.16, 16], "texture": "#6"},
				"south": {"uv": [0, 0, 0.27, 16], "texture": "#6"},
				"west": {"uv": [0, 0, 0, 0], "texture": "#6"},
				"up": {"uv": [0, 0, 0.27, 0.16], "texture": "#6"},
				"down": {"uv": [0, 0, 0, 0], "texture": "#6"}
			}
		},
		{
			"name": "Handle",
			"from": [1.025, 21.505, 0.525],
			"to": [1.47, 22.105, 0.735],
			"faces": {
				"north": {"uv": [0, 0, 0.27, 16], "texture": "#6"},
				"east": {"uv": [0, 0, 0.16, 16], "texture": "#6"},
				"south": {"uv": [0, 0, 0.27, 16], "texture": "#6"},
				"west": {"uv": [0, 0, 0, 0], "texture": "#6"},
				"up": {"uv": [0, 0, 0.27, 0.16], "texture": "#6"},
				"down": {"uv": [0, 0, 0, 0], "texture": "#6"}
			}
		},
		{
			"name": "Handle",
			"from": [1.025, 24.905, 0.525],
			"to": [1.47, 25.505, 0.735],
			"faces": {
				"north": {"uv": [0, 0, 0.27, 16], "texture": "#6"},
				"east": {"uv": [0, 0, 0.16, 16], "texture": "#6"},
				"south": {"uv": [0, 0, 0.27, 16], "texture": "#6"},
				"west": {"uv": [0, 0, 0, 0], "texture": "#6"},
				"up": {"uv": [0, 0, 0.27, 0.16], "texture": "#6"},
				"down": {"uv": [0, 0, 0, 0], "texture": "#6"}
			}
		},
		{
			"name": "Handle",
			"from": [1.025, 27.83, 0.525],
			"to": [1.47, 28.43, 0.735],
			"faces": {
				"north": {"uv": [0, 0, 0.27, 16], "texture": "#6"},
				"east": {"uv": [0, 0, 0.16, 16], "texture": "#6"},
				"south": {"uv": [0, 0, 0.27, 16], "texture": "#6"},
				"west": {"uv": [0, 0, 0, 0], "texture": "#6"},
				"up": {"uv": [0, 0, 0.27, 0.16], "texture": "#6"},
				"down": {"uv": [0, 0, 0, 0], "texture": "#6"}
			}
		},
		{
			"name": "Handle",
			"from": [1.1, 26.38, 0.525],
			"to": [1.545, 26.98, 0.735],
			"faces": {
				"north": {"uv": [0, 0, 0.27, 16], "texture": "#6"},
				"east": {"uv": [0, 0, 0.16, 16], "texture": "#6"},
				"south": {"uv": [0, 0, 0.27, 16], "texture": "#6"},
				"west": {"uv": [0, 0, 0, 0], "texture": "#6"},
				"up": {"uv": [0, 0, 0.27, 0.16], "texture": "#6"},
				"down": {"uv": [0, 0, 0, 0], "texture": "#6"}
			}
		},
		{
			"name": "Handle",
			"from": [1.1, 23.08, 0.525],
			"to": [1.545, 23.68, 0.735],
			"faces": {
				"north": {"uv": [0, 0, 0.27, 16], "texture": "#6"},
				"east": {"uv": [0, 0, 0.16, 16], "texture": "#6"},
				"south": {"uv": [0, 0, 0.27, 16], "texture": "#6"},
				"west": {"uv": [0, 0, 0, 0], "texture": "#6"},
				"up": {"uv": [0, 0, 0.27, 0.16], "texture": "#6"},
				"down": {"uv": [0, 0, 0, 0], "texture": "#6"}
			}
		},
		{
			"name": "Handle",
			"from": [1.1, 20.605, 0.525],
			"to": [1.545, 21.205, 0.735],
			"faces": {
				"north": {"uv": [0, 0, 0.27, 16], "texture": "#6"},
				"east": {"uv": [0, 0, 0.16, 16], "texture": "#6"},
				"south": {"uv": [0, 0, 0.27, 16], "texture": "#6"},
				"west": {"uv": [0, 0, 0, 0], "texture": "#6"},
				"up": {"uv": [0, 0, 0.27, 0.16], "texture": "#6"},
				"down": {"uv": [0, 0, 0, 0], "texture": "#6"}
			}
		},
		{
			"name": "Handle",
			"from": [1.1, 16.68, 0.525],
			"to": [1.545, 17.28, 0.735],
			"faces": {
				"north": {"uv": [0, 0, 0.27, 16], "texture": "#6"},
				"east": {"uv": [0, 0, 0.16, 16], "texture": "#6"},
				"south": {"uv": [0, 0, 0.27, 16], "texture": "#6"},
				"west": {"uv": [0, 0, 0, 0], "texture": "#6"},
				"up": {"uv": [0, 0, 0.27, 0.16], "texture": "#6"},
				"down": {"uv": [0, 0, 0, 0], "texture": "#6"}
			}
		},
		{
			"name": "Handle",
			"from": [1.1, 15.455, 0.525],
			"to": [1.545, 16.055, 0.735],
			"faces": {
				"north": {"uv": [0, 0, 0.27, 16], "texture": "#6"},
				"east": {"uv": [0, 0, 0.16, 16], "texture": "#6"},
				"south": {"uv": [0, 0, 0.27, 16], "texture": "#6"},
				"west": {"uv": [0, 0, 0, 0], "texture": "#6"},
				"up": {"uv": [0, 0, 0.27, 0.16], "texture": "#6"},
				"down": {"uv": [0, 0, 0, 0], "texture": "#6"}
			}
		},
		{
			"name": "Handle",
			"from": [1.1, 14.055, 0.525],
			"to": [1.545, 14.655, 0.735],
			"faces": {
				"north": {"uv": [0, 0, 0.27, 16], "texture": "#6"},
				"east": {"uv": [0, 0, 0.16, 16], "texture": "#6"},
				"south": {"uv": [0, 0, 0.27, 16], "texture": "#6"},
				"west": {"uv": [0, 0, 0, 0], "texture": "#6"},
				"up": {"uv": [0, 0, 0.27, 0.16], "texture": "#6"},
				"down": {"uv": [0, 0, 0, 0], "texture": "#6"}
			}
		},
		{
			"name": "Handle",
			"from": [1.1, 28.33, 0.525],
			"to": [1.545, 28.93, 0.735],
			"faces": {
				"north": {"uv": [0, 0, 0.27, 16], "texture": "#6"},
				"east": {"uv": [0, 0, 0.16, 16], "texture": "#6"},
				"south": {"uv": [0, 0, 0.27, 16], "texture": "#6"},
				"west": {"uv": [0, 0, 0, 0], "texture": "#6"},
				"up": {"uv": [0, 0, 0.27, 0.16], "texture": "#6"},
				"down": {"uv": [0, 0, 0, 0], "texture": "#6"}
			}
		},
		{
			"name": "Handle",
			"from": [1.15, 23.455, 0.525],
			"to": [1.595, 24.055, 0.735],
			"faces": {
				"north": {"uv": [0, 0, 0.27, 16], "texture": "#6"},
				"east": {"uv": [0, 0, 0.16, 16], "texture": "#6"},
				"south": {"uv": [0, 0, 0.27, 16], "texture": "#6"},
				"west": {"uv": [0, 0, 0, 0], "texture": "#6"},
				"up": {"uv": [0, 0, 0.27, 0.16], "texture": "#6"},
				"down": {"uv": [0, 0, 0, 0], "texture": "#6"}
			}
		},
		{
			"name": "Handle",
			"from": [1.15, 25.78, 0.525],
			"to": [1.595, 26.38, 0.735],
			"faces": {
				"north": {"uv": [0, 0, 0.27, 16], "texture": "#6"},
				"east": {"uv": [0, 0, 0.16, 16], "texture": "#6"},
				"south": {"uv": [0, 0, 0.27, 16], "texture": "#6"},
				"west": {"uv": [0, 0, 0, 0], "texture": "#6"},
				"up": {"uv": [0, 0, 0.27, 0.16], "texture": "#6"},
				"down": {"uv": [0, 0, 0, 0], "texture": "#6"}
			}
		},
		{
			"name": "Handle",
			"from": [1.15, 27.355, 0.525],
			"to": [1.595, 27.955, 0.735],
			"faces": {
				"north": {"uv": [0, 0, 0.27, 16], "texture": "#6"},
				"east": {"uv": [0, 0, 0.16, 16], "texture": "#6"},
				"south": {"uv": [0, 0, 0.27, 16], "texture": "#6"},
				"west": {"uv": [0, 0, 0, 0], "texture": "#6"},
				"up": {"uv": [0, 0, 0.27, 0.16], "texture": "#6"},
				"down": {"uv": [0, 0, 0, 0], "texture": "#6"}
			}
		},
		{
			"name": "Handle",
			"from": [1.15, 18.105, 0.525],
			"to": [1.595, 18.705, 0.735],
			"faces": {
				"north": {"uv": [0, 0, 0.27, 16], "texture": "#6"},
				"east": {"uv": [0, 0, 0.16, 16], "texture": "#6"},
				"south": {"uv": [0, 0, 0.27, 16], "texture": "#6"},
				"west": {"uv": [0, 0, 0, 0], "texture": "#6"},
				"up": {"uv": [0, 0, 0.27, 0.16], "texture": "#6"},
				"down": {"uv": [0, 0, 0, 0], "texture": "#6"}
			}
		},
		{
			"name": "Handle",
			"from": [1.15, 15.705, 0.525],
			"to": [1.595, 16.305, 0.735],
			"faces": {
				"north": {"uv": [0, 0, 0.27, 16], "texture": "#6"},
				"east": {"uv": [0, 0, 0.16, 16], "texture": "#6"},
				"south": {"uv": [0, 0, 0.27, 16], "texture": "#6"},
				"west": {"uv": [0, 0, 0, 0], "texture": "#6"},
				"up": {"uv": [0, 0, 0.27, 0.16], "texture": "#6"},
				"down": {"uv": [0, 0, 0, 0], "texture": "#6"}
			}
		},
		{
			"name": "Handle",
			"from": [1.15, 13.78, 0.525],
			"to": [1.595, 14.38, 0.735],
			"faces": {
				"north": {"uv": [0, 0, 0.27, 16], "texture": "#6"},
				"east": {"uv": [0, 0, 0.16, 16], "texture": "#6"},
				"south": {"uv": [0, 0, 0.27, 16], "texture": "#6"},
				"west": {"uv": [0, 0, 0, 0], "texture": "#6"},
				"up": {"uv": [0, 0, 0.27, 0.16], "texture": "#6"},
				"down": {"uv": [0, 0, 0, 0], "texture": "#6"}
			}
		},
		{
			"name": "Handle",
			"from": [1.125, 24.655, 0.525],
			"to": [1.57, 25.255, 0.735],
			"faces": {
				"north": {"uv": [0, 0, 0.27, 16], "texture": "#6"},
				"east": {"uv": [0, 0, 0.16, 16], "texture": "#6"},
				"south": {"uv": [0, 0, 0.27, 16], "texture": "#6"},
				"west": {"uv": [0, 0, 0, 0], "texture": "#6"},
				"up": {"uv": [0, 0, 0.27, 0.16], "texture": "#6"},
				"down": {"uv": [0, 0, 0, 0], "texture": "#6"}
			}
		},
		{
			"name": "Handle",
			"from": [9.81, 29.99, 0.525],
			"to": [10.26, 30.87, 0.735],
			"rotation": {"angle": 22.5, "axis": "z", "origin": [8, 8, 8]},
			"faces": {
				"north": {"uv": [0, 0, 0.25, 0.88], "texture": "#6"},
				"east": {"uv": [0, 0, 0.16, 0.88], "texture": "#6"},
				"south": {"uv": [0, 0, 0.25, 0.88], "texture": "#6"},
				"west": {"uv": [0, 0, 0.16, 0.88], "texture": "#6"},
				"up": {"uv": [0, 0, 0.25, 0.16], "texture": "#6"},
				"down": {"uv": [0, 0, 0.25, 0.16], "texture": "#6"}
			}
		},
		{
			"name": "Handle",
			"from": [18.423, 28.25, 0.525],
			"to": [18.838, 29.38, 0.735],
			"rotation": {"angle": 45, "axis": "z", "origin": [8, 8, 8]},
			"faces": {
				"north": {"uv": [0, 0, 0.24, 1.18], "texture": "#6"},
				"east": {"uv": [0, 0, 0.16, 1.18], "texture": "#6"},
				"south": {"uv": [0, 0, 0.24, 1.18], "texture": "#6"},
				"west": {"uv": [0, 0, 0.16, 1.18], "texture": "#6"},
				"up": {"uv": [0, 0, 0.24, 0.16], "texture": "#6"},
				"down": {"uv": [0, 0, 0.24, 0.16], "texture": "#6"}
			}
		},
		{
			"name": "Handle",
			"from": [2.27266, 12.275, 0.13198],
			"to": [2.34766, 12.5, 0.54198],
			"rotation": {"angle": 0, "axis": "y", "origin": [2.33516, 12.3875, 0.41198]},
			"faces": {
				"north": {"uv": [0, 0, 0.9, 0.5], "texture": "#3"},
				"east": {"uv": [0, 0, 3.21, 0.5], "texture": "#3"},
				"south": {"uv": [0, 0, 0.9, 0.5], "texture": "#3"},
				"west": {"uv": [0, 0, 3.21, 0.5], "texture": "#3"},
				"up": {"uv": [0, 0, 3.19, 0.9], "rotation": 270, "texture": "#3"},
				"down": {"uv": [0, 0, 3.19, 0.9], "rotation": 90, "texture": "#3"}
			}
		},
		{
			"name": "Handle",
			"from": [2.27266, 12.275, 1.15698],
			"to": [2.34766, 12.5, 1.36698],
			"rotation": {"angle": 0, "axis": "y", "origin": [2.33516, 12.3875, 0.41198]},
			"faces": {
				"north": {"uv": [0, 0, 0.9, 0.5], "texture": "#3"},
				"east": {"uv": [0, 0, 3.21, 0.5], "texture": "#3"},
				"south": {"uv": [0, 0, 0.9, 0.5], "texture": "#3"},
				"west": {"uv": [0, 0, 3.21, 0.5], "texture": "#3"},
				"up": {"uv": [0, 0, 3.19, 0.9], "rotation": 270, "texture": "#3"},
				"down": {"uv": [0, 0, 3.19, 0.9], "rotation": 90, "texture": "#3"}
			}
		},
		{
			"name": "Handle",
			"from": [2.28016, 12.275, 0.49948],
			"to": [2.36516, 12.5, 0.57448],
			"rotation": {"angle": -45, "axis": "y", "origin": [2.31016, 12.3875, 0.53698]},
			"faces": {
				"north": {"uv": [0, 0, 3.21, 0.5], "texture": "#3"},
				"east": {"uv": [0, 0, 0.9, 0.5], "texture": "#3"},
				"south": {"uv": [0, 0, 3.21, 0.5], "texture": "#3"},
				"west": {"uv": [0, 0, 0.9, 0.5], "texture": "#3"},
				"up": {"uv": [0, 0, 3.19, 0.9], "rotation": 180, "texture": "#3"},
				"down": {"uv": [0, 0, 3.19, 0.9], "rotation": 180, "texture": "#3"}
			}
		},
		{
			"name": "Handle",
			"from": [2.3015, 12.275, 0.53331],
			"to": [2.5865, 12.5, 0.60831],
			"rotation": {"angle": 22.5, "axis": "y", "origin": [2.319, 12.3875, 0.54581]},
			"faces": {
				"north": {"uv": [0, 0, 3.21, 0.5], "texture": "#3"},
				"east": {"uv": [0, 0, 0.9, 0.5], "texture": "#3"},
				"south": {"uv": [0, 0, 3.21, 0.5], "texture": "#3"},
				"west": {"uv": [0, 0, 0.9, 0.5], "texture": "#3"},
				"up": {"uv": [0, 0, 3.19, 0.9], "rotation": 180, "texture": "#3"},
				"down": {"uv": [0, 0, 3.19, 0.9], "rotation": 180, "texture": "#3"}
			}
		},
		{
			"name": "Handle",
			"from": [2.27266, 12.275, 1.18198],
			"to": [2.34766, 12.5, 1.36698],
			"rotation": {"angle": 0, "axis": "y", "origin": [2.33516, 12.3875, 0.41198]},
			"faces": {
				"north": {"uv": [0, 0, 0.9, 0.5], "texture": "#3"},
				"east": {"uv": [0, 0, 3.21, 0.5], "texture": "#3"},
				"south": {"uv": [0, 0, 0.9, 0.5], "texture": "#3"},
				"west": {"uv": [0, 0, 3.21, 0.5], "texture": "#3"},
				"up": {"uv": [0, 0, 3.19, 0.9], "rotation": 270, "texture": "#3"},
				"down": {"uv": [0, 0, 3.19, 0.9], "rotation": 90, "texture": "#3"}
			}
		},
		{
			"name": "Handle",
			"from": [2.27266, 12.275, 1.18198],
			"to": [2.34766, 12.5, 1.36698],
			"rotation": {"angle": 0, "axis": "y", "origin": [2.33516, 12.3875, 0.41198]},
			"faces": {
				"north": {"uv": [0, 0, 0.9, 0.5], "texture": "#3"},
				"east": {"uv": [0, 0, 3.21, 0.5], "texture": "#3"},
				"south": {"uv": [0, 0, 0.9, 0.5], "texture": "#3"},
				"west": {"uv": [0, 0, 3.21, 0.5], "texture": "#3"},
				"up": {"uv": [0, 0, 3.19, 0.9], "rotation": 270, "texture": "#3"},
				"down": {"uv": [0, 0, 3.19, 0.9], "rotation": 90, "texture": "#3"}
			}
		},
		{
			"name": "Handle",
			"from": [-0.10234, 12.275, -0.21802],
			"to": [-0.02734, 12.5, 0.09198],
			"rotation": {"angle": 0, "axis": "y", "origin": [2.33516, 12.3875, 0.41198]},
			"faces": {
				"north": {"uv": [0, 0, 0.9, 0.5], "texture": "#3"},
				"east": {"uv": [0, 0, 3.21, 0.5], "texture": "#3"},
				"south": {"uv": [0, 0, 0.9, 0.5], "texture": "#3"},
				"west": {"uv": [0, 0, 3.21, 0.5], "texture": "#3"},
				"up": {"uv": [0, 0, 3.19, 0.9], "rotation": 270, "texture": "#3"},
				"down": {"uv": [0, 0, 3.19, 0.9], "rotation": 90, "texture": "#3"}
			}
		},
		{
			"name": "Handle",
			"from": [-0.34484, 12.275, 0.04948],
			"to": [-0.03484, 12.5, 0.12448],
			"rotation": {"angle": 22.5, "axis": "y", "origin": [-0.18984, 12.3875, 0.06198]},
			"faces": {
				"north": {"uv": [0, 0, 3.21, 0.5], "texture": "#3"},
				"east": {"uv": [0, 0, 0.9, 0.5], "texture": "#3"},
				"south": {"uv": [0, 0, 3.21, 0.5], "texture": "#3"},
				"west": {"uv": [0, 0, 0.9, 0.5], "texture": "#3"},
				"up": {"uv": [0, 0, 3.19, 0.9], "rotation": 180, "texture": "#3"},
				"down": {"uv": [0, 0, 3.19, 0.9], "rotation": 180, "texture": "#3"}
			}
		},
		{
			"name": "Handle",
			"from": [-0.51434, 12.275, 0.20281],
			"to": [-0.27934, 12.5, 0.27781],
			"rotation": {"angle": 45, "axis": "y", "origin": [-0.43434, 12.3875, 0.19031]},
			"faces": {
				"north": {"uv": [0, 0, 3.21, 0.5], "texture": "#3"},
				"east": {"uv": [0, 0, 0.9, 0.5], "texture": "#3"},
				"south": {"uv": [0, 0, 3.21, 0.5], "texture": "#3"},
				"west": {"uv": [0, 0, 0.9, 0.5], "texture": "#3"},
				"up": {"uv": [0, 0, 3.19, 0.9], "rotation": 180, "texture": "#3"},
				"down": {"uv": [0, 0, 3.19, 0.9], "rotation": 180, "texture": "#3"}
			}
		},
		{
			"name": "Handle",
			"from": [-0.51906, 12.275, 0.24075],
			"to": [-0.44406, 12.5, 0.47575],
			"rotation": {"angle": -22.5, "axis": "y", "origin": [-0.53156, 12.3875, 0.35825]},
			"faces": {
				"north": {"uv": [0, 0, 0.9, 0.5], "texture": "#3"},
				"east": {"uv": [0, 0, 3.21, 0.5], "texture": "#3"},
				"south": {"uv": [0, 0, 0.9, 0.5], "texture": "#3"},
				"west": {"uv": [0, 0, 3.21, 0.5], "texture": "#3"},
				"up": {"uv": [0, 0, 3.19, 0.9], "rotation": 90, "texture": "#3"},
				"down": {"uv": [0, 0, 3.19, 0.9], "rotation": 270, "texture": "#3"}
			}
		},
		{
			"name": "Handle",
			"from": [-0.56906, 12.275, 0.46575],
			"to": [-0.49406, 12.5, 0.70075],
			"rotation": {"angle": 0, "axis": "y", "origin": [-0.53156, 12.3875, 0.35825]},
			"faces": {
				"north": {"uv": [0, 0, 0.9, 0.5], "texture": "#3"},
				"east": {"uv": [0, 0, 3.21, 0.5], "texture": "#3"},
				"south": {"uv": [0, 0, 0.9, 0.5], "texture": "#3"},
				"west": {"uv": [0, 0, 3.21, 0.5], "texture": "#3"},
				"up": {"uv": [0, 0, 3.19, 0.9], "rotation": 90, "texture": "#3"},
				"down": {"uv": [0, 0, 3.19, 0.9], "rotation": 270, "texture": "#3"}
			}
		},
		{
			"name": "Handle",
			"from": [-0.51906, 12.275, 0.69075],
			"to": [-0.44406, 12.5, 0.92575],
			"rotation": {"angle": 22.5, "axis": "y", "origin": [-0.53156, 12.3875, 0.80825]},
			"faces": {
				"north": {"uv": [0, 0, 0.9, 0.5], "texture": "#3"},
				"east": {"uv": [0, 0, 3.21, 0.5], "texture": "#3"},
				"south": {"uv": [0, 0, 0.9, 0.5], "texture": "#3"},
				"west": {"uv": [0, 0, 3.21, 0.5], "texture": "#3"},
				"up": {"uv": [0, 0, 3.19, 0.9], "rotation": 90, "texture": "#3"},
				"down": {"uv": [0, 0, 3.19, 0.9], "rotation": 270, "texture": "#3"}
			}
		},
		{
			"name": "Handle",
			"from": [-0.39633, 12.275, 0.88139],
			"to": [-0.32133, 12.5, 1.11639],
			"rotation": {"angle": 45, "axis": "y", "origin": [-0.40883, 12.3875, 0.97389]},
			"faces": {
				"north": {"uv": [0, 0, 0.9, 0.5], "texture": "#3"},
				"east": {"uv": [0, 0, 3.21, 0.5], "texture": "#3"},
				"south": {"uv": [0, 0, 0.9, 0.5], "texture": "#3"},
				"west": {"uv": [0, 0, 3.21, 0.5], "texture": "#3"},
				"up": {"uv": [0, 0, 3.19, 0.9], "rotation": 90, "texture": "#3"},
				"down": {"uv": [0, 0, 3.19, 0.9], "rotation": 270, "texture": "#3"}
			}
		},
		{
			"name": "Handle",
			"from": [-0.3433, 12.275, 1.03871],
			"to": [-0.2683, 12.5, 1.27371],
			"rotation": {"angle": 22.5, "axis": "y", "origin": [-0.3558, 12.3875, 0.95621]},
			"faces": {
				"north": {"uv": [0, 0, 0.9, 0.5], "texture": "#3"},
				"east": {"uv": [0, 0, 3.21, 0.5], "texture": "#3"},
				"south": {"uv": [0, 0, 0.9, 0.5], "texture": "#3"},
				"west": {"uv": [0, 0, 3.21, 0.5], "texture": "#3"},
				"up": {"uv": [0, 0, 3.19, 0.9], "rotation": 90, "texture": "#3"},
				"down": {"uv": [0, 0, 3.19, 0.9], "rotation": 270, "texture": "#3"}
			}
		},
		{
			"name": "Handle",
			"from": [-0.13447, 12.275, 1.21223],
			"to": [-0.05947, 12.5, 1.44723],
			"rotation": {"angle": 45, "axis": "y", "origin": [-0.14697, 12.3875, 1.32973]},
			"faces": {
				"north": {"uv": [0, 0, 0.9, 0.5], "texture": "#3"},
				"east": {"uv": [0, 0, 3.21, 0.5], "texture": "#3"},
				"south": {"uv": [0, 0, 0.9, 0.5], "texture": "#3"},
				"west": {"uv": [0, 0, 3.21, 0.5], "texture": "#3"},
				"up": {"uv": [0, 0, 3.19, 0.9], "rotation": 90, "texture": "#3"},
				"down": {"uv": [0, 0, 3.19, 0.9], "rotation": 270, "texture": "#3"}
			}
		},
		{
			"name": "Handle",
			"from": [-0.07001, 12.275, 1.36597],
			"to": [0.16499, 12.5, 1.44097],
			"rotation": {"angle": -22.5, "axis": "y", "origin": [0.04749, 12.3875, 1.45347]},
			"faces": {
				"north": {"uv": [0, 0, 3.21, 0.5], "texture": "#3"},
				"east": {"uv": [0, 0, 0.9, 0.5], "texture": "#3"},
				"south": {"uv": [0, 0, 3.21, 0.5], "texture": "#3"},
				"west": {"uv": [0, 0, 0.9, 0.5], "texture": "#3"},
				"up": {"uv": [0, 0, 3.19, 0.9], "texture": "#3"},
				"down": {"uv": [0, 0, 3.19, 0.9], "texture": "#3"}
			}
		},
		{
			"name": "Handle",
			"from": [0.157, 12.275, 1.40588],
			"to": [0.392, 12.5, 1.48088],
			"rotation": {"angle": 0, "axis": "y", "origin": [0.2745, 12.3875, 1.49338]},
			"faces": {
				"north": {"uv": [0, 0, 3.21, 0.5], "texture": "#3"},
				"east": {"uv": [0, 0, 0.9, 0.5], "texture": "#3"},
				"south": {"uv": [0, 0, 3.21, 0.5], "texture": "#3"},
				"west": {"uv": [0, 0, 0.9, 0.5], "texture": "#3"},
				"up": {"uv": [0, 0, 3.19, 0.9], "texture": "#3"},
				"down": {"uv": [0, 0, 3.19, 0.9], "texture": "#3"}
			}
		},
		{
			"name": "Handle",
			"from": [0.357, 12.275, 1.35588],
			"to": [0.592, 12.5, 1.43088],
			"rotation": {"angle": 22.5, "axis": "y", "origin": [0.4745, 12.3875, 1.44338]},
			"faces": {
				"north": {"uv": [0, 0, 3.21, 0.5], "texture": "#3"},
				"east": {"uv": [0, 0, 0.9, 0.5], "texture": "#3"},
				"south": {"uv": [0, 0, 3.21, 0.5], "texture": "#3"},
				"west": {"uv": [0, 0, 0.9, 0.5], "texture": "#3"},
				"up": {"uv": [0, 0, 3.19, 0.9], "texture": "#3"},
				"down": {"uv": [0, 0, 3.19, 0.9], "texture": "#3"}
			}
		},
		{
			"name": "Handle",
			"from": [0.54193, 12.275, 1.30445],
			"to": [1.12693, 12.5, 1.37945],
			"rotation": {"angle": 0, "axis": "y", "origin": [0.70943, 12.3875, 1.29195]},
			"faces": {
				"north": {"uv": [0, 0, 3.21, 0.5], "texture": "#3"},
				"east": {"uv": [0, 0, 0.9, 0.5], "texture": "#3"},
				"south": {"uv": [0, 0, 3.21, 0.5], "texture": "#3"},
				"west": {"uv": [0, 0, 0.9, 0.5], "texture": "#3"},
				"up": {"uv": [0, 0, 3.19, 0.9], "texture": "#3"},
				"down": {"uv": [0, 0, 3.19, 0.9], "texture": "#3"}
			}
		},
		{
			"name": "Handle",
			"from": [1.64193, 12.275, 1.30445],
			"to": [2.27693, 12.5, 1.37945],
			"rotation": {"angle": 0, "axis": "y", "origin": [0.70943, 12.3875, 1.29195]},
			"faces": {
				"north": {"uv": [0, 0, 3.21, 0.5], "texture": "#3"},
				"east": {"uv": [0, 0, 0.9, 0.5], "texture": "#3"},
				"south": {"uv": [0, 0, 3.21, 0.5], "texture": "#3"},
				"west": {"uv": [0, 0, 0.9, 0.5], "texture": "#3"},
				"up": {"uv": [0, 0, 3.19, 0.9], "texture": "#3"},
				"down": {"uv": [0, 0, 3.19, 0.9], "texture": "#3"}
			}
		},
		{
			"name": "Handle",
			"from": [1.07193, 12.275, 1.32445],
			"to": [1.14693, 12.5, 1.45945],
			"rotation": {"angle": 45, "axis": "y", "origin": [1.10943, 12.3875, 1.34195]},
			"faces": {
				"north": {"uv": [0, 0, 0.9, 0.5], "texture": "#3"},
				"east": {"uv": [0, 0, 3.21, 0.5], "texture": "#3"},
				"south": {"uv": [0, 0, 0.9, 0.5], "texture": "#3"},
				"west": {"uv": [0, 0, 3.21, 0.5], "texture": "#3"},
				"up": {"uv": [0, 0, 3.19, 0.9], "rotation": 90, "texture": "#3"},
				"down": {"uv": [0, 0, 3.19, 0.9], "rotation": 270, "texture": "#3"}
			}
		},
		{
			"name": "Handle",
			"from": [1.13228, 12.275, 1.4098],
			"to": [1.20728, 12.5, 1.7448],
			"rotation": {"angle": 22.5, "axis": "y", "origin": [1.14478, 12.3875, 1.3773]},
			"faces": {
				"north": {"uv": [0, 0, 0.9, 0.5], "texture": "#3"},
				"east": {"uv": [0, 0, 3.21, 0.5], "texture": "#3"},
				"south": {"uv": [0, 0, 0.9, 0.5], "texture": "#3"},
				"west": {"uv": [0, 0, 3.21, 0.5], "texture": "#3"},
				"up": {"uv": [0, 0, 3.19, 0.9], "rotation": 90, "texture": "#3"},
				"down": {"uv": [0, 0, 3.19, 0.9], "rotation": 270, "texture": "#3"}
			}
		},
		{
			"name": "Handle",
			"from": [1.3092, 12.275, -0.27552],
			"to": [1.5442, 12.5, -0.22552],
			"rotation": {"angle": -22.5, "axis": "y", "origin": [1.7267, 12.3875, -0.40052]},
			"faces": {
				"north": {"uv": [0, 0, 3.21, 0.5], "texture": "#3"},
				"east": {"uv": [0, 0, 0.9, 0.5], "texture": "#3"},
				"south": {"uv": [0, 0, 3.21, 0.5], "texture": "#3"},
				"west": {"uv": [0, 0, 0.9, 0.5], "texture": "#3"},
				"up": {"uv": [0, 0, 3.19, 0.9], "rotation": 180, "texture": "#3"},
				"down": {"uv": [0, 0, 3.19, 0.9], "rotation": 180, "texture": "#3"}
			}
		},
		{
			"name": "Handle",
			"from": [0.5592, 12.275, 0.19948],
			"to": [0.7692, 12.5, 0.24948],
			"rotation": {"angle": -22.5, "axis": "y", "origin": [1.7267, 12.3875, -0.40052]},
			"faces": {
				"north": {"uv": [0, 0, 3.21, 0.5], "texture": "#3"},
				"east": {"uv": [0, 0, 0.9, 0.5], "texture": "#3"},
				"south": {"uv": [0, 0, 3.21, 0.5], "texture": "#3"},
				"west": {"uv": [0, 0, 0.9, 0.5], "texture": "#3"},
				"up": {"uv": [0, 0, 3.19, 0.9], "rotation": 180, "texture": "#3"},
				"down": {"uv": [0, 0, 3.19, 0.9], "rotation": 180, "texture": "#3"}
			}
		},
		{
			"name": "Handle",
			"from": [1.3115, 12.275, -0.4808],
			"to": [1.4115, 12.5, -0.4208],
			"rotation": {"angle": 22.5, "axis": "y", "origin": [1.39692, 12.3875, -0.3883]},
			"faces": {
				"north": {"uv": [0, 0, 0.9, 0.5], "texture": "#3"},
				"east": {"uv": [0, 0, 3.21, 0.5], "texture": "#3"},
				"south": {"uv": [0, 0, 0.9, 0.5], "texture": "#3"},
				"west": {"uv": [0, 0, 3.21, 0.5], "texture": "#3"},
				"up": {"uv": [0, 0, 3.19, 0.9], "rotation": 270, "texture": "#3"},
				"down": {"uv": [0, 0, 3.19, 0.9], "rotation": 90, "texture": "#3"}
			}
		},
		{
			"name": "Handle",
			"from": [0.4115, 12.275, -0.6808],
			"to": [0.5115, 12.5, -0.6208],
			"rotation": {"angle": 22.5, "axis": "y", "origin": [1.39692, 12.3875, -0.3883]},
			"faces": {
				"north": {"uv": [0, 0, 0.9, 0.5], "texture": "#3"},
				"east": {"uv": [0, 0, 3.21, 0.5], "texture": "#3"},
				"south": {"uv": [0, 0, 0.9, 0.5], "texture": "#3"},
				"west": {"uv": [0, 0, 3.21, 0.5], "texture": "#3"},
				"up": {"uv": [0, 0, 3.19, 0.9], "rotation": 270, "texture": "#3"},
				"down": {"uv": [0, 0, 3.19, 0.9], "rotation": 90, "texture": "#3"}
			}
		},
		{
			"name": "Handle",
			"from": [0.4615, 12.275, -0.7058],
			"to": [0.5615, 12.5, -0.6458],
			"rotation": {"angle": 22.5, "axis": "y", "origin": [1.39692, 12.3875, -0.3883]},
			"faces": {
				"north": {"uv": [0, 0, 0.9, 0.5], "texture": "#3"},
				"east": {"uv": [0, 0, 3.21, 0.5], "texture": "#3"},
				"south": {"uv": [0, 0, 0.9, 0.5], "texture": "#3"},
				"west": {"uv": [0, 0, 3.21, 0.5], "texture": "#3"},
				"up": {"uv": [0, 0, 3.19, 0.9], "rotation": 270, "texture": "#3"},
				"down": {"uv": [0, 0, 3.19, 0.9], "rotation": 90, "texture": "#3"}
			}
		},
		{
			"name": "Handle",
			"from": [1.3245, 12.275, -0.6058],
			"to": [1.4416, 12.5, -0.5408],
			"rotation": {"angle": 22.5, "axis": "y", "origin": [1.39692, 12.3875, -0.3883]},
			"faces": {
				"north": {"uv": [0, 0, 0.9, 0.5], "texture": "#3"},
				"east": {"uv": [0, 0, 3.21, 0.5], "texture": "#3"},
				"south": {"uv": [0, 0, 0.9, 0.5], "texture": "#3"},
				"west": {"uv": [0, 0, 3.21, 0.5], "texture": "#3"},
				"up": {"uv": [0, 0, 3.19, 0.9], "rotation": 270, "texture": "#3"},
				"down": {"uv": [0, 0, 3.19, 0.9], "rotation": 90, "texture": "#3"}
			}
		},
		{
			"name": "Handle",
			"from": [0.4495, 12.275, -0.8308],
			"to": [0.5916, 12.5, -0.7658],
			"rotation": {"angle": 22.5, "axis": "y", "origin": [1.39692, 12.3875, -0.3883]},
			"faces": {
				"north": {"uv": [0, 0, 0.9, 0.5], "texture": "#3"},
				"east": {"uv": [0, 0, 3.21, 0.5], "texture": "#3"},
				"south": {"uv": [0, 0, 0.9, 0.5], "texture": "#3"},
				"west": {"uv": [0, 0, 3.21, 0.5], "texture": "#3"},
				"up": {"uv": [0, 0, 3.19, 0.9], "rotation": 270, "texture": "#3"},
				"down": {"uv": [0, 0, 3.19, 0.9], "rotation": 90, "texture": "#3"}
			}
		},
		{
			"name": "Handle",
			"from": [0.3495, 12.275, -0.8558],
			"to": [0.4916, 12.5, -0.7908],
			"rotation": {"angle": 22.5, "axis": "y", "origin": [1.39692, 12.3875, -0.3883]},
			"faces": {
				"north": {"uv": [0, 0, 0.9, 0.5], "texture": "#3"},
				"east": {"uv": [0, 0, 3.21, 0.5], "texture": "#3"},
				"south": {"uv": [0, 0, 0.9, 0.5], "texture": "#3"},
				"west": {"uv": [0, 0, 3.21, 0.5], "texture": "#3"},
				"up": {"uv": [0, 0, 3.19, 0.9], "rotation": 270, "texture": "#3"},
				"down": {"uv": [0, 0, 3.19, 0.9], "rotation": 90, "texture": "#3"}
			}
		},
		{
			"name": "Handle",
			"from": [1.2245, 12.275, -0.6308],
			"to": [1.3416, 12.5, -0.5658],
			"rotation": {"angle": 22.5, "axis": "y", "origin": [1.39692, 12.3875, -0.3883]},
			"faces": {
				"north": {"uv": [0, 0, 0.9, 0.5], "texture": "#3"},
				"east": {"uv": [0, 0, 3.21, 0.5], "texture": "#3"},
				"south": {"uv": [0, 0, 0.9, 0.5], "texture": "#3"},
				"west": {"uv": [0, 0, 3.21, 0.5], "texture": "#3"},
				"up": {"uv": [0, 0, 3.19, 0.9], "rotation": 270, "texture": "#3"},
				"down": {"uv": [0, 0, 3.19, 0.9], "rotation": 90, "texture": "#3"}
			}
		},
		{
			"name": "Handle",
			"from": [1.08161, 12.275, -0.5521],
			"to": [1.17371, 12.5, -0.4871],
			"rotation": {"angle": 0, "axis": "y", "origin": [1.16516, 12.3875, -0.5196]},
			"faces": {
				"north": {"uv": [0, 0, 0.9, 0.5], "texture": "#3"},
				"east": {"uv": [0, 0, 3.21, 0.5], "texture": "#3"},
				"south": {"uv": [0, 0, 0.9, 0.5], "texture": "#3"},
				"west": {"uv": [0, 0, 3.21, 0.5], "texture": "#3"},
				"up": {"uv": [0, 0, 3.19, 0.9], "rotation": 270, "texture": "#3"},
				"down": {"uv": [0, 0, 3.19, 0.9], "rotation": 90, "texture": "#3"}
			}
		},
		{
			"name": "Handle",
			"from": [0.23161, 12.275, -0.4271],
			"to": [0.29871, 12.5, -0.3621],
			"rotation": {"angle": 0, "axis": "y", "origin": [1.16516, 12.3875, -0.5196]},
			"faces": {
				"north": {"uv": [0, 0, 0.9, 0.5], "texture": "#3"},
				"east": {"uv": [0, 0, 3.21, 0.5], "texture": "#3"},
				"south": {"uv": [0, 0, 0.9, 0.5], "texture": "#3"},
				"west": {"uv": [0, 0, 3.21, 0.5], "texture": "#3"},
				"up": {"uv": [0, 0, 3.19, 0.9], "rotation": 270, "texture": "#3"},
				"down": {"uv": [0, 0, 3.19, 0.9], "rotation": 90, "texture": "#3"}
			}
		},
		{
			"name": "Handle",
			"from": [1.00661, 12.275, -0.5509],
			"to": [1.14871, 12.5, -0.4859],
			"rotation": {"angle": -22.5, "axis": "y", "origin": [1.09016, 12.3875, -0.5196]},
			"faces": {
				"north": {"uv": [0, 0, 0.9, 0.5], "texture": "#3"},
				"east": {"uv": [0, 0, 3.21, 0.5], "texture": "#3"},
				"south": {"uv": [0, 0, 0.9, 0.5], "texture": "#3"},
				"west": {"uv": [0, 0, 3.21, 0.5], "texture": "#3"},
				"up": {"uv": [0, 0, 3.19, 0.9], "rotation": 270, "texture": "#3"},
				"down": {"uv": [0, 0, 3.19, 0.9], "rotation": 90, "texture": "#3"}
			}
		},
		{
			"name": "Handle",
			"from": [0.25661, 12.275, -0.0759],
			"to": [0.39871, 12.5, -0.0109],
			"rotation": {"angle": -22.5, "axis": "y", "origin": [1.09016, 12.3875, -0.5196]},
			"faces": {
				"north": {"uv": [0, 0, 0.9, 0.5], "texture": "#3"},
				"east": {"uv": [0, 0, 3.21, 0.5], "texture": "#3"},
				"south": {"uv": [0, 0, 0.9, 0.5], "texture": "#3"},
				"west": {"uv": [0, 0, 3.21, 0.5], "texture": "#3"},
				"up": {"uv": [0, 0, 3.19, 0.9], "rotation": 270, "texture": "#3"},
				"down": {"uv": [0, 0, 3.19, 0.9], "rotation": 90, "texture": "#3"}
			}
		},
		{
			"name": "Handle",
			"from": [1.2525, 12.275, -0.5909],
			"to": [1.3196, 12.5, -0.5509],
			"rotation": {"angle": 0, "axis": "y", "origin": [1.25755, 12.3875, -0.55787]},
			"faces": {
				"north": {"uv": [0, 0, 0.9, 0.5], "texture": "#3"},
				"east": {"uv": [0, 0, 3.21, 0.5], "texture": "#3"},
				"south": {"uv": [0, 0, 0.9, 0.5], "texture": "#3"},
				"west": {"uv": [0, 0, 3.21, 0.5], "texture": "#3"},
				"up": {"uv": [0, 0, 3.19, 0.9], "rotation": 270, "texture": "#3"},
				"down": {"uv": [0, 0, 3.19, 0.9], "rotation": 90, "texture": "#3"}
			}
		},
		{
			"name": "Handle",
			"from": [1.35457, 12.275, -0.56119],
			"to": [1.41457, 12.5, -0.43119],
			"rotation": {"angle": 22.5, "axis": "y", "origin": [1.40957, 12.3875, -0.46119]},
			"faces": {
				"north": {"uv": [0, 0, 3.21, 0.5], "texture": "#3"},
				"east": {"uv": [0, 0, 0.9, 0.5], "texture": "#3"},
				"south": {"uv": [0, 0, 3.21, 0.5], "texture": "#3"},
				"west": {"uv": [0, 0, 0.9, 0.5], "texture": "#3"},
				"up": {"uv": [0, 0, 3.19, 0.9], "rotation": 180, "texture": "#3"},
				"down": {"uv": [0, 0, 3.19, 0.9], "rotation": 180, "texture": "#3"}
			}
		},
		{
			"name": "Handle",
			"from": [0.50457, 12.275, -0.78619],
			"to": [0.56457, 12.5, -0.65619],
			"rotation": {"angle": 22.5, "axis": "y", "origin": [1.40957, 12.3875, -0.46119]},
			"faces": {
				"north": {"uv": [0, 0, 3.21, 0.5], "texture": "#3"},
				"east": {"uv": [0, 0, 0.9, 0.5], "texture": "#3"},
				"south": {"uv": [0, 0, 3.21, 0.5], "texture": "#3"},
				"west": {"uv": [0, 0, 0.9, 0.5], "texture": "#3"},
				"up": {"uv": [0, 0, 3.19, 0.9], "rotation": 180, "texture": "#3"},
				"down": {"uv": [0, 0, 3.19, 0.9], "rotation": 180, "texture": "#3"}
			}
		},
		{
			"name": "Handle",
			"from": [1.2595, 12.275, -0.49115],
			"to": [1.3145, 12.5, -0.45565],
			"rotation": {"angle": 22.5, "axis": "y", "origin": [1.40957, 12.3875, -0.46119]},
			"faces": {
				"north": {"uv": [0, 0, 3.21, 0.5], "texture": "#3"},
				"east": {"uv": [0, 0, 0.9, 0.5], "texture": "#3"},
				"south": {"uv": [0, 0, 3.21, 0.5], "texture": "#3"},
				"west": {"uv": [0, 0, 0.9, 0.5], "texture": "#3"},
				"up": {"uv": [0, 0, 3.19, 0.9], "rotation": 180, "texture": "#3"},
				"down": {"uv": [0, 0, 3.19, 0.9], "rotation": 180, "texture": "#3"}
			}
		},
		{
			"name": "Handle",
			"from": [1.3592, 12.275, -0.12552],
			"to": [2.0942, 12.5, -0.02552],
			"rotation": {"angle": 0, "axis": "y", "origin": [2.03516, 12.3875, -0.23802]},
			"faces": {
				"north": {"uv": [0, 0, 3.21, 0.5], "texture": "#3"},
				"east": {"uv": [0, 0, 0.9, 0.5], "texture": "#3"},
				"south": {"uv": [0, 0, 3.21, 0.5], "texture": "#3"},
				"west": {"uv": [0, 0, 0.9, 0.5], "texture": "#3"},
				"up": {"uv": [0, 0, 3.19, 0.9], "rotation": 180, "texture": "#3"},
				"down": {"uv": [0, 0, 3.19, 0.9], "rotation": 180, "texture": "#3"}
			}
		},
		{
			"name": "Handle",
			"from": [0.7092, 12.275, -0.22552],
			"to": [0.8692, 12.5, -0.12552],
			"rotation": {"angle": 0, "axis": "y", "origin": [2.03516, 12.3875, -0.23802]},
			"faces": {
				"north": {"uv": [0, 0, 3.21, 0.5], "texture": "#3"},
				"east": {"uv": [0, 0, 0.9, 0.5], "texture": "#3"},
				"south": {"uv": [0, 0, 3.21, 0.5], "texture": "#3"},
				"west": {"uv": [0, 0, 0.9, 0.5], "texture": "#3"},
				"up": {"uv": [0, 0, 3.19, 0.9], "rotation": 180, "texture": "#3"},
				"down": {"uv": [0, 0, 3.19, 0.9], "rotation": 180, "texture": "#3"}
			}
		},
		{
			"name": "Handle",
			"from": [-0.0658, 12.275, -0.20052],
			"to": [0.0942, 12.5, -0.12552],
			"rotation": {"angle": 0, "axis": "y", "origin": [2.03516, 12.3875, -0.23802]},
			"faces": {
				"north": {"uv": [0, 0, 3.21, 0.5], "texture": "#3"},
				"east": {"uv": [0, 0, 0.9, 0.5], "texture": "#3"},
				"south": {"uv": [0, 0, 3.21, 0.5], "texture": "#3"},
				"west": {"uv": [0, 0, 0.9, 0.5], "texture": "#3"},
				"up": {"uv": [0, 0, 3.19, 0.9], "rotation": 180, "texture": "#3"},
				"down": {"uv": [0, 0, 3.19, 0.9], "rotation": 180, "texture": "#3"}
			}
		},
		{
			"name": "Handle",
			"from": [0.5092, 12.275, -0.12552],
			"to": [0.6692, 12.5, -0.02552],
			"rotation": {"angle": 0, "axis": "y", "origin": [2.03516, 12.3875, -0.23802]},
			"faces": {
				"north": {"uv": [0, 0, 3.21, 0.5], "texture": "#3"},
				"east": {"uv": [0, 0, 0.9, 0.5], "texture": "#3"},
				"south": {"uv": [0, 0, 3.21, 0.5], "texture": "#3"},
				"west": {"uv": [0, 0, 0.9, 0.5], "texture": "#3"},
				"up": {"uv": [0, 0, 3.19, 0.9], "rotation": 180, "texture": "#3"},
				"down": {"uv": [0, 0, 3.19, 0.9], "rotation": 180, "texture": "#3"}
			}
		},
		{
			"name": "Handle",
			"from": [0.4892, 12.275, -0.15552],
			"to": [0.5892, 12.5, -0.04552],
			"rotation": {"angle": 22.5, "axis": "y", "origin": [0.5642, 12.3875, -0.07552]},
			"faces": {
				"north": {"uv": [0, 0, 0.9, 0.5], "texture": "#3"},
				"east": {"uv": [0, 0, 3.21, 0.5], "texture": "#3"},
				"south": {"uv": [0, 0, 0.9, 0.5], "texture": "#3"},
				"west": {"uv": [0, 0, 3.21, 0.5], "texture": "#3"},
				"up": {"uv": [0, 0, 3.19, 0.9], "rotation": 270, "texture": "#3"},
				"down": {"uv": [0, 0, 3.19, 0.9], "rotation": 90, "texture": "#3"}
			}
		},
		{
			"name": "Handle",
			"from": [0.47783, 12.275, -0.23834],
			"to": [0.57783, 12.5, -0.10334],
			"rotation": {"angle": -22.5, "axis": "y", "origin": [0.50283, 12.3875, -0.15834]},
			"faces": {
				"north": {"uv": [0, 0, 0.9, 0.5], "texture": "#3"},
				"east": {"uv": [0, 0, 3.21, 0.5], "texture": "#3"},
				"south": {"uv": [0, 0, 0.9, 0.5], "texture": "#3"},
				"west": {"uv": [0, 0, 3.21, 0.5], "texture": "#3"},
				"up": {"uv": [0, 0, 3.19, 0.9], "rotation": 270, "texture": "#3"},
				"down": {"uv": [0, 0, 3.19, 0.9], "rotation": 90, "texture": "#3"}
			}
		},
		{
			"name": "Handle",
			"from": [1.3267, 12.275, -0.31802],
			"to": [1.4017, 12.5, -0.03302],
			"rotation": {"angle": -22.5, "axis": "y", "origin": [1.4392, 12.3875, -0.08802]},
			"faces": {
				"north": {"uv": [0, 0, 0.9, 0.5], "texture": "#3"},
				"east": {"uv": [0, 0, 3.21, 0.5], "texture": "#3"},
				"south": {"uv": [0, 0, 0.9, 0.5], "texture": "#3"},
				"west": {"uv": [0, 0, 3.21, 0.5], "texture": "#3"},
				"up": {"uv": [0, 0, 3.19, 0.9], "rotation": 270, "texture": "#3"},
				"down": {"uv": [0, 0, 3.19, 0.9], "rotation": 90, "texture": "#3"}
			}
		},
		{
			"name": "Handle",
			"from": [0.7017, 12.275, 0.05698],
			"to": [0.7767, 12.5, 0.19198],
			"rotation": {"angle": -22.5, "axis": "y", "origin": [1.4392, 12.3875, -0.08802]},
			"faces": {
				"north": {"uv": [0, 0, 0.9, 0.5], "texture": "#3"},
				"east": {"uv": [0, 0, 3.21, 0.5], "texture": "#3"},
				"south": {"uv": [0, 0, 0.9, 0.5], "texture": "#3"},
				"west": {"uv": [0, 0, 3.21, 0.5], "texture": "#3"},
				"up": {"uv": [0, 0, 3.19, 0.9], "rotation": 270, "texture": "#3"},
				"down": {"uv": [0, 0, 3.19, 0.9], "rotation": 90, "texture": "#3"}
			}
		},
		{
			"name": "Handle",
			"from": [0.65453, 12.275, -0.18088],
			"to": [0.72953, 12.5, -0.04588],
			"rotation": {"angle": -45, "axis": "y", "origin": [0.69203, 12.3875, -0.11338]},
			"faces": {
				"north": {"uv": [0, 0, 0.9, 0.5], "texture": "#3"},
				"east": {"uv": [0, 0, 3.21, 0.5], "texture": "#3"},
				"south": {"uv": [0, 0, 0.9, 0.5], "texture": "#3"},
				"west": {"uv": [0, 0, 3.21, 0.5], "texture": "#3"},
				"up": {"uv": [0, 0, 3.19, 0.9], "rotation": 270, "texture": "#3"},
				"down": {"uv": [0, 0, 3.19, 0.9], "rotation": 90, "texture": "#3"}
			}
		},
		{
			"name": "Handle",
			"from": [0.8017, 12.275, -0.39302],
			"to": [0.8767, 12.5, 0.06698],
			"rotation": {"angle": -22.5, "axis": "y", "origin": [1.4392, 12.3875, -0.08802]},
			"faces": {
				"north": {"uv": [0, 0, 0.9, 0.5], "texture": "#3"},
				"east": {"uv": [0, 0, 3.21, 0.5], "texture": "#3"},
				"south": {"uv": [0, 0, 0.9, 0.5], "texture": "#3"},
				"west": {"uv": [0, 0, 3.21, 0.5], "texture": "#3"},
				"up": {"uv": [0, 0, 3.19, 0.9], "rotation": 270, "texture": "#3"},
				"down": {"uv": [0, 0, 3.19, 0.9], "rotation": 90, "texture": "#3"}
			}
		},
		{
			"name": "Handle",
			"from": [0.1017, 12.275, 0.08198],
			"to": [0.1767, 12.5, 0.39198],
			"rotation": {"angle": -22.5, "axis": "y", "origin": [1.4392, 12.3875, -0.08802]},
			"faces": {
				"north": {"uv": [0, 0, 0.9, 0.5], "texture": "#3"},
				"east": {"uv": [0, 0, 3.21, 0.5], "texture": "#3"},
				"south": {"uv": [0, 0, 0.9, 0.5], "texture": "#3"},
				"west": {"uv": [0, 0, 3.21, 0.5], "texture": "#3"},
				"up": {"uv": [0, 0, 3.19, 0.9], "rotation": 270, "texture": "#3"},
				"down": {"uv": [0, 0, 3.19, 0.9], "rotation": 90, "texture": "#3"}
			}
		},
		{
			"name": "Handle",
			"from": [1.27797, 12.275, 1.58328],
			"to": [1.48797, 12.5, 1.63328],
			"rotation": {"angle": 22.5, "axis": "y", "origin": [1.55772, 12.3875, 1.64379]},
			"faces": {
				"north": {"uv": [0, 0, 3.21, 0.5], "texture": "#3"},
				"east": {"uv": [0, 0, 0.9, 0.5], "texture": "#3"},
				"south": {"uv": [0, 0, 3.21, 0.5], "texture": "#3"},
				"west": {"uv": [0, 0, 0.9, 0.5], "texture": "#3"},
				"up": {"uv": [0, 0, 3.19, 0.9], "texture": "#3"},
				"down": {"uv": [0, 0, 3.19, 0.9], "texture": "#3"}
			}
		},
		{
			"name": "Handle",
			"from": [1.46601, 12.275, 1.64944],
			"to": [1.50151, 12.5, 1.70444],
			"rotation": {"angle": -22.5, "axis": "y", "origin": [1.55772, 12.3875, 1.64379]},
			"faces": {
				"north": {"uv": [0, 0, 0.9, 0.5], "texture": "#3"},
				"east": {"uv": [0, 0, 3.21, 0.5], "texture": "#3"},
				"south": {"uv": [0, 0, 0.9, 0.5], "texture": "#3"},
				"west": {"uv": [0, 0, 3.21, 0.5], "texture": "#3"},
				"up": {"uv": [0, 0, 3.19, 0.9], "rotation": 270, "texture": "#3"},
				"down": {"uv": [0, 0, 3.19, 0.9], "rotation": 90, "texture": "#3"}
			}
		},
		{
			"name": "Handle",
			"from": [1.44155, 12.275, 1.67451],
			"to": [1.50155, 12.5, 1.77451],
			"rotation": {"angle": -22.5, "axis": "y", "origin": [1.55772, 12.3875, 1.64379]},
			"faces": {
				"north": {"uv": [0, 0, 3.21, 0.5], "texture": "#3"},
				"east": {"uv": [0, 0, 0.9, 0.5], "texture": "#3"},
				"south": {"uv": [0, 0, 3.21, 0.5], "texture": "#3"},
				"west": {"uv": [0, 0, 0.9, 0.5], "texture": "#3"},
				"up": {"uv": [0, 0, 3.19, 0.9], "texture": "#3"},
				"down": {"uv": [0, 0, 3.19, 0.9], "texture": "#3"}
			}
		},
		{
			"name": "Handle",
			"from": [2.52641, 12.275, 0.87407],
			"to": [2.77641, 12.5, 0.93407],
			"rotation": {"angle": 22.5, "axis": "y", "origin": [2.62641, 12.3875, 0.92907]},
			"faces": {
				"north": {"uv": [0, 0, 0.9, 0.5], "texture": "#3"},
				"east": {"uv": [0, 0, 3.21, 0.5], "texture": "#3"},
				"south": {"uv": [0, 0, 0.9, 0.5], "texture": "#3"},
				"west": {"uv": [0, 0, 3.21, 0.5], "texture": "#3"},
				"up": {"uv": [0, 0, 3.19, 0.9], "rotation": 90, "texture": "#3"},
				"down": {"uv": [0, 0, 3.19, 0.9], "rotation": 270, "texture": "#3"}
			}
		},
		{
			"name": "Handle",
			"from": [2.72141, 12.275, 0.67907],
			"to": [2.78141, 12.5, 0.92907],
			"rotation": {"angle": 22.5, "axis": "y", "origin": [2.62641, 12.3875, 0.92907]},
			"faces": {
				"north": {"uv": [0, 0, 3.21, 0.5], "texture": "#3"},
				"east": {"uv": [0, 0, 0.9, 0.5], "texture": "#3"},
				"south": {"uv": [0, 0, 3.21, 0.5], "texture": "#3"},
				"west": {"uv": [0, 0, 0.9, 0.5], "texture": "#3"},
				"up": {"uv": [0, 0, 3.19, 0.9], "rotation": 180, "texture": "#3"},
				"down": {"uv": [0, 0, 3.19, 0.9], "rotation": 180, "texture": "#3"}
			}
		},
		{
			"name": "Handle",
			"from": [2.56406, 12.275, 0.46575],
			"to": [2.62406, 12.5, 0.59075],
			"rotation": {"angle": -22.5, "axis": "y", "origin": [2.69406, 12.3875, 0.76575]},
			"faces": {
				"north": {"uv": [0, 0, 3.21, 0.5], "texture": "#3"},
				"east": {"uv": [0, 0, 0.9, 0.5], "texture": "#3"},
				"south": {"uv": [0, 0, 3.21, 0.5], "texture": "#3"},
				"west": {"uv": [0, 0, 0.9, 0.5], "texture": "#3"},
				"up": {"uv": [0, 0, 3.19, 0.9], "rotation": 180, "texture": "#3"},
				"down": {"uv": [0, 0, 3.19, 0.9], "rotation": 180, "texture": "#3"}
			}
		},
		{
			"name": "Handle",
			"from": [2.43906, 12.275, 0.46575],
			"to": [2.49906, 12.5, 0.59075],
			"rotation": {"angle": -22.5, "axis": "y", "origin": [2.69406, 12.3875, 0.76575]},
			"faces": {
				"north": {"uv": [0, 0, 3.21, 0.5], "texture": "#3"},
				"east": {"uv": [0, 0, 0.9, 0.5], "texture": "#3"},
				"south": {"uv": [0, 0, 3.21, 0.5], "texture": "#3"},
				"west": {"uv": [0, 0, 0.9, 0.5], "texture": "#3"},
				"up": {"uv": [0, 0, 3.19, 0.9], "rotation": 180, "texture": "#3"},
				"down": {"uv": [0, 0, 3.19, 0.9], "rotation": 180, "texture": "#3"}
			}
		},
		{
			"name": "Handle",
			"from": [2.57784, 12.275, 0.38784],
			"to": [2.77784, 12.5, 0.44784],
			"rotation": {"angle": -22.5, "axis": "y", "origin": [2.61534, 12.3875, 0.36784]},
			"faces": {
				"north": {"uv": [0, 0, 0.9, 0.5], "texture": "#3"},
				"east": {"uv": [0, 0, 3.21, 0.5], "texture": "#3"},
				"south": {"uv": [0, 0, 0.9, 0.5], "texture": "#3"},
				"west": {"uv": [0, 0, 3.21, 0.5], "texture": "#3"},
				"up": {"uv": [0, 0, 3.19, 0.9], "rotation": 270, "texture": "#3"},
				"down": {"uv": [0, 0, 3.19, 0.9], "rotation": 90, "texture": "#3"}
			}
		},
		{
			"name": "Handle",
			"from": [2.58906, 12.275, 0.56575],
			"to": [2.64906, 12.5, 0.69075],
			"rotation": {"angle": -22.5, "axis": "y", "origin": [2.69406, 12.3875, 0.76575]},
			"faces": {
				"north": {"uv": [0, 0, 3.21, 0.5], "texture": "#3"},
				"east": {"uv": [0, 0, 0.9, 0.5], "texture": "#3"},
				"south": {"uv": [0, 0, 3.21, 0.5], "texture": "#3"},
				"west": {"uv": [0, 0, 0.9, 0.5], "texture": "#3"},
				"up": {"uv": [0, 0, 3.19, 0.9], "rotation": 180, "texture": "#3"},
				"down": {"uv": [0, 0, 3.19, 0.9], "rotation": 180, "texture": "#3"}
			}
		},
		{
			"name": "Handle",
			"from": [2.25074, 12.275, 0.76072],
			"to": [2.31074, 12.5, 1.13572],
			"rotation": {"angle": -45, "axis": "y", "origin": [2.20574, 12.3875, 1.16072]},
			"faces": {
				"north": {"uv": [0, 0, 3.21, 0.5], "texture": "#3"},
				"east": {"uv": [0, 0, 0.9, 0.5], "texture": "#3"},
				"south": {"uv": [0, 0, 3.21, 0.5], "texture": "#3"},
				"west": {"uv": [0, 0, 0.9, 0.5], "texture": "#3"},
				"up": {"uv": [0, 0, 3.19, 0.9], "texture": "#3"},
				"down": {"uv": [0, 0, 3.19, 0.9], "texture": "#3"}
			}
		},
		{
			"name": "Handle",
			"from": [1.44155, 12.275, 1.74451],
			"to": [1.57155, 12.5, 1.80451],
			"rotation": {"angle": -22.5, "axis": "y", "origin": [1.55772, 12.3875, 1.64379]},
			"faces": {
				"north": {"uv": [0, 0, 0.9, 0.5], "texture": "#3"},
				"east": {"uv": [0, 0, 3.21, 0.5], "texture": "#3"},
				"south": {"uv": [0, 0, 0.9, 0.5], "texture": "#3"},
				"west": {"uv": [0, 0, 3.21, 0.5], "texture": "#3"},
				"up": {"uv": [0, 0, 3.19, 0.9], "rotation": 270, "texture": "#3"},
				"down": {"uv": [0, 0, 3.19, 0.9], "rotation": 90, "texture": "#3"}
			}
		},
		{
			"name": "Handle",
			"from": [1.56155, 12.275, 1.68751],
			"to": [1.62655, 12.5, 1.80461],
			"rotation": {"angle": -22.5, "axis": "y", "origin": [1.55772, 12.3875, 1.64379]},
			"faces": {
				"north": {"uv": [0, 0, 3.21, 0.5], "texture": "#3"},
				"east": {"uv": [0, 0, 0.9, 0.5], "texture": "#3"},
				"south": {"uv": [0, 0, 3.21, 0.5], "texture": "#3"},
				"west": {"uv": [0, 0, 0.9, 0.5], "texture": "#3"},
				"up": {"uv": [0, 0, 3.19, 0.9], "texture": "#3"},
				"down": {"uv": [0, 0, 3.19, 0.9], "texture": "#3"}
			}
		},
		{
			"name": "Handle",
			"from": [1.58655, 12.275, 1.58751],
			"to": [1.65155, 12.5, 1.70461],
			"rotation": {"angle": -22.5, "axis": "y", "origin": [1.55772, 12.3875, 1.64379]},
			"faces": {
				"north": {"uv": [0, 0, 3.21, 0.5], "texture": "#3"},
				"east": {"uv": [0, 0, 0.9, 0.5], "texture": "#3"},
				"south": {"uv": [0, 0, 3.21, 0.5], "texture": "#3"},
				"west": {"uv": [0, 0, 0.9, 0.5], "texture": "#3"},
				"up": {"uv": [0, 0, 3.19, 0.9], "texture": "#3"},
				"down": {"uv": [0, 0, 3.19, 0.9], "texture": "#3"}
			}
		},
		{
			"name": "Handle",
			"from": [1.62742, 12.275, 1.66357],
			"to": [1.66742, 12.5, 1.73067],
			"rotation": {"angle": -45, "axis": "y", "origin": [1.55772, 12.3875, 1.64379]},
			"faces": {
				"north": {"uv": [0, 0, 3.21, 0.5], "texture": "#3"},
				"east": {"uv": [0, 0, 0.9, 0.5], "texture": "#3"},
				"south": {"uv": [0, 0, 3.21, 0.5], "texture": "#3"},
				"west": {"uv": [0, 0, 0.9, 0.5], "texture": "#3"},
				"up": {"uv": [0, 0, 3.19, 0.9], "texture": "#3"},
				"down": {"uv": [0, 0, 3.19, 0.9], "texture": "#3"}
			}
		},
		{
			"name": "Handle",
			"from": [1.56362, 12.275, 1.49268],
			"to": [1.62862, 12.5, 1.58478],
			"rotation": {"angle": -45, "axis": "y", "origin": [1.55772, 12.3875, 1.64379]},
			"faces": {
				"north": {"uv": [0, 0, 3.21, 0.5], "texture": "#3"},
				"east": {"uv": [0, 0, 0.9, 0.5], "texture": "#3"},
				"south": {"uv": [0, 0, 3.21, 0.5], "texture": "#3"},
				"west": {"uv": [0, 0, 0.9, 0.5], "texture": "#3"},
				"up": {"uv": [0, 0, 3.19, 0.9], "texture": "#3"},
				"down": {"uv": [0, 0, 3.19, 0.9], "texture": "#3"}
			}
		},
		{
			"name": "Handle",
			"from": [1.64558, 12.275, 1.566],
			"to": [1.78768, 12.5, 1.656],
			"rotation": {"angle": 22.5, "axis": "y", "origin": [1.55772, 12.3875, 1.64379]},
			"faces": {
				"north": {"uv": [0, 0, 0.9, 0.5], "texture": "#3"},
				"east": {"uv": [0, 0, 3.21, 0.5], "texture": "#3"},
				"south": {"uv": [0, 0, 0.9, 0.5], "texture": "#3"},
				"west": {"uv": [0, 0, 3.21, 0.5], "texture": "#3"},
				"up": {"uv": [0, 0, 3.19, 0.9], "rotation": 90, "texture": "#3"},
				"down": {"uv": [0, 0, 3.19, 0.9], "rotation": 270, "texture": "#3"}
			}
		},
		{
			"name": "Handle",
			"from": [1.729, 12.275, 1.42955],
			"to": [1.829, 12.5, 1.66455],
			"rotation": {"angle": 22.5, "axis": "y", "origin": [1.55772, 12.3875, 1.64379]},
			"faces": {
				"north": {"uv": [0, 0, 0.9, 0.5], "texture": "#3"},
				"east": {"uv": [0, 0, 3.21, 0.5], "texture": "#3"},
				"south": {"uv": [0, 0, 0.9, 0.5], "texture": "#3"},
				"west": {"uv": [0, 0, 3.21, 0.5], "texture": "#3"},
				"up": {"uv": [0, 0, 3.19, 0.9], "rotation": 90, "texture": "#3"},
				"down": {"uv": [0, 0, 3.19, 0.9], "rotation": 270, "texture": "#3"}
			}
		},
		{
			"name": "Handle",
			"from": [1.3267, 12.275, -0.115],
			"to": [1.4017, 12.5, -0.005],
			"rotation": {"angle": -22.5, "axis": "y", "origin": [1.4392, 12.3875, -0.08802]},
			"faces": {
				"north": {"uv": [0, 0, 0.9, 0.5], "texture": "#3"},
				"east": {"uv": [0, 0, 3.21, 0.5], "texture": "#3"},
				"south": {"uv": [0, 0, 0.9, 0.5], "texture": "#3"},
				"west": {"uv": [0, 0, 3.21, 0.5], "texture": "#3"},
				"up": {"uv": [0, 0, 3.19, 0.9], "rotation": 270, "texture": "#3"},
				"down": {"uv": [0, 0, 3.19, 0.9], "rotation": 90, "texture": "#3"}
			}
		},
		{
			"name": "Handle",
			"from": [2.01766, 12.275, 0.08698],
			"to": [2.37766, 12.5, 0.16198],
			"rotation": {"angle": -45, "axis": "y", "origin": [2.31016, 12.3875, 0.07448]},
			"faces": {
				"north": {"uv": [0, 0, 3.21, 0.5], "texture": "#3"},
				"east": {"uv": [0, 0, 0.9, 0.5], "texture": "#3"},
				"south": {"uv": [0, 0, 3.21, 0.5], "texture": "#3"},
				"west": {"uv": [0, 0, 0.9, 0.5], "texture": "#3"},
				"up": {"uv": [0, 0, 3.19, 0.9], "rotation": 180, "texture": "#3"},
				"down": {"uv": [0, 0, 3.19, 0.9], "rotation": 180, "texture": "#3"}
			}
		},
		{
			"name": "Handle",
			"from": [-0.185, 12.3, 0.825],
			"to": [2.275, 12.475, 1.175],
			"faces": {
				"north": {"uv": [0, 0, 3.21, 0.5], "texture": "#black_concrete"},
				"east": {"uv": [0, 0, 0.9, 0.5], "texture": "#black_concrete"},
				"south": {"uv": [0, 0, 3.21, 0.5], "texture": "#black_concrete"},
				"west": {"uv": [0, 0, 0.9, 0.5], "texture": "#black_concrete"},
				"up": {"uv": [0, 0, 3.19, 0.9], "texture": "#black_concrete"},
				"down": {"uv": [0, 0, 3.19, 0.9], "texture": "#black_concrete"}
			}
		},
		{
			"name": "Handle",
			"from": [0.515, 12.3, 0.825],
			"to": [2.275, 12.475, 1.35],
			"faces": {
				"north": {"uv": [0, 0, 3.21, 0.5], "texture": "#black_concrete"},
				"east": {"uv": [0, 0, 0.9, 0.5], "texture": "#black_concrete"},
				"south": {"uv": [0, 0, 3.21, 0.5], "texture": "#black_concrete"},
				"west": {"uv": [0, 0, 0.9, 0.5], "texture": "#black_concrete"},
				"up": {"uv": [0, 0, 3.19, 0.9], "texture": "#black_concrete"},
				"down": {"uv": [0, 0, 3.19, 0.9], "texture": "#black_concrete"}
			}
		},
		{
			"name": "Handle",
			"from": [-0.235, 12.3, 0.125],
			"to": [2.275, 12.475, 0.825],
			"faces": {
				"north": {"uv": [0, 0, 3.21, 0.5], "texture": "#black_concrete"},
				"east": {"uv": [0, 0, 0.9, 0.5], "texture": "#black_concrete"},
				"south": {"uv": [0, 0, 3.21, 0.5], "texture": "#black_concrete"},
				"west": {"uv": [0, 0, 0.9, 0.5], "texture": "#black_concrete"},
				"up": {"uv": [0, 0, 3.19, 0.9], "texture": "#black_concrete"},
				"down": {"uv": [0, 0, 3.19, 0.9], "texture": "#black_concrete"}
			}
		},
		{
			"name": "Handle",
			"from": [-0.11, 12.3, 0.075],
			"to": [2.1, 12.475, 0.825],
			"faces": {
				"north": {"uv": [0, 0, 3.21, 0.5], "texture": "#black_concrete"},
				"east": {"uv": [0, 0, 0.9, 0.5], "texture": "#black_concrete"},
				"south": {"uv": [0, 0, 3.21, 0.5], "texture": "#black_concrete"},
				"west": {"uv": [0, 0, 0.9, 0.5], "texture": "#black_concrete"},
				"up": {"uv": [0, 0, 3.19, 0.9], "texture": "#black_concrete"},
				"down": {"uv": [0, 0, 3.19, 0.9], "texture": "#black_concrete"}
			}
		},
		{
			"name": "Handle",
			"from": [-0.06, 12.3, -0.05],
			"to": [2.1, 12.475, 0.125],
			"faces": {
				"north": {"uv": [0, 0, 3.21, 0.5], "texture": "#black_concrete"},
				"east": {"uv": [0, 0, 0.9, 0.5], "texture": "#black_concrete"},
				"south": {"uv": [0, 0, 3.21, 0.5], "texture": "#black_concrete"},
				"west": {"uv": [0, 0, 0.9, 0.5], "texture": "#black_concrete"},
				"up": {"uv": [0, 0, 3.19, 0.9], "texture": "#black_concrete"},
				"down": {"uv": [0, 0, 3.19, 0.9], "texture": "#black_concrete"}
			}
		},
		{
			"name": "Handle",
			"from": [2.01287, 12.3, 0.81909],
			"to": [2.37287, 12.475, 0.94409],
			"rotation": {"angle": 45, "axis": "y", "origin": [2.41787, 12.2375, 0.75659]},
			"faces": {
				"north": {"uv": [0, 0, 3.21, 0.5], "texture": "#black_concrete"},
				"east": {"uv": [0, 0, 0.9, 0.5], "texture": "#black_concrete"},
				"south": {"uv": [0, 0, 3.21, 0.5], "texture": "#black_concrete"},
				"west": {"uv": [0, 0, 0.9, 0.5], "texture": "#black_concrete"},
				"up": {"uv": [0, 0, 3.19, 0.9], "texture": "#black_concrete"},
				"down": {"uv": [0, 0, 3.19, 0.9], "texture": "#black_concrete"}
			}
		},
		{
			"name": "Handle",
			"from": [2.015, 12.3, 0.325],
			"to": [2.475, 12.475, 0.7],
			"rotation": {"angle": 22.5, "axis": "y", "origin": [2.945, 12.2375, 0.2]},
			"faces": {
				"north": {"uv": [0, 0, 3.21, 0.5], "texture": "#black_concrete"},
				"east": {"uv": [0, 0, 0.9, 0.5], "texture": "#black_concrete"},
				"south": {"uv": [0, 0, 3.21, 0.5], "texture": "#black_concrete"},
				"west": {"uv": [0, 0, 0.9, 0.5], "texture": "#black_concrete"},
				"up": {"uv": [0, 0, 3.19, 0.9], "texture": "#black_concrete"},
				"down": {"uv": [0, 0, 3.19, 0.9], "texture": "#black_concrete"}
			}
		},
		{
			"name": "Handle",
			"from": [2.57483, 12.3, 0.44678],
			"to": [2.64983, 12.475, 0.60678],
			"rotation": {"angle": -22.5, "axis": "y", "origin": [2.61233, 12.2375, 0.52678]},
			"faces": {
				"north": {"uv": [0, 0, 0.9, 0.5], "texture": "#black_concrete"},
				"east": {"uv": [0, 0, 3.21, 0.5], "texture": "#black_concrete"},
				"south": {"uv": [0, 0, 0.9, 0.5], "texture": "#black_concrete"},
				"west": {"uv": [0, 0, 3.21, 0.5], "texture": "#black_concrete"},
				"up": {"uv": [0, 0, 3.19, 0.9], "rotation": 270, "texture": "#black_concrete"},
				"down": {"uv": [0, 0, 3.19, 0.9], "rotation": 90, "texture": "#black_concrete"}
			}
		},
		{
			"name": "Handle",
			"from": [2.5175, 12.3, 0.53517],
			"to": [2.6425, 12.475, 0.69517],
			"rotation": {"angle": -22.5, "axis": "y", "origin": [2.63, 12.2375, 0.61517]},
			"faces": {
				"north": {"uv": [0, 0, 0.9, 0.5], "texture": "#black_concrete"},
				"east": {"uv": [0, 0, 3.21, 0.5], "texture": "#black_concrete"},
				"south": {"uv": [0, 0, 0.9, 0.5], "texture": "#black_concrete"},
				"west": {"uv": [0, 0, 3.21, 0.5], "texture": "#black_concrete"},
				"up": {"uv": [0, 0, 3.19, 0.9], "rotation": 270, "texture": "#black_concrete"},
				"down": {"uv": [0, 0, 3.19, 0.9], "rotation": 90, "texture": "#black_concrete"}
			}
		},
		{
			"name": "Handle",
			"from": [2.24627, 12.3, 0.54249],
			"to": [2.32127, 12.475, 0.65249],
			"rotation": {"angle": 45, "axis": "y", "origin": [2.25877, 12.2375, 0.59749]},
			"faces": {
				"north": {"uv": [0, 0, 0.9, 0.5], "texture": "#black_concrete"},
				"east": {"uv": [0, 0, 3.21, 0.5], "texture": "#black_concrete"},
				"south": {"uv": [0, 0, 0.9, 0.5], "texture": "#black_concrete"},
				"west": {"uv": [0, 0, 3.21, 0.5], "texture": "#black_concrete"},
				"up": {"uv": [0, 0, 3.19, 0.9], "rotation": 90, "texture": "#black_concrete"},
				"down": {"uv": [0, 0, 3.19, 0.9], "rotation": 270, "texture": "#black_concrete"}
			}
		},
		{
			"name": "Handle",
			"from": [1.21939, 12.3, 1.25744],
			"to": [1.67939, 12.475, 1.63244],
			"rotation": {"angle": 22.5, "axis": "y", "origin": [1.39752, 12.2375, 1.49266]},
			"faces": {
				"north": {"uv": [0, 0, 3.21, 0.5], "texture": "#black_concrete"},
				"east": {"uv": [0, 0, 0.9, 0.5], "texture": "#black_concrete"},
				"south": {"uv": [0, 0, 3.21, 0.5], "texture": "#black_concrete"},
				"west": {"uv": [0, 0, 0.9, 0.5], "texture": "#black_concrete"},
				"up": {"uv": [0, 0, 3.19, 0.9], "rotation": 180, "texture": "#black_concrete"},
				"down": {"uv": [0, 0, 3.19, 0.9], "rotation": 180, "texture": "#black_concrete"}
			}
		},
		{
			"name": "Handle",
			"from": [1.54625, 12.3, 1.52898],
			"to": [1.62125, 12.475, 1.68898],
			"rotation": {"angle": -22.5, "axis": "y", "origin": [1.39752, 12.2375, 1.49266]},
			"faces": {
				"north": {"uv": [0, 0, 0.9, 0.5], "texture": "#black_concrete"},
				"east": {"uv": [0, 0, 3.21, 0.5], "texture": "#black_concrete"},
				"south": {"uv": [0, 0, 0.9, 0.5], "texture": "#black_concrete"},
				"west": {"uv": [0, 0, 3.21, 0.5], "texture": "#black_concrete"},
				"up": {"uv": [0, 0, 3.19, 0.9], "rotation": 90, "texture": "#black_concrete"},
				"down": {"uv": [0, 0, 3.19, 0.9], "rotation": 270, "texture": "#black_concrete"}
			}
		},
		{
			"name": "Handle",
			"from": [1.52109, 12.3, 1.45408],
			"to": [1.64609, 12.475, 1.61408],
			"rotation": {"angle": -22.5, "axis": "y", "origin": [1.39752, 12.2375, 1.49266]},
			"faces": {
				"north": {"uv": [0, 0, 0.9, 0.5], "texture": "#black_concrete"},
				"east": {"uv": [0, 0, 3.21, 0.5], "texture": "#black_concrete"},
				"south": {"uv": [0, 0, 0.9, 0.5], "texture": "#black_concrete"},
				"west": {"uv": [0, 0, 3.21, 0.5], "texture": "#black_concrete"},
				"up": {"uv": [0, 0, 3.19, 0.9], "rotation": 90, "texture": "#black_concrete"},
				"down": {"uv": [0, 0, 3.19, 0.9], "rotation": 270, "texture": "#black_concrete"}
			}
		},
		{
			"name": "Handle",
			"from": [1.44329, 12.3, 1.46399],
			"to": [1.55329, 12.475, 1.53899],
			"rotation": {"angle": -45, "axis": "y", "origin": [1.39752, 12.2375, 1.49266]},
			"faces": {
				"north": {"uv": [0, 0, 3.21, 0.5], "texture": "#black_concrete"},
				"east": {"uv": [0, 0, 0.9, 0.5], "texture": "#black_concrete"},
				"south": {"uv": [0, 0, 3.21, 0.5], "texture": "#black_concrete"},
				"west": {"uv": [0, 0, 0.9, 0.5], "texture": "#black_concrete"},
				"up": {"uv": [0, 0, 3.19, 0.9], "rotation": 180, "texture": "#black_concrete"},
				"down": {"uv": [0, 0, 3.19, 0.9], "rotation": 180, "texture": "#black_concrete"}
			}
		},
		{
			"name": "Handle",
			"from": [0.72635, 12.3, -0.1456],
			"to": [1.08635, 12.475, -0.0206],
			"rotation": {"angle": 0, "axis": "y", "origin": [1.19752, 12.2375, -0.23234]},
			"faces": {
				"north": {"uv": [0, 0, 3.21, 0.5], "texture": "#black_concrete"},
				"east": {"uv": [0, 0, 0.9, 0.5], "texture": "#black_concrete"},
				"south": {"uv": [0, 0, 3.21, 0.5], "texture": "#black_concrete"},
				"west": {"uv": [0, 0, 0.9, 0.5], "texture": "#black_concrete"},
				"up": {"uv": [0, 0, 3.19, 0.9], "texture": "#black_concrete"},
				"down": {"uv": [0, 0, 3.19, 0.9], "texture": "#black_concrete"}
			}
		},
		{
			"name": "Handle",
			"from": [0.91566, 12.3, -0.42212],
			"to": [1.37566, 12.475, 0.00288],
			"rotation": {"angle": -22.5, "axis": "y", "origin": [1.19752, 12.2375, -0.23234]},
			"faces": {
				"north": {"uv": [0, 0, 3.21, 0.5], "texture": "#black_concrete"},
				"east": {"uv": [0, 0, 0.9, 0.5], "texture": "#black_concrete"},
				"south": {"uv": [0, 0, 3.21, 0.5], "texture": "#black_concrete"},
				"west": {"uv": [0, 0, 0.9, 0.5], "texture": "#black_concrete"},
				"up": {"uv": [0, 0, 3.19, 0.9], "texture": "#black_concrete"},
				"down": {"uv": [0, 0, 3.19, 0.9], "texture": "#black_concrete"}
			}
		},
		{
			"name": "Handle",
			"from": [1.28384, 12.3, -0.45606],
			"to": [1.44384, 12.475, -0.38106],
			"rotation": {"angle": 22.5, "axis": "y", "origin": [1.19752, 12.2375, -0.23234]},
			"faces": {
				"north": {"uv": [0, 0, 3.21, 0.5], "texture": "#black_concrete"},
				"east": {"uv": [0, 0, 0.9, 0.5], "texture": "#black_concrete"},
				"south": {"uv": [0, 0, 3.21, 0.5], "texture": "#black_concrete"},
				"west": {"uv": [0, 0, 0.9, 0.5], "texture": "#black_concrete"},
				"up": {"uv": [0, 0, 3.19, 0.9], "texture": "#black_concrete"},
				"down": {"uv": [0, 0, 3.19, 0.9], "texture": "#black_concrete"}
			}
		},
		{
			"name": "Handle",
			"from": [2.08745, 12.3, 0.01363],
			"to": [2.34745, 12.475, 0.08863],
			"rotation": {"angle": -45, "axis": "y", "origin": [2.16745, 12.3875, -0.02387]},
			"faces": {
				"north": {"uv": [0, 0, 3.21, 0.5], "texture": "#black_concrete"},
				"east": {"uv": [0, 0, 0.9, 0.5], "texture": "#black_concrete"},
				"south": {"uv": [0, 0, 3.21, 0.5], "texture": "#black_concrete"},
				"west": {"uv": [0, 0, 0.9, 0.5], "texture": "#black_concrete"},
				"up": {"uv": [0, 0, 3.19, 0.9], "texture": "#black_concrete"},
				"down": {"uv": [0, 0, 3.19, 0.9], "texture": "#black_concrete"}
			}
		},
		{
			"name": "Handle",
			"from": [2.16245, 12.3, 0.06363],
			"to": [2.27245, 12.475, 0.13863],
			"rotation": {"angle": -45, "axis": "y", "origin": [2.16745, 12.3875, -0.02387]},
			"faces": {
				"north": {"uv": [0, 0, 3.21, 0.5], "texture": "#black_concrete"},
				"east": {"uv": [0, 0, 0.9, 0.5], "texture": "#black_concrete"},
				"south": {"uv": [0, 0, 3.21, 0.5], "texture": "#black_concrete"},
				"west": {"uv": [0, 0, 0.9, 0.5], "texture": "#black_concrete"},
				"up": {"uv": [0, 0, 3.19, 0.9], "texture": "#black_concrete"},
				"down": {"uv": [0, 0, 3.19, 0.9], "texture": "#black_concrete"}
			}
		},
		{
			"name": "Handle",
			"from": [1.20895, 12.3, -0.4809],
			"to": [1.36895, 12.475, -0.3559],
			"rotation": {"angle": 22.5, "axis": "y", "origin": [1.19752, 12.2375, -0.23234]},
			"faces": {
				"north": {"uv": [0, 0, 3.21, 0.5], "texture": "#black_concrete"},
				"east": {"uv": [0, 0, 0.9, 0.5], "texture": "#black_concrete"},
				"south": {"uv": [0, 0, 3.21, 0.5], "texture": "#black_concrete"},
				"west": {"uv": [0, 0, 0.9, 0.5], "texture": "#black_concrete"},
				"up": {"uv": [0, 0, 3.19, 0.9], "texture": "#black_concrete"},
				"down": {"uv": [0, 0, 3.19, 0.9], "texture": "#black_concrete"}
			}
		},
		{
			"name": "Handle",
			"from": [1.11885, 12.3, -0.4881],
			"to": [1.19385, 12.475, -0.3781],
			"rotation": {"angle": 0, "axis": "y", "origin": [1.19752, 12.2375, -0.23234]},
			"faces": {
				"north": {"uv": [0, 0, 0.9, 0.5], "texture": "#black_concrete"},
				"east": {"uv": [0, 0, 3.21, 0.5], "texture": "#black_concrete"},
				"south": {"uv": [0, 0, 0.9, 0.5], "texture": "#black_concrete"},
				"west": {"uv": [0, 0, 3.21, 0.5], "texture": "#black_concrete"},
				"up": {"uv": [0, 0, 3.19, 0.9], "rotation": 90, "texture": "#black_concrete"},
				"down": {"uv": [0, 0, 3.19, 0.9], "rotation": 270, "texture": "#black_concrete"}
			}
		},
		{
			"name": "Handle",
			"from": [-0.04865, 12.3, -0.1456],
			"to": [0.31135, 12.475, -0.0206],
			"rotation": {"angle": 0, "axis": "y", "origin": [0.42252, 12.2375, -0.23234]},
			"faces": {
				"north": {"uv": [0, 0, 3.21, 0.5], "texture": "#black_concrete"},
				"east": {"uv": [0, 0, 0.9, 0.5], "texture": "#black_concrete"},
				"south": {"uv": [0, 0, 3.21, 0.5], "texture": "#black_concrete"},
				"west": {"uv": [0, 0, 0.9, 0.5], "texture": "#black_concrete"},
				"up": {"uv": [0, 0, 3.19, 0.9], "texture": "#black_concrete"},
				"down": {"uv": [0, 0, 3.19, 0.9], "texture": "#black_concrete"}
			}
		},
		{
			"name": "Handle",
			"from": [0.14066, 12.3, -0.24712],
			"to": [0.52566, 12.475, 0.00288],
			"rotation": {"angle": -22.5, "axis": "y", "origin": [0.42252, 12.2375, -0.23234]},
			"faces": {
				"north": {"uv": [0, 0, 3.21, 0.5], "texture": "#black_concrete"},
				"east": {"uv": [0, 0, 0.9, 0.5], "texture": "#black_concrete"},
				"south": {"uv": [0, 0, 3.21, 0.5], "texture": "#black_concrete"},
				"west": {"uv": [0, 0, 0.9, 0.5], "texture": "#black_concrete"},
				"up": {"uv": [0, 0, 3.19, 0.9], "texture": "#black_concrete"},
				"down": {"uv": [0, 0, 3.19, 0.9], "texture": "#black_concrete"}
			}
		},
		{
			"name": "Handle",
			"from": [0.40884, 12.3, -0.33106],
			"to": [0.56884, 12.475, -0.25606],
			"rotation": {"angle": 22.5, "axis": "y", "origin": [0.32252, 12.2375, -0.10734]},
			"faces": {
				"north": {"uv": [0, 0, 3.21, 0.5], "texture": "#black_concrete"},
				"east": {"uv": [0, 0, 0.9, 0.5], "texture": "#black_concrete"},
				"south": {"uv": [0, 0, 3.21, 0.5], "texture": "#black_concrete"},
				"west": {"uv": [0, 0, 0.9, 0.5], "texture": "#black_concrete"},
				"up": {"uv": [0, 0, 3.19, 0.9], "texture": "#black_concrete"},
				"down": {"uv": [0, 0, 3.19, 0.9], "texture": "#black_concrete"}
			}
		},
		{
			"name": "Handle",
			"from": [0.40884, 12.3, -0.05606],
			"to": [0.46884, 12.475, 0.01894],
			"rotation": {"angle": 22.5, "axis": "y", "origin": [0.32252, 12.2375, -0.10734]},
			"faces": {
				"north": {"uv": [0, 0, 3.21, 0.5], "texture": "#black_concrete"},
				"east": {"uv": [0, 0, 0.9, 0.5], "texture": "#black_concrete"},
				"south": {"uv": [0, 0, 3.21, 0.5], "texture": "#black_concrete"},
				"west": {"uv": [0, 0, 0.9, 0.5], "texture": "#black_concrete"},
				"up": {"uv": [0, 0, 3.19, 0.9], "texture": "#black_concrete"},
				"down": {"uv": [0, 0, 3.19, 0.9], "texture": "#black_concrete"}
			}
		},
		{
			"name": "Handle",
			"from": [0.58814, 12.3, -0.0418],
			"to": [0.66314, 12.475, 0.0432],
			"rotation": {"angle": 45, "axis": "y", "origin": [0.62564, 12.2375, -0.1368]},
			"faces": {
				"north": {"uv": [0, 0, 0.9, 0.5], "texture": "#black_concrete"},
				"east": {"uv": [0, 0, 3.21, 0.5], "texture": "#black_concrete"},
				"south": {"uv": [0, 0, 0.9, 0.5], "texture": "#black_concrete"},
				"west": {"uv": [0, 0, 3.21, 0.5], "texture": "#black_concrete"},
				"up": {"uv": [0, 0, 3.19, 0.9], "rotation": 90, "texture": "#black_concrete"},
				"down": {"uv": [0, 0, 3.19, 0.9], "rotation": 270, "texture": "#black_concrete"}
			}
		},
		{
			"name": "Handle",
			"from": [0.26314, 12.3, 1.5832],
			"to": [0.33814, 12.475, 1.6682],
			"rotation": {"angle": 45, "axis": "y", "origin": [0.62564, 12.2375, -0.1368]},
			"faces": {
				"north": {"uv": [0, 0, 0.9, 0.5], "texture": "#black_concrete"},
				"east": {"uv": [0, 0, 3.21, 0.5], "texture": "#black_concrete"},
				"south": {"uv": [0, 0, 0.9, 0.5], "texture": "#black_concrete"},
				"west": {"uv": [0, 0, 3.21, 0.5], "texture": "#black_concrete"},
				"up": {"uv": [0, 0, 3.19, 0.9], "rotation": 90, "texture": "#black_concrete"},
				"down": {"uv": [0, 0, 3.19, 0.9], "rotation": 270, "texture": "#black_concrete"}
			}
		},
		{
			"name": "Handle",
			"from": [-0.08686, 12.3, 1.2582],
			"to": [-0.01186, 12.475, 1.3432],
			"rotation": {"angle": 45, "axis": "y", "origin": [0.62564, 12.2375, -0.1368]},
			"faces": {
				"north": {"uv": [0, 0, 0.9, 0.5], "texture": "#black_concrete"},
				"east": {"uv": [0, 0, 3.21, 0.5], "texture": "#black_concrete"},
				"south": {"uv": [0, 0, 0.9, 0.5], "texture": "#black_concrete"},
				"west": {"uv": [0, 0, 3.21, 0.5], "texture": "#black_concrete"},
				"up": {"uv": [0, 0, 3.19, 0.9], "rotation": 90, "texture": "#black_concrete"},
				"down": {"uv": [0, 0, 3.19, 0.9], "rotation": 270, "texture": "#black_concrete"}
			}
		},
		{
			"name": "Handle",
			"from": [0.33395, 12.3, -0.3559],
			"to": [0.49395, 12.475, -0.2309],
			"rotation": {"angle": 22.5, "axis": "y", "origin": [0.32252, 12.2375, -0.10734]},
			"faces": {
				"north": {"uv": [0, 0, 3.21, 0.5], "texture": "#black_concrete"},
				"east": {"uv": [0, 0, 0.9, 0.5], "texture": "#black_concrete"},
				"south": {"uv": [0, 0, 3.21, 0.5], "texture": "#black_concrete"},
				"west": {"uv": [0, 0, 0.9, 0.5], "texture": "#black_concrete"},
				"up": {"uv": [0, 0, 3.19, 0.9], "texture": "#black_concrete"},
				"down": {"uv": [0, 0, 3.19, 0.9], "texture": "#black_concrete"}
			}
		},
		{
			"name": "Handle",
			"from": [0.24385, 12.3, -0.3631],
			"to": [0.31885, 12.475, -0.2531],
			"rotation": {"angle": 0, "axis": "y", "origin": [0.32252, 12.2375, -0.10734]},
			"faces": {
				"north": {"uv": [0, 0, 0.9, 0.5], "texture": "#black_concrete"},
				"east": {"uv": [0, 0, 3.21, 0.5], "texture": "#black_concrete"},
				"south": {"uv": [0, 0, 0.9, 0.5], "texture": "#black_concrete"},
				"west": {"uv": [0, 0, 3.21, 0.5], "texture": "#black_concrete"},
				"up": {"uv": [0, 0, 3.19, 0.9], "rotation": 90, "texture": "#black_concrete"},
				"down": {"uv": [0, 0, 3.19, 0.9], "rotation": 270, "texture": "#black_concrete"}
			}
		},
		{
			"name": "hexadecagon",
			"from": [0.25914, 12.25, 1.14255],
			"to": [0.45806, 12.475, 1.54255],
			"rotation": {"angle": 45, "axis": "y", "origin": [0.15954, 12.2125, 1.125]},
			"faces": {
				"north": {"uv": [0, 0, 1, 1], "texture": "#black_concrete"},
				"east": {"uv": [0, 0, 1, 1], "texture": "#black_concrete"},
				"south": {"uv": [0, 0, 1, 1], "texture": "#black_concrete"},
				"west": {"uv": [0, 0, 1, 1], "texture": "#black_concrete"},
				"up": {"uv": [0, 0, 1, 1], "texture": "#black_concrete"},
				"down": {"uv": [0, 0, 1, 1], "texture": "#black_concrete"}
			}
		},
		{
			"name": "hexadecagon",
			"from": [0.27913, 12.25, 0.93862],
			"to": [0.67913, 12.475, 1.13753],
			"rotation": {"angle": -22.5, "axis": "y", "origin": [0.45413, 12.2125, 1.13808]},
			"faces": {
				"north": {"uv": [0, 0, 1, 1], "texture": "#black_concrete"},
				"east": {"uv": [0, 0, 1, 1], "texture": "#black_concrete"},
				"south": {"uv": [0, 0, 1, 1], "texture": "#black_concrete"},
				"west": {"uv": [0, 0, 1, 1], "texture": "#black_concrete"},
				"up": {"uv": [0, 0, 1, 1], "rotation": 270, "texture": "#black_concrete"},
				"down": {"uv": [0, 0, 1, 1], "rotation": 90, "texture": "#black_concrete"}
			}
		},
		{
			"name": "hexadecagon",
			"from": [0.21244, 12.25, 1.07265],
			"to": [0.41135, 12.475, 1.47265],
			"rotation": {"angle": 22.5, "axis": "y", "origin": [0.15954, 12.2125, 1.125]},
			"faces": {
				"north": {"uv": [0, 0, 1, 1], "texture": "#black_concrete"},
				"east": {"uv": [0, 0, 1, 1], "texture": "#black_concrete"},
				"south": {"uv": [0, 0, 1, 1], "texture": "#black_concrete"},
				"west": {"uv": [0, 0, 1, 1], "texture": "#black_concrete"},
				"up": {"uv": [0, 0, 1, 1], "texture": "#black_concrete"},
				"down": {"uv": [0, 0, 1, 1], "texture": "#black_concrete"}
			}
		},
		{
			"name": "hexadecagon",
			"from": [0.14254, 12.25, 1.02594],
			"to": [0.34145, 12.475, 1.42594],
			"rotation": {"angle": 0, "axis": "y", "origin": [0.15954, 12.2125, 1.125]},
			"faces": {
				"north": {"uv": [0, 0, 1, 1], "texture": "#black_concrete"},
				"east": {"uv": [0, 0, 1, 1], "texture": "#black_concrete"},
				"south": {"uv": [0, 0, 1, 1], "texture": "#black_concrete"},
				"west": {"uv": [0, 0, 1, 1], "texture": "#black_concrete"},
				"up": {"uv": [0, 0, 1, 1], "rotation": 270, "texture": "#black_concrete"},
				"down": {"uv": [0, 0, 1, 1], "rotation": 90, "texture": "#black_concrete"}
			}
		},
		{
			"name": "hexadecagon",
			"from": [0.06009, 12.25, 1.00954],
			"to": [0.259, 12.475, 1.40954],
			"rotation": {"angle": -22.5, "axis": "y", "origin": [0.15954, 12.2125, 1.125]},
			"faces": {
				"north": {"uv": [0, 0, 1, 1], "texture": "#black_concrete"},
				"east": {"uv": [0, 0, 1, 1], "texture": "#black_concrete"},
				"south": {"uv": [0, 0, 1, 1], "texture": "#black_concrete"},
				"west": {"uv": [0, 0, 1, 1], "texture": "#black_concrete"},
				"up": {"uv": [0, 0, 1, 1], "rotation": 270, "texture": "#black_concrete"},
				"down": {"uv": [0, 0, 1, 1], "rotation": 90, "texture": "#black_concrete"}
			}
		},
		{
			"name": "hexadecagon",
			"from": [-0.1414, 12.25, 0.94309],
			"to": [0.2586, 12.475, 1.142],
			"rotation": {"angle": 45, "axis": "y", "origin": [0.15954, 12.2125, 1.125]},
			"faces": {
				"north": {"uv": [0, 0, 1, 1], "texture": "#black_concrete"},
				"east": {"uv": [0, 0, 1, 1], "texture": "#black_concrete"},
				"south": {"uv": [0, 0, 1, 1], "texture": "#black_concrete"},
				"west": {"uv": [0, 0, 1, 1], "texture": "#black_concrete"},
				"up": {"uv": [0, 0, 1, 1], "texture": "#black_concrete"},
				"down": {"uv": [0, 0, 1, 1], "texture": "#black_concrete"}
			}
		},
		{
			"name": "hexadecagon",
			"from": [-0.18811, 12.25, 0.87319],
			"to": [0.21189, 12.475, 1.0721],
			"rotation": {"angle": 22.5, "axis": "y", "origin": [0.15954, 12.2125, 1.125]},
			"faces": {
				"north": {"uv": [0, 0, 1, 1], "texture": "#black_concrete"},
				"east": {"uv": [0, 0, 1, 1], "texture": "#black_concrete"},
				"south": {"uv": [0, 0, 1, 1], "texture": "#black_concrete"},
				"west": {"uv": [0, 0, 1, 1], "texture": "#black_concrete"},
				"up": {"uv": [0, 0, 1, 1], "rotation": 270, "texture": "#black_concrete"},
				"down": {"uv": [0, 0, 1, 1], "rotation": 90, "texture": "#black_concrete"}
			}
		},
		{
			"name": "hexadecagon",
			"from": [-0.25801, 12.25, 0.82649],
			"to": [0.14199, 12.475, 1.0254],
			"rotation": {"angle": 0, "axis": "y", "origin": [0.15954, 12.2125, 1.125]},
			"faces": {
				"north": {"uv": [0, 0, 1, 1], "texture": "#black_concrete"},
				"east": {"uv": [0, 0, 1, 1], "texture": "#black_concrete"},
				"south": {"uv": [0, 0, 1, 1], "texture": "#black_concrete"},
				"west": {"uv": [0, 0, 1, 1], "texture": "#black_concrete"},
				"up": {"uv": [0, 0, 1, 1], "rotation": 270, "texture": "#black_concrete"},
				"down": {"uv": [0, 0, 1, 1], "rotation": 90, "texture": "#black_concrete"}
			}
		},
		{
			"name": "hexadecagon",
			"from": [-0.09946, 12.25, 0.675],
			"to": [0.09946, 12.475, 1.075],
			"rotation": {"angle": -22.5, "axis": "y", "origin": [0, 11.475, 0.575]},
			"faces": {
				"north": {"uv": [0, 0, 1, 1], "texture": "#black_concrete"},
				"east": {"uv": [0, 0, 1, 1], "texture": "#black_concrete"},
				"south": {"uv": [0, 0, 1, 1], "texture": "#black_concrete"},
				"west": {"uv": [0, 0, 1, 1], "texture": "#black_concrete"},
				"up": {"uv": [0, 0, 1, 1], "texture": "#black_concrete"},
				"down": {"uv": [0, 0, 1, 1], "texture": "#black_concrete"}
			}
		},
		{
			"name": "hexadecagon",
			"from": [-0.09946, 12.25, 0.675],
			"to": [0.09946, 12.475, 1.075],
			"rotation": {"angle": -45, "axis": "y", "origin": [0, 11.475, 0.575]},
			"faces": {
				"north": {"uv": [0, 0, 1, 1], "texture": "#black_concrete"},
				"east": {"uv": [0, 0, 1, 1], "texture": "#black_concrete"},
				"south": {"uv": [0, 0, 1, 1], "texture": "#black_concrete"},
				"west": {"uv": [0, 0, 1, 1], "texture": "#black_concrete"},
				"up": {"uv": [0, 0, 1, 1], "texture": "#black_concrete"},
				"down": {"uv": [0, 0, 1, 1], "texture": "#black_concrete"}
			}
		},
		{
			"name": "hexadecagon",
			"from": [-0.5, 12.25, 0.47554],
			"to": [-0.1, 12.475, 0.67446],
			"rotation": {"angle": 22.5, "axis": "y", "origin": [0, 11.475, 0.575]},
			"faces": {
				"north": {"uv": [0, 0, 1, 1], "texture": "#black_concrete"},
				"east": {"uv": [0, 0, 1, 1], "texture": "#black_concrete"},
				"south": {"uv": [0, 0, 1, 1], "texture": "#black_concrete"},
				"west": {"uv": [0, 0, 1, 1], "texture": "#black_concrete"},
				"up": {"uv": [0, 0, 1, 1], "texture": "#black_concrete"},
				"down": {"uv": [0, 0, 1, 1], "texture": "#black_concrete"}
			}
		},
		{
			"name": "hexadecagon",
			"from": [-0.5, 12.25, 0.47554],
			"to": [-0.1, 12.475, 0.67446],
			"rotation": {"angle": 0, "axis": "y", "origin": [0, 11.475, 0.575]},
			"faces": {
				"north": {"uv": [0, 0, 1, 1], "texture": "#black_concrete"},
				"east": {"uv": [0, 0, 1, 1], "texture": "#black_concrete"},
				"south": {"uv": [0, 0, 1, 1], "texture": "#black_concrete"},
				"west": {"uv": [0, 0, 1, 1], "texture": "#black_concrete"},
				"up": {"uv": [0, 0, 1, 1], "texture": "#black_concrete"},
				"down": {"uv": [0, 0, 1, 1], "texture": "#black_concrete"}
			}
		},
		{
			"name": "hexadecagon",
			"from": [-0.5, 12.25, 0.47554],
			"to": [-0.1, 12.475, 0.67446],
			"rotation": {"angle": -22.5, "axis": "y", "origin": [0, 11.475, 0.575]},
			"faces": {
				"north": {"uv": [0, 0, 1, 1], "texture": "#black_concrete"},
				"east": {"uv": [0, 0, 1, 1], "texture": "#black_concrete"},
				"south": {"uv": [0, 0, 1, 1], "texture": "#black_concrete"},
				"west": {"uv": [0, 0, 1, 1], "texture": "#black_concrete"},
				"up": {"uv": [0, 0, 1, 1], "texture": "#black_concrete"},
				"down": {"uv": [0, 0, 1, 1], "texture": "#black_concrete"}
			}
		},
		{
			"name": "hexadecagon",
			"from": [-0.09946, 12.25, 0.075],
			"to": [0.09946, 12.475, 0.475],
			"rotation": {"angle": 45, "axis": "y", "origin": [0, 11.475, 0.575]},
			"faces": {
				"north": {"uv": [0, 0, 1, 1], "texture": "#black_concrete"},
				"east": {"uv": [0, 0, 1, 1], "texture": "#black_concrete"},
				"south": {"uv": [0, 0, 1, 1], "texture": "#black_concrete"},
				"west": {"uv": [0, 0, 1, 1], "texture": "#black_concrete"},
				"up": {"uv": [0, 0, 1, 1], "texture": "#black_concrete"},
				"down": {"uv": [0, 0, 1, 1], "texture": "#black_concrete"}
			}
		},
		{
			"name": "hexadecagon",
			"from": [-0.09946, 12.25, 0.075],
			"to": [0.09946, 12.475, 0.475],
			"rotation": {"angle": 22.5, "axis": "y", "origin": [0, 11.475, 0.575]},
			"faces": {
				"north": {"uv": [0, 0, 1, 1], "texture": "#black_concrete"},
				"east": {"uv": [0, 0, 1, 1], "texture": "#black_concrete"},
				"south": {"uv": [0, 0, 1, 1], "texture": "#black_concrete"},
				"west": {"uv": [0, 0, 1, 1], "texture": "#black_concrete"},
				"up": {"uv": [0, 0, 1, 1], "texture": "#black_concrete"},
				"down": {"uv": [0, 0, 1, 1], "texture": "#black_concrete"}
			}
		},
		{
			"name": "hexadecagon",
			"from": [1.40054, 12.275, 0.1],
			"to": [1.59946, 12.5, 0.5],
			"rotation": {"angle": -45, "axis": "y", "origin": [1.5, 12, 0.6]},
			"faces": {
				"north": {"uv": [0, 0, 1, 1], "texture": "#5"},
				"east": {"uv": [0, 0, 1, 1], "texture": "#5"},
				"south": {"uv": [0, 0, 1, 1], "texture": "#5"},
				"west": {"uv": [0, 0, 1, 1], "texture": "#5"},
				"up": {"uv": [0, 0, 1, 1], "texture": "#5"},
				"down": {"uv": [0, 0, 1, 1], "texture": "#5"}
			}
		},
		{
			"name": "hexadecagon",
			"from": [1.40054, 12.275, 0.1],
			"to": [1.59946, 12.5, 0.5],
			"rotation": {"angle": -22.5, "axis": "y", "origin": [1.5, 12, 0.6]},
			"faces": {
				"north": {"uv": [0, 0, 1, 1], "texture": "#5"},
				"east": {"uv": [0, 0, 1, 1], "texture": "#5"},
				"south": {"uv": [0, 0, 1, 1], "texture": "#5"},
				"west": {"uv": [0, 0, 1, 1], "texture": "#5"},
				"up": {"uv": [0, 0, 1, 1], "texture": "#5"},
				"down": {"uv": [0, 0, 1, 1], "texture": "#5"}
			}
		},
		{
			"name": "hexadecagon",
			"from": [0.25054, 12.275, 0.1],
			"to": [1.59946, 12.5, 0.5],
			"rotation": {"angle": 0, "axis": "y", "origin": [1.5, 12, 0.6]},
			"faces": {
				"north": {"uv": [0, 0, 1, 1], "texture": "#5"},
				"east": {"uv": [0, 0, 1, 1], "texture": "#5"},
				"south": {"uv": [0, 0, 1, 1], "texture": "#5"},
				"west": {"uv": [0, 0, 1, 1], "texture": "#5"},
				"up": {"uv": [0, 0, 1, 1], "texture": "#5"},
				"down": {"uv": [0, 0, 1, 1], "texture": "#5"}
			}
		},
		{
			"name": "hexadecagon",
			"from": [0.25054, 12.275, 0.1],
			"to": [0.44946, 12.5, 0.5],
			"rotation": {"angle": 22.5, "axis": "y", "origin": [0.35, 12, 0.6]},
			"faces": {
				"north": {"uv": [0, 0, 1, 1], "texture": "#5"},
				"east": {"uv": [0, 0, 1, 1], "texture": "#5"},
				"south": {"uv": [0, 0, 1, 1], "texture": "#5"},
				"west": {"uv": [0, 0, 1, 1], "texture": "#5"},
				"up": {"uv": [0, 0, 1, 1], "texture": "#5"},
				"down": {"uv": [0, 0, 1, 1], "texture": "#5"}
			}
		},
		{
			"name": "hexadecagon",
			"from": [0.25054, 12.275, 0.1],
			"to": [0.44946, 12.5, 0.5],
			"rotation": {"angle": 45, "axis": "y", "origin": [0.35, 12, 0.6]},
			"faces": {
				"north": {"uv": [0, 0, 1, 1], "texture": "#5"},
				"east": {"uv": [0, 0, 1, 1], "texture": "#5"},
				"south": {"uv": [0, 0, 1, 1], "texture": "#5"},
				"west": {"uv": [0, 0, 1, 1], "texture": "#5"},
				"up": {"uv": [0, 0, 1, 1], "texture": "#5"},
				"down": {"uv": [0, 0, 1, 1], "texture": "#5"}
			}
		},
		{
			"name": "hexadecagon",
			"from": [0.25054, 12.275, 0.7],
			"to": [0.44946, 12.5, 1.1],
			"rotation": {"angle": -45, "axis": "y", "origin": [0.35, 12, 0.6]},
			"faces": {
				"north": {"uv": [0, 0, 1, 1], "texture": "#5"},
				"east": {"uv": [0, 0, 1, 1], "texture": "#5"},
				"south": {"uv": [0, 0, 1, 1], "texture": "#5"},
				"west": {"uv": [0, 0, 1, 1], "texture": "#5"},
				"up": {"uv": [0, 0, 1, 1], "texture": "#5"},
				"down": {"uv": [0, 0, 1, 1], "texture": "#5"}
			}
		},
		{
			"name": "hexadecagon",
			"from": [0.25054, 12.275, 0.7],
			"to": [0.44946, 12.5, 1.1],
			"rotation": {"angle": -22.5, "axis": "y", "origin": [0.35, 12, 0.6]},
			"faces": {
				"north": {"uv": [0, 0, 1, 1], "texture": "#5"},
				"east": {"uv": [0, 0, 1, 1], "texture": "#5"},
				"south": {"uv": [0, 0, 1, 1], "texture": "#5"},
				"west": {"uv": [0, 0, 1, 1], "texture": "#5"},
				"up": {"uv": [0, 0, 1, 1], "texture": "#5"},
				"down": {"uv": [0, 0, 1, 1], "texture": "#5"}
			}
		},
		{
			"name": "hexadecagon",
			"from": [0.25054, 12.275, 0.7],
			"to": [1.59946, 12.5, 1.1],
			"rotation": {"angle": 0, "axis": "y", "origin": [1.5, 12, 0.6]},
			"faces": {
				"north": {"uv": [0, 0, 1, 1], "texture": "#5"},
				"east": {"uv": [0, 0, 1, 1], "texture": "#5"},
				"south": {"uv": [0, 0, 1, 1], "texture": "#5"},
				"west": {"uv": [0, 0, 1, 1], "texture": "#5"},
				"up": {"uv": [0, 0, 1, 1], "texture": "#5"},
				"down": {"uv": [0, 0, 1, 1], "texture": "#5"}
			}
		},
		{
			"name": "hexadecagon",
			"from": [1.40054, 12.275, 0.7],
			"to": [1.59946, 12.5, 1.1],
			"rotation": {"angle": 22.5, "axis": "y", "origin": [1.5, 12, 0.6]},
			"faces": {
				"north": {"uv": [0, 0, 1, 1], "texture": "#5"},
				"east": {"uv": [0, 0, 1, 1], "texture": "#5"},
				"south": {"uv": [0, 0, 1, 1], "texture": "#5"},
				"west": {"uv": [0, 0, 1, 1], "texture": "#5"},
				"up": {"uv": [0, 0, 1, 1], "texture": "#5"},
				"down": {"uv": [0, 0, 1, 1], "texture": "#5"}
			}
		},
		{
			"name": "hexadecagon",
			"from": [1.40054, 12.275, 0.7],
			"to": [1.59946, 12.5, 1.1],
			"rotation": {"angle": 45, "axis": "y", "origin": [1.5, 12, 0.6]},
			"faces": {
				"north": {"uv": [0, 0, 1, 1], "texture": "#5"},
				"east": {"uv": [0, 0, 1, 1], "texture": "#5"},
				"south": {"uv": [0, 0, 1, 1], "texture": "#5"},
				"west": {"uv": [0, 0, 1, 1], "texture": "#5"},
				"up": {"uv": [0, 0, 1, 1], "texture": "#5"},
				"down": {"uv": [0, 0, 1, 1], "texture": "#5"}
			}
		},
		{
			"name": "hexadecagon",
			"from": [-0.15, 12.275, 0.50054],
			"to": [0.25, 12.5, 0.69946],
			"rotation": {"angle": -22.5, "axis": "y", "origin": [0.35, 12, 0.6]},
			"faces": {
				"north": {"uv": [0, 0, 1, 1], "texture": "#5"},
				"east": {"uv": [0, 0, 1, 1], "texture": "#5"},
				"south": {"uv": [0, 0, 1, 1], "texture": "#5"},
				"west": {"uv": [0, 0, 1, 1], "texture": "#5"},
				"up": {"uv": [0, 0, 1, 1], "texture": "#5"},
				"down": {"uv": [0, 0, 1, 1], "texture": "#5"}
			}
		},
		{
			"name": "hexadecagon",
			"from": [-0.15, 12.275, 0.50054],
			"to": [0.25, 12.5, 0.69946],
			"rotation": {"angle": 0, "axis": "y", "origin": [0.35, 12, 0.6]},
			"faces": {
				"north": {"uv": [0, 0, 1, 1], "texture": "#5"},
				"east": {"uv": [0, 0, 1, 1], "texture": "#5"},
				"south": {"uv": [0, 0, 1, 1], "texture": "#5"},
				"west": {"uv": [0, 0, 1, 1], "texture": "#5"},
				"up": {"uv": [0, 0, 1, 1], "texture": "#5"},
				"down": {"uv": [0, 0, 1, 1], "texture": "#5"}
			}
		},
		{
			"name": "hexadecagon",
			"from": [-0.15, 12.275, 0.50054],
			"to": [0.25, 12.5, 0.69946],
			"rotation": {"angle": 22.5, "axis": "y", "origin": [0.35, 12, 0.6]},
			"faces": {
				"north": {"uv": [0, 0, 1, 1], "texture": "#5"},
				"east": {"uv": [0, 0, 1, 1], "texture": "#5"},
				"south": {"uv": [0, 0, 1, 1], "texture": "#5"},
				"west": {"uv": [0, 0, 1, 1], "texture": "#5"},
				"up": {"uv": [0, 0, 1, 1], "texture": "#5"},
				"down": {"uv": [0, 0, 1, 1], "texture": "#5"}
			}
		},
		{
			"name": "hexadecagon",
			"from": [1.6, 12.275, 0.50054],
			"to": [2, 12.5, 0.69946],
			"rotation": {"angle": -22.5, "axis": "y", "origin": [1.5, 12, 0.6]},
			"faces": {
				"north": {"uv": [0, 0, 1, 1], "texture": "#5"},
				"east": {"uv": [0, 0, 1, 1], "texture": "#5"},
				"south": {"uv": [0, 0, 1, 1], "texture": "#5"},
				"west": {"uv": [0, 0, 1, 1], "texture": "#5"},
				"up": {"uv": [0, 0, 1, 1], "texture": "#5"},
				"down": {"uv": [0, 0, 1, 1], "texture": "#5"}
			}
		},
		{
			"name": "hexadecagon",
			"from": [1.6, 12.275, 0.50054],
			"to": [2, 12.5, 0.69946],
			"rotation": {"angle": 0, "axis": "y", "origin": [1.5, 12, 0.6]},
			"faces": {
				"north": {"uv": [0, 0, 1, 1], "texture": "#5"},
				"east": {"uv": [0, 0, 1, 1], "texture": "#5"},
				"south": {"uv": [0, 0, 1, 1], "texture": "#5"},
				"west": {"uv": [0, 0, 1, 1], "texture": "#5"},
				"up": {"uv": [0, 0, 1, 1], "texture": "#5"},
				"down": {"uv": [0, 0, 1, 1], "texture": "#5"}
			}
		},
		{
			"name": "hexadecagon",
			"from": [1.6, 12.275, 0.50054],
			"to": [2, 12.5, 0.69946],
			"rotation": {"angle": 22.5, "axis": "y", "origin": [1.5, 12, 0.6]},
			"faces": {
				"north": {"uv": [0, 0, 1, 1], "texture": "#5"},
				"east": {"uv": [0, 0, 1, 1], "texture": "#5"},
				"south": {"uv": [0, 0, 1, 1], "texture": "#5"},
				"west": {"uv": [0, 0, 1, 1], "texture": "#5"},
				"up": {"uv": [0, 0, 1, 1], "texture": "#5"},
				"down": {"uv": [0, 0, 1, 1], "texture": "#5"}
			}
		},
		{
			"name": "White",
			"from": [0.51, 1.3, 0.2],
			"to": [1.6, 12.4, 1.1],
			"faces": {
				"north": {"uv": [0, 0, 1.09, 11], "texture": "#white_concrete"},
				"east": {"uv": [0, 0, 0.9, 11], "texture": "#white_concrete"},
				"south": {"uv": [0, 0, 1.09, 11], "texture": "#white_concrete"},
				"west": {"uv": [0, 0, 0.9, 11], "texture": "#white_concrete"}
			}
		},
		{
			"name": "White",
			"from": [0.31, 1.3, 0.4],
			"to": [1.8, 12.4, 0.9],
			"faces": {
				"north": {"uv": [0, 0, 1.49, 11], "texture": "#white_concrete"},
				"east": {"uv": [0, 0, 0.5, 11], "texture": "#white_concrete"},
				"south": {"uv": [0, 0, 1.49, 11], "texture": "#white_concrete"},
				"west": {"uv": [0, 0, 0.5, 11], "texture": "#white_concrete"}
			}
		},
		{
			"name": "White",
			"from": [7.58, 1.3, -2.46],
			"to": [8.38, 12.4, -2.18],
			"rotation": {"angle": 45, "axis": "y", "origin": [8, 8, 8]},
			"faces": {
				"north": {"uv": [0, 0, 0.8, 11], "texture": "#white_concrete"},
				"east": {"uv": [0, 0, 0.28, 11], "texture": "#white_concrete"},
				"south": {"uv": [0, 0, 0.8, 11], "texture": "#white_concrete"},
				"west": {"uv": [0, 0, 0.28, 11], "texture": "#white_concrete"},
				"up": {"uv": [0, 0, 0.8, 0.28], "texture": "#white_concrete"},
				"down": {"uv": [0, 0, 0.8, 0.28], "texture": "#white_concrete"}
			}
		},
		{
			"name": "White",
			"from": [8.578, 1.3, -2.04],
			"to": [8.988, 12.4, -1.76],
			"rotation": {"angle": 45, "axis": "y", "origin": [8, 8, 8]},
			"faces": {
				"north": {"uv": [0, 0, 0.41, 11], "texture": "#white_concrete"},
				"east": {"uv": [0, 0, 0.28, 11], "texture": "#white_concrete"},
				"south": {"uv": [0, 0, 0.41, 11], "texture": "#white_concrete"},
				"west": {"uv": [0, 0, 0.28, 11], "texture": "#white_concrete"},
				"up": {"uv": [0, 0, 0.41, 0.28], "texture": "#white_concrete"},
				"down": {"uv": [0, 0, 0.41, 0.28], "texture": "#white_concrete"}
			}
		},
		{
			"name": "White",
			"from": [-2.21, 1.3, 7.33],
			"to": [-1.41, 12.4, 7.61],
			"rotation": {"angle": -45, "axis": "y", "origin": [8, 8, 8]},
			"faces": {
				"north": {"uv": [0, 0, 0.8, 11], "texture": "#white_concrete"},
				"east": {"uv": [0, 0, 0.28, 11], "texture": "#white_concrete"},
				"south": {"uv": [0, 0, 0.8, 11], "texture": "#white_concrete"},
				"west": {"uv": [0, 0, 0.28, 11], "texture": "#white_concrete"},
				"up": {"uv": [0, 0, 0.8, 0.28], "texture": "#white_concrete"},
				"down": {"uv": [0, 0, 0.8, 0.28], "texture": "#white_concrete"}
			}
		},
		{
			"name": "White",
			"from": [-2.81, 1.3, 7.78],
			"to": [-2.01, 12.4, 8.06],
			"rotation": {"angle": -45, "axis": "y", "origin": [8, 8, 8]},
			"faces": {
				"north": {"uv": [0, 0, 0.8, 11], "texture": "#white_concrete"},
				"east": {"uv": [0, 0, 0.28, 11], "texture": "#white_concrete"},
				"south": {"uv": [0, 0, 0.8, 11], "texture": "#white_concrete"},
				"west": {"uv": [0, 0, 0.28, 11], "texture": "#white_concrete"},
				"up": {"uv": [0, 0, 0.8, 0.28], "texture": "#white_concrete"},
				"down": {"uv": [0, 0, 0.8, 0.28], "texture": "#white_concrete"}
			}
		}
	],
	"display": {
		"thirdperson_righthand": {
			"rotation": [0, 90, 0],
			"translation": [7.8, -3.3, -5],
			"scale": [1.075, 0.975, 1.075]
		},
		"thirdperson_lefthand": {
			"rotation": [0, -90, 0],
			"translation": [-7.5, -2.75, -5.5]
		},
		"firstperson_righthand": {
			"rotation": [0, 108, 0],
			"translation": [0.7, 1.5, -1.5],
			"scale": [0.5, 0.7, 0.5]
		},
		"firstperson_lefthand": {
			"rotation": [0, -85, 0],
			"translation": [-4.5, 1.25, -0.5],
			"scale": [0.5, 0.7, 0.5]
		},
		"ground": {
			"rotation": [90, 0, 0],
			"translation": [8.75, -9.25, 0]
		},
		"gui": {
			"rotation": [2.39, 7.21, -43.92],
			"translation": [0.75, -7.25, -0.1],
			"scale": [0.75, 0.75, 0.75]
		},
		"head": {
			"rotation": [0, 180, 0]
		},
		"fixed": {
			"rotation": [-180, 0, 90],
			"translation": [5.75, -28.75, -32],
			"scale": [4, 4, 4]
		}
	},
	"groups": [
		0,
		1,
		{
			"name": "Blade most",
			"origin": [0, 0, 0],
			"color": 0,
			"children": [2, 3, 4, 5, 6, 7, 8, 9]
		},
		{
			"name": "Blade edge",
			"origin": [0, 0, 0],
			"color": 0,
			"children": [10, 11, 12, 13, 14, 15, 16, 17, 18, 19, 20, 21, 22, 23, 24, 25, 26, 27, 28, 29, 30, 31, 32, 33, 34]
		},
		{
			"name": "Thing to blade to handle",
			"origin": [8, 8, 8],
			"color": 0,
			"children": [
				{
					"name": "Orange",
					"origin": [2.33516, 12.3875, 0.41198],
					"color": 0,
					"children": [35, 36, 37, 38, 39, 40, 41, 42, 43, 44, 45, 46, 47, 48, 49, 50, 51, 52, 53, 54, 55, 56, 57, 58, 59, 60, 61, 62, 63, 64, 65, 66, 67, 68, 69, 70, 71, 72, 73, 74, 75, 76, 77, 78, 79, 80, 81, 82, 83, 84, 85, 86, 87, 88, 89, 90, 91, 92, 93, 94, 95, 96, 97, 98, 99, 100, 101, 102, 103]
				},
				104,
				105,
				106,
				107,
				108,
				{
					"name": "grab",
					"origin": [2.25877, 12.2375, 0.59749],
					"color": 0,
					"children": [109, 110, 111, 112, 113]
				},
				{
					"name": "grab",
					"origin": [2.25877, 12.2375, 0.59749],
					"color": 0,
					"children": [114, 115, 116, 117]
				},
				{
					"name": "grab",
					"origin": [2.25877, 12.2375, 0.59749],
					"color": 0,
					"children": [118, 119, 120, 121, 122, 123, 124]
				},
				{
					"name": "grab",
					"origin": [2.25877, 12.2375, 0.59749],
					"color": 0,
					"children": [125, 126, 127, 128, 129, 130, 131, 132, 133]
				},
				{
					"name": "group",
					"origin": [8, 8, 8],
					"color": 0,
					"children": [134, 135, 136, 137, 138, 139, 140, 141]
				},
				{
					"name": "hexadecagon",
					"origin": [8, 8, 8],
					"color": 0,
					"children": [142, 143, 144, 145, 146, 147, 148]
				}
			]
		},
		{
			"name": "hexadecagon",
			"origin": [8, 8, 8],
			"color": 0,
			"children": [149, 150, 151, 152, 153, 154, 155, 156, 157, 158, 159, 160, 161, 162, 163, 164]
		},
		{
			"name": "Handle",
			"origin": [8, 8, 8],
			"color": 0,
			"children": [165, 166, 167, 168, 169, 170]
		}
	]
}