{
	"credit": "Made with Blockbench",
	"textures": {
		"cyan_concrete": "blocks/cyan_concrete",
		"gray_concrete": "blocks/gray_concrete",
		"black_concrete": "blocks/black_concrete",
		"white_concrete": "blocks/white_concrete"
	},
	"elements": [
		{
			"name": "Yellow",
			"from": [0.05, -16, 0],
			"to": [2.05, -15, 1.3],
			"rotation": {"angle": 0, "axis": "y", "origin": [0, -16, 0]},
			"faces": {
				"north": {"uv": [0, 0, 2, 1], "texture": "#black_concrete"},
				"east": {"uv": [0, 0, 1.3, 1], "texture": "#black_concrete"},
				"south": {"uv": [0, 0, 2, 1], "texture": "#black_concrete"},
				"west": {"uv": [0, 0, 1.3, 1], "texture": "#black_concrete"},
				"up": {"uv": [0, 0, 2, 1.3], "texture": "#black_concrete"},
				"down": {"uv": [0, 0, 2, 1.3], "texture": "#black_concrete"}
			}
		},
		{
			"name": "White",
			"from": [0.51, -15, 0.2],
			"to": [1.6, -4, 1.1],
			"rotation": {"angle": 0, "axis": "y", "origin": [0, -16, 0]},
			"faces": {
				"north": {"uv": [0, 0, 1.09, 11], "texture": "#white_concrete"},
				"east": {"uv": [0, 0, 0.9, 11], "texture": "#white_concrete"},
				"south": {"uv": [0, 0, 1.09, 11], "texture": "#white_concrete"},
				"west": {"uv": [0, 0, 0.9, 11], "texture": "#white_concrete"}
			}
		},
		{
			"name": "Handle",
			"from": [0.18, -3.52, 0.49],
			"to": [1.77, -2.02, 0.77],
			"rotation": {"angle": 0, "axis": "y", "origin": [0, -16, 0]},
			"faces": {
				"north": {"uv": [0, 0, 1.59, 0.5], "texture": "#white_concrete"},
				"east": {"uv": [0, 0, 0.28, 0.5], "texture": "#white_concrete"},
				"south": {"uv": [0, 0, 1.59, 0.5], "texture": "#white_concrete"},
				"west": {"uv": [0, 0, 0.28, 0.5], "texture": "#white_concrete"},
				"up": {"uv": [0, 0, 1.59, 0.28], "texture": "#white_concrete"}
			}
		},
		{
			"name": "Handle",
			"from": [0.25, -3.12, 0.54],
			"to": [1.4, 21.18, 0.72],
			"rotation": {"angle": 0, "axis": "y", "origin": [0, -16, 0]},
			"faces": {
				"north": {"uv": [0, 0, 1.15, 16], "texture": "#gray_concrete"},
				"east": {"uv": [0, 0, 0.18, 16], "texture": "#gray_concrete"},
				"south": {"uv": [0, 0, 1.15, 16], "texture": "#gray_concrete"},
				"west": {"uv": [0, 0, 0.18, 16], "texture": "#gray_concrete"},
				"up": {"uv": [0, 0, 1.15, 0.18], "texture": "#gray_concrete"}
			}
		},
		{
			"name": "Handle",
			"from": [1.4, -3.12, 0.55],
			"to": [1.67, 21.18, 0.71],
			"rotation": {"angle": 0, "axis": "y", "origin": [0, -16, 0]},
			"faces": {
				"north": {"uv": [0, 0, 0.27, 16], "texture": "#white_concrete"},
				"east": {"uv": [0, 0, 0.16, 16], "texture": "#white_concrete"},
				"south": {"uv": [0, 0, 0.27, 16], "texture": "#white_concrete"},
				"west": {"uv": [0, 0, 0, 0], "texture": "#white_concrete"},
				"up": {"uv": [0, 0, 0.27, 0.16], "texture": "#white_concrete"},
				"down": {"uv": [0, 0, 0, 0], "texture": "#white_concrete"}
			}
		},
		{
			"name": "Handle",
			"from": [10.01, 21.965, 0.55],
			"to": [10.26, 22.845, 0.71],
			"rotation": {"angle": 22.5, "axis": "z", "origin": [8, -0.025, 8]},
			"faces": {
				"north": {"uv": [0, 0, 0.25, 0.88], "texture": "#white_concrete"},
				"east": {"uv": [0, 0, 0.16, 0.88], "texture": "#white_concrete"},
				"south": {"uv": [0, 0, 0.25, 0.88], "texture": "#white_concrete"},
				"west": {"uv": [0, 0, 0.16, 0.88], "texture": "#white_concrete"},
				"up": {"uv": [0, 0, 0.25, 0.16], "texture": "#white_concrete"},
				"down": {"uv": [0, 0, 0.25, 0.16], "texture": "#white_concrete"}
			}
		},
		{
			"name": "Handle",
			"from": [18.598, 20.225, 0.55],
			"to": [18.838, 21.405, 0.71],
			"rotation": {"angle": 45, "axis": "z", "origin": [8, -0.025, 8]},
			"faces": {
				"north": {"uv": [0, 0, 0.24, 1.18], "texture": "#white_concrete"},
				"east": {"uv": [0, 0, 0.16, 1.18], "texture": "#white_concrete"},
				"south": {"uv": [0, 0, 0.24, 1.18], "texture": "#white_concrete"},
				"west": {"uv": [0, 0, 0.16, 1.18], "texture": "#white_concrete"},
				"up": {"uv": [0, 0, 0.24, 0.16], "texture": "#white_concrete"},
				"down": {"uv": [0, 0, 0.24, 0.16], "texture": "#white_concrete"}
			}
		},
		{
			"name": "Handle",
			"from": [0.25, 21.145, 0.54],
			"to": [1.16, 21.745, 0.72],
			"rotation": {"angle": 0, "axis": "y", "origin": [0, -8.025, 0]},
			"faces": {
				"north": {"uv": [0, 0, 0.91, 0.6], "texture": "#gray_concrete"},
				"east": {"uv": [0, 0, 0.18, 0.6], "texture": "#gray_concrete"},
				"south": {"uv": [0, 0, 0.91, 0.6], "texture": "#gray_concrete"},
				"west": {"uv": [0, 0, 0.18, 0.6], "texture": "#gray_concrete"},
				"up": {"uv": [0, 0, 0.91, 0.18], "texture": "#gray_concrete"}
			}
		},
		{
			"name": "Handle",
			"from": [9.086, 22.065, 0.54],
			"to": [10.009, 22.815, 0.72],
			"rotation": {"angle": 22.5, "axis": "z", "origin": [8, -0.025, 8]},
			"faces": {
				"north": {"uv": [0, 0, 0.923, 0.75], "texture": "#gray_concrete"},
				"east": {"uv": [0, 0, 0.18, 0.75], "texture": "#gray_concrete"},
				"south": {"uv": [0, 0, 0.923, 0.75], "texture": "#gray_concrete"},
				"west": {"uv": [0, 0, 0.18, 0.75], "texture": "#gray_concrete"},
				"up": {"uv": [0, 0, 0.923, 0.18], "texture": "#gray_concrete"},
				"down": {"uv": [0, 0, 0.923, 0.18], "texture": "#gray_concrete"}
			}
		},
		{
			"name": "Handle",
			"from": [18.076, 20.305, 0.54],
			"to": [18.599, 20.945, 0.72],
			"rotation": {"angle": 45, "axis": "z", "origin": [8, -0.025, 8]},
			"faces": {
				"north": {"uv": [0, 0, 0.523, 0.64], "texture": "#gray_concrete"},
				"east": {"uv": [0, 0, 0.18, 0.64], "texture": "#gray_concrete"},
				"south": {"uv": [0, 0, 0.523, 0.64], "texture": "#gray_concrete"},
				"west": {"uv": [0, 0, 0.18, 0.64], "texture": "#gray_concrete"},
				"up": {"uv": [0, 0, 0.523, 0.18], "texture": "#gray_concrete"},
				"down": {"uv": [0, 0, 0.523, 0.18], "texture": "#gray_concrete"}
			}
		},
		{
			"name": "Handle",
			"from": [0.25, 21.695, 0.54],
			"to": [0.66, 22.295, 0.72],
			"rotation": {"angle": 0, "axis": "y", "origin": [0, -8.025, 0]},
			"faces": {
				"north": {"uv": [0, 0, 0.41, 0.6], "texture": "#gray_concrete"},
				"east": {"uv": [0, 0, 0.18, 0.6], "texture": "#gray_concrete"},
				"south": {"uv": [0, 0, 0.41, 0.6], "texture": "#gray_concrete"},
				"west": {"uv": [0, 0, 0.18, 0.6], "texture": "#gray_concrete"},
				"up": {"uv": [0, 0, 0.41, 0.18], "texture": "#gray_concrete"}
			}
		},
		{
			"name": "Handle",
			"from": [0.248, 22.592, 0.55],
			"to": [0.508, 22.792, 0.71],
			"rotation": {"angle": 0, "axis": "y", "origin": [0, -8.025, 0]},
			"faces": {
				"north": {"uv": [0, 0, 0.26, 0.2], "texture": "#white_concrete"},
				"east": {"uv": [0, 0, 0.16, 0.2], "texture": "#white_concrete"},
				"south": {"uv": [0, 0, 0.26, 0.2], "texture": "#white_concrete"},
				"west": {"uv": [0, 0, 0.16, 0.2], "texture": "#white_concrete"},
				"up": {"uv": [0, 0, 0.26, 0.16], "texture": "#white_concrete"},
				"down": {"uv": [0, 0, 0.26, 0.16], "texture": "#white_concrete"}
			}
		},
		{
			"name": "Handle",
			"from": [1.125, -3.12, 0.5],
			"to": [1.395, 21.18, 0.735],
			"rotation": {"angle": 0, "axis": "y", "origin": [-0.275, -16, 0]},
			"faces": {
				"north": {"uv": [0, 0, 0.27, 16], "texture": "#cyan_concrete"},
				"east": {"uv": [0, 0, 0.16, 16], "texture": "#cyan_concrete"},
				"south": {"uv": [0, 0, 0.27, 16], "texture": "#cyan_concrete"},
				"west": {"uv": [0, 0, 0, 0], "texture": "#cyan_concrete"},
				"up": {"uv": [0, 0, 0.27, 0.16], "texture": "#cyan_concrete"},
				"down": {"uv": [0, 0, 0, 0], "texture": "#cyan_concrete"}
			}
		},
		{
			"name": "Handle",
			"from": [9.735, 21.965, 0.5],
			"to": [9.985, 22.845, 0.735],
			"rotation": {"angle": 22.5, "axis": "z", "origin": [7.725, -0.025, 8]},
			"faces": {
				"north": {"uv": [0, 0, 0.25, 0.88], "texture": "#cyan_concrete"},
				"east": {"uv": [0, 0, 0.16, 0.88], "texture": "#cyan_concrete"},
				"south": {"uv": [0, 0, 0.25, 0.88], "texture": "#cyan_concrete"},
				"west": {"uv": [0, 0, 0.16, 0.88], "texture": "#cyan_concrete"},
				"up": {"uv": [0, 0, 0.25, 0.16], "texture": "#cyan_concrete"},
				"down": {"uv": [0, 0, 0.25, 0.16], "texture": "#cyan_concrete"}
			}
		},
		{
			"name": "Handle",
			"from": [18.323, 20.225, 0.5],
			"to": [18.563, 21.13, 0.735],
			"rotation": {"angle": 45, "axis": "z", "origin": [7.725, -0.025, 8]},
			"faces": {
				"north": {"uv": [0, 0, 0.24, 1.18], "texture": "#cyan_concrete"},
				"east": {"uv": [0, 0, 0.16, 1.18], "texture": "#cyan_concrete"},
				"south": {"uv": [0, 0, 0.24, 1.18], "texture": "#cyan_concrete"},
				"west": {"uv": [0, 0, 0.16, 1.18], "texture": "#cyan_concrete"},
				"up": {"uv": [0, 0, 0.24, 0.16], "texture": "#cyan_concrete"},
				"down": {"uv": [0, 0, 0.24, 0.16], "texture": "#cyan_concrete"}
			}
		},
		{
			"name": "Handle",
			"from": [0.248, 22.417, 0.5],
			"to": [0.433, 22.617, 0.735],
			"rotation": {"angle": 0, "axis": "y", "origin": [-0.275, -8.025, 0]},
			"faces": {
				"north": {"uv": [0, 0, 0.26, 0.2], "texture": "#cyan_concrete"},
				"east": {"uv": [0, 0, 0.16, 0.2], "texture": "#cyan_concrete"},
				"south": {"uv": [0, 0, 0.26, 0.2], "texture": "#cyan_concrete"},
				"west": {"uv": [0, 0, 0.16, 0.2], "texture": "#cyan_concrete"},
				"up": {"uv": [0, 0, 0.26, 0.16], "texture": "#cyan_concrete"},
				"down": {"uv": [0, 0, 0.26, 0.16], "texture": "#cyan_concrete"}
			}
		},
		{
			"name": "Handle",
			"from": [0.25, 22.292, 0.54],
			"to": [0.51, 22.452, 0.72],
			"rotation": {"angle": 0, "axis": "y", "origin": [0, -8.025, 0]},
			"faces": {
				"north": {"uv": [0, 0, 0.26, 0.16], "texture": "#gray_concrete"},
				"east": {"uv": [0, 0, 0.18, 0.16], "texture": "#gray_concrete"},
				"south": {"uv": [0, 0, 0.26, 0.16], "texture": "#gray_concrete"},
				"west": {"uv": [0, 0, 0.18, 0.16], "texture": "#gray_concrete"},
				"up": {"uv": [0, 0, 0.26, 0.18], "texture": "#gray_concrete"}
			}
		},
		{
			"name": "Handle",
			"from": [18.43, 12.947, 0.54],
			"to": [18.6, 13.387, 0.72],
			"rotation": {"angle": 45, "axis": "z", "origin": [8, -8, 8]},
			"faces": {
				"north": {"uv": [0, 0, 0.17, 0.44], "texture": "#gray_concrete"},
				"east": {"uv": [0, 0, 0.18, 0.44], "texture": "#gray_concrete"},
				"south": {"uv": [0, 0, 0.17, 0.44], "texture": "#gray_concrete"},
				"west": {"uv": [0, 0, 0.18, 0.44], "texture": "#gray_concrete"},
				"up": {"uv": [0, 0, 0.17, 0.18], "texture": "#gray_concrete"},
				"down": {"uv": [0, 0, 0.17, 0.18], "texture": "#gray_concrete"}
			}
		},
		{
			"name": "Handle",
			"from": [0.25, 14.457, 0.54],
			"to": [0.37, 14.617, 0.72],
			"rotation": {"angle": 0, "axis": "y", "origin": [0, -16, 0]},
			"faces": {
				"north": {"uv": [0, 0, 0.12, 0.16], "texture": "#gray_concrete"},
				"east": {"uv": [0, 0, 0.18, 0.16], "texture": "#gray_concrete"},
				"south": {"uv": [0, 0, 0.12, 0.16], "texture": "#gray_concrete"},
				"west": {"uv": [0, 0, 0.18, 0.16], "texture": "#gray_concrete"},
				"up": {"uv": [0, 0, 0.12, 0.18], "texture": "#gray_concrete"}
			}
		},
		{
			"name": "Handle",
			"from": [8.34, -4, -1.61],
			"to": [9.04, -3.5, -0.71],
			"rotation": {"angle": 45, "axis": "y", "origin": [8, -8, 8]},
			"faces": {
				"north": {"uv": [0, 0, 0.7, 0.5], "texture": "#black_concrete"},
				"east": {"uv": [0, 0, 0.9, 0.5], "texture": "#black_concrete"},
				"south": {"uv": [0, 0, 0.7, 0.5], "texture": "#black_concrete"},
				"west": {"uv": [0, 0, 0.9, 0.5], "texture": "#black_concrete"},
				"up": {"uv": [0, 0, 3.19, 0.9], "texture": "#black_concrete"},
				"down": {"uv": [0, 0, 3.19, 0.9], "texture": "#black_concrete"}
			}
		},
		{
			"name": "White",
			"from": [0.31, -15, 0.4],
			"to": [1.8, -4, 0.9],
			"rotation": {"angle": 0, "axis": "y", "origin": [0, -16, 0]},
			"faces": {
				"north": {"uv": [0, 0, 1.49, 11], "texture": "#white_concrete"},
				"east": {"uv": [0, 0, 0.5, 11], "texture": "#white_concrete"},
				"south": {"uv": [0, 0, 1.49, 11], "texture": "#white_concrete"},
				"west": {"uv": [0, 0, 0.5, 11], "texture": "#white_concrete"}
			}
		},
		{
			"name": "White",
			"from": [7.58, -15, -2.46],
			"to": [8.38, -4, -2.18],
			"rotation": {"angle": 45, "axis": "y", "origin": [8, -8, 8]},
			"faces": {
				"north": {"uv": [0, 0, 0.8, 11], "texture": "#white_concrete"},
				"east": {"uv": [0, 0, 0.28, 11], "texture": "#white_concrete"},
				"south": {"uv": [0, 0, 0.8, 11], "texture": "#white_concrete"},
				"west": {"uv": [0, 0, 0.28, 11], "texture": "#white_concrete"},
				"up": {"uv": [0, 0, 0.8, 0.28], "texture": "#white_concrete"},
				"down": {"uv": [0, 0, 0.8, 0.28], "texture": "#white_concrete"}
			}
		},
		{
			"name": "White",
			"from": [8.578, -15, -2.04],
			"to": [8.988, -4, -1.76],
			"rotation": {"angle": 45, "axis": "y", "origin": [8, -8, 8]},
			"faces": {
				"north": {"uv": [0, 0, 0.41, 11], "texture": "#white_concrete"},
				"east": {"uv": [0, 0, 0.28, 11], "texture": "#white_concrete"},
				"south": {"uv": [0, 0, 0.41, 11], "texture": "#white_concrete"},
				"west": {"uv": [0, 0, 0.28, 11], "texture": "#white_concrete"},
				"up": {"uv": [0, 0, 0.41, 0.28], "texture": "#white_concrete"},
				"down": {"uv": [0, 0, 0.41, 0.28], "texture": "#white_concrete"}
			}
		},
		{
			"name": "White",
			"from": [-2.21, -15, 7.33],
			"to": [-1.41, -4, 7.61],
			"rotation": {"angle": -45, "axis": "y", "origin": [8, -8, 8]},
			"faces": {
				"north": {"uv": [0, 0, 0.8, 11], "texture": "#white_concrete"},
				"east": {"uv": [0, 0, 0.28, 11], "texture": "#white_concrete"},
				"south": {"uv": [0, 0, 0.8, 11], "texture": "#white_concrete"},
				"west": {"uv": [0, 0, 0.28, 11], "texture": "#white_concrete"},
				"up": {"uv": [0, 0, 0.8, 0.28], "texture": "#white_concrete"},
				"down": {"uv": [0, 0, 0.8, 0.28], "texture": "#white_concrete"}
			}
		},
		{
			"name": "White",
			"from": [-2.81, -15, 7.78],
			"to": [-2.01, -4, 8.06],
			"rotation": {"angle": -45, "axis": "y", "origin": [8, -8, 8]},
			"faces": {
				"north": {"uv": [0, 0, 0.8, 11], "texture": "#white_concrete"},
				"east": {"uv": [0, 0, 0.28, 11], "texture": "#white_concrete"},
				"south": {"uv": [0, 0, 0.8, 11], "texture": "#white_concrete"},
				"west": {"uv": [0, 0, 0.28, 11], "texture": "#white_concrete"},
				"up": {"uv": [0, 0, 0.8, 0.28], "texture": "#white_concrete"},
				"down": {"uv": [0, 0, 0.8, 0.28], "texture": "#white_concrete"}
			}
		},
		{
			"name": "Yellow",
			"from": [0.62, -14.2, 0.19],
			"to": [1.42, -13.9, 1.11],
			"rotation": {"angle": 0, "axis": "y", "origin": [0, -16, 0]},
			"faces": {
				"north": {"uv": [0, 0, 0.8, 0.3], "texture": "#cyan_concrete"},
				"east": {"uv": [0, 0, 0.92, 0.3], "texture": "#cyan_concrete"},
				"south": {"uv": [0, 0, 0.8, 0.3], "texture": "#cyan_concrete"},
				"west": {"uv": [0, 0, 0.92, 0.3], "texture": "#cyan_concrete"},
				"up": {"uv": [0, 0, 0.8, 0.92], "texture": "#cyan_concrete"},
				"down": {"uv": [0, 0, 0.8, 0.92], "texture": "#cyan_concrete"}
			}
		},
		{
			"name": "Yellow",
			"from": [0.62, -13.2, 0.19],
			"to": [1.42, -12.9, 1.11],
			"rotation": {"angle": 0, "axis": "y", "origin": [0, -16, 0]},
			"faces": {
				"north": {"uv": [0, 0, 0.8, 0.3], "texture": "#cyan_concrete"},
				"east": {"uv": [0, 0, 0.92, 0.3], "texture": "#cyan_concrete"},
				"south": {"uv": [0, 0, 0.8, 0.3], "texture": "#cyan_concrete"},
				"west": {"uv": [0, 0, 0.92, 0.3], "texture": "#cyan_concrete"},
				"up": {"uv": [0, 0, 0.8, 0.92], "texture": "#cyan_concrete"},
				"down": {"uv": [0, 0, 0.8, 0.92], "texture": "#cyan_concrete"}
			}
		},
		{
			"name": "Yellow",
			"from": [0.62, -12.2, 0.19],
			"to": [1.42, -11.9, 1.11],
			"rotation": {"angle": 0, "axis": "y", "origin": [0, -16, 0]},
			"faces": {
				"north": {"uv": [0, 0, 0.8, 0.3], "texture": "#cyan_concrete"},
				"east": {"uv": [0, 0, 0.92, 0.3], "texture": "#cyan_concrete"},
				"south": {"uv": [0, 0, 0.8, 0.3], "texture": "#cyan_concrete"},
				"west": {"uv": [0, 0, 0.92, 0.3], "texture": "#cyan_concrete"},
				"up": {"uv": [0, 0, 0.8, 0.92], "texture": "#cyan_concrete"},
				"down": {"uv": [0, 0, 0.8, 0.92], "texture": "#cyan_concrete"}
			}
		},
		{
			"name": "Yellow",
			"from": [0.62, -11.2, 0.19],
			"to": [1.42, -10.9, 1.11],
			"rotation": {"angle": 0, "axis": "y", "origin": [0, -16, 0]},
			"faces": {
				"north": {"uv": [0, 0, 0.8, 0.3], "texture": "#cyan_concrete"},
				"east": {"uv": [0, 0, 0.92, 0.3], "texture": "#cyan_concrete"},
				"south": {"uv": [0, 0, 0.8, 0.3], "texture": "#cyan_concrete"},
				"west": {"uv": [0, 0, 0.92, 0.3], "texture": "#cyan_concrete"},
				"up": {"uv": [0, 0, 0.8, 0.92], "texture": "#cyan_concrete"},
				"down": {"uv": [0, 0, 0.8, 0.92], "texture": "#cyan_concrete"}
			}
		},
		{
			"name": "Yellow",
			"from": [0.62, -10.2, 0.19],
			"to": [1.42, -9.9, 1.11],
			"rotation": {"angle": 0, "axis": "y", "origin": [0, -16, 0]},
			"faces": {
				"north": {"uv": [0, 0, 0.8, 0.3], "texture": "#cyan_concrete"},
				"east": {"uv": [0, 0, 0.92, 0.3], "texture": "#cyan_concrete"},
				"south": {"uv": [0, 0, 0.8, 0.3], "texture": "#cyan_concrete"},
				"west": {"uv": [0, 0, 0.92, 0.3], "texture": "#cyan_concrete"},
				"up": {"uv": [0, 0, 0.8, 0.92], "texture": "#cyan_concrete"},
				"down": {"uv": [0, 0, 0.8, 0.92], "texture": "#cyan_concrete"}
			}
		},
		{
			"name": "Yellow",
			"from": [0.62, -9.2, 0.19],
			"to": [1.42, -8.9, 1.11],
			"rotation": {"angle": 0, "axis": "y", "origin": [0, -16, 0]},
			"faces": {
				"north": {"uv": [0, 0, 0.8, 0.3], "texture": "#cyan_concrete"},
				"east": {"uv": [0, 0, 0.92, 0.3], "texture": "#cyan_concrete"},
				"south": {"uv": [0, 0, 0.8, 0.3], "texture": "#cyan_concrete"},
				"west": {"uv": [0, 0, 0.92, 0.3], "texture": "#cyan_concrete"},
				"up": {"uv": [0, 0, 0.8, 0.92], "texture": "#cyan_concrete"},
				"down": {"uv": [0, 0, 0.8, 0.92], "texture": "#cyan_concrete"}
			}
		},
		{
			"name": "Yellow",
			"from": [0.62, -8.2, 0.19],
			"to": [1.42, -7.9, 1.11],
			"rotation": {"angle": 0, "axis": "y", "origin": [0, -16, 0]},
			"faces": {
				"north": {"uv": [0, 0, 0.8, 0.3], "texture": "#cyan_concrete"},
				"east": {"uv": [0, 0, 0.92, 0.3], "texture": "#cyan_concrete"},
				"south": {"uv": [0, 0, 0.8, 0.3], "texture": "#cyan_concrete"},
				"west": {"uv": [0, 0, 0.92, 0.3], "texture": "#cyan_concrete"},
				"up": {"uv": [0, 0, 0.8, 0.92], "texture": "#cyan_concrete"},
				"down": {"uv": [0, 0, 0.8, 0.92], "texture": "#cyan_concrete"}
			}
		},
		{
			"name": "Yellow",
			"from": [0.62, -7.2, 0.19],
			"to": [1.42, -6.9, 1.11],
			"rotation": {"angle": 0, "axis": "y", "origin": [0, -16, 0]},
			"faces": {
				"north": {"uv": [0, 0, 0.8, 0.3], "texture": "#cyan_concrete"},
				"east": {"uv": [0, 0, 0.92, 0.3], "texture": "#cyan_concrete"},
				"south": {"uv": [0, 0, 0.8, 0.3], "texture": "#cyan_concrete"},
				"west": {"uv": [0, 0, 0.92, 0.3], "texture": "#cyan_concrete"},
				"up": {"uv": [0, 0, 0.8, 0.92], "texture": "#cyan_concrete"},
				"down": {"uv": [0, 0, 0.8, 0.92], "texture": "#cyan_concrete"}
			}
		},
		{
			"name": "Yellow",
			"from": [0.62, -6.2, 0.19],
			"to": [1.42, -5.9, 1.11],
			"rotation": {"angle": 0, "axis": "y", "origin": [0, -16, 0]},
			"faces": {
				"north": {"uv": [0, 0, 0.8, 0.3], "texture": "#cyan_concrete"},
				"east": {"uv": [0, 0, 0.92, 0.3], "texture": "#cyan_concrete"},
				"south": {"uv": [0, 0, 0.8, 0.3], "texture": "#cyan_concrete"},
				"west": {"uv": [0, 0, 0.92, 0.3], "texture": "#cyan_concrete"},
				"up": {"uv": [0, 0, 0.8, 0.92], "texture": "#cyan_concrete"},
				"down": {"uv": [0, 0, 0.8, 0.92], "texture": "#cyan_concrete"}
			}
		},
		{
			"name": "Yellow",
			"from": [0.62, -5.2, 0.19],
			"to": [1.42, -4.9, 1.11],
			"rotation": {"angle": 0, "axis": "y", "origin": [0, -16, 0]},
			"faces": {
				"north": {"uv": [0, 0, 0.8, 0.3], "texture": "#cyan_concrete"},
				"east": {"uv": [0, 0, 0.92, 0.3], "texture": "#cyan_concrete"},
				"south": {"uv": [0, 0, 0.8, 0.3], "texture": "#cyan_concrete"},
				"west": {"uv": [0, 0, 0.92, 0.3], "texture": "#cyan_concrete"},
				"up": {"uv": [0, 0, 0.8, 0.92], "texture": "#cyan_concrete"},
				"down": {"uv": [0, 0, 0.8, 0.92], "texture": "#cyan_concrete"}
			}
		},
		{
			"name": "Yellow",
			"from": [0.62, -4.4, 0.19],
			"to": [1.42, -4.1, 1.11],
			"rotation": {"angle": 0, "axis": "y", "origin": [0, -16, 0]},
			"faces": {
				"north": {"uv": [0, 0, 0.8, 0.3], "texture": "#cyan_concrete"},
				"east": {"uv": [0, 0, 0.92, 0.3], "texture": "#cyan_concrete"},
				"south": {"uv": [0, 0, 0.8, 0.3], "texture": "#cyan_concrete"},
				"west": {"uv": [0, 0, 0.92, 0.3], "texture": "#cyan_concrete"},
				"up": {"uv": [0, 0, 0.8, 0.92], "texture": "#cyan_concrete"},
				"down": {"uv": [0, 0, 0.8, 0.92], "texture": "#cyan_concrete"}
			}
		},
		{
			"name": "Handle",
			"from": [-0.61, -4, 0.2],
			"to": [2.6, -3.5, 1.1],
			"rotation": {"angle": 0, "axis": "y", "origin": [0, -16, 0]},
			"faces": {
				"north": {"uv": [0, 0, 3.21, 0.5], "texture": "#black_concrete"},
				"east": {"uv": [0, 0, 0.9, 0.5], "texture": "#black_concrete"},
				"south": {"uv": [0, 0, 3.21, 0.5], "texture": "#black_concrete"},
				"west": {"uv": [0, 0, 0.9, 0.5], "texture": "#black_concrete"},
				"up": {"uv": [0, 0, 3.19, 0.9], "texture": "#black_concrete"},
				"down": {"uv": [0, 0, 3.19, 0.9], "texture": "#black_concrete"}
			}
		},
		{
			"name": "Handle",
			"from": [4.29, -4, -1.07],
			"to": [4.98, -3.5, -0.17],
			"rotation": {"angle": 22.5, "axis": "y", "origin": [8, -8, 8]},
			"faces": {
				"north": {"uv": [0, 0, 0.69, 0.5], "texture": "#black_concrete"},
				"east": {"uv": [0, 0, 0.9, 0.5], "texture": "#black_concrete"},
				"south": {"uv": [0, 0, 0.69, 0.5], "texture": "#black_concrete"},
				"west": {"uv": [0, 0, 0.9, 0.5], "texture": "#black_concrete"},
				"up": {"uv": [0, 0, 3.19, 0.9], "texture": "#black_concrete"},
				"down": {"uv": [0, 0, 3.19, 0.9], "texture": "#black_concrete"}
			}
		},
		{
			"name": "Handle",
			"from": [0.54, -4, -0.58],
			"to": [1.44, -3.5, 1.88],
			"rotation": {"angle": 0, "axis": "y", "origin": [0, -16, 0]},
			"faces": {
				"north": {"uv": [0, 0, 0.9, 0.5], "texture": "#black_concrete"},
				"east": {"uv": [0, 0, 0.9, 0.5], "texture": "#black_concrete"},
				"south": {"uv": [0, 0, 0.9, 0.5], "texture": "#black_concrete"},
				"west": {"uv": [0, 0, 0.9, 0.5], "texture": "#black_concrete"},
				"up": {"uv": [0, 0, 3.19, 0.9], "texture": "#black_concrete"},
				"down": {"uv": [0, 0, 3.19, 0.9], "texture": "#black_concrete"}
			}
		},
		{
			"name": "Handle",
			"from": [-2.96, -4, 8.3],
			"to": [-2.26, -3.5, 9.22],
			"rotation": {"angle": -45, "axis": "y", "origin": [8, -8, 8]},
			"faces": {
				"north": {"uv": [0, 0, 0.7, 0.5], "texture": "#black_concrete"},
				"east": {"uv": [0, 0, 0.9, 0.5], "texture": "#black_concrete"},
				"south": {"uv": [0, 0, 0.7, 0.5], "texture": "#black_concrete"},
				"west": {"uv": [0, 0, 0.9, 0.5], "texture": "#black_concrete"},
				"up": {"uv": [0, 0, 3.19, 0.9], "texture": "#black_concrete"},
				"down": {"uv": [0, 0, 3.19, 0.9], "texture": "#black_concrete"}
			}
		},
		{
			"name": "Handle",
			"from": [-1.96, -4, 4.27],
			"to": [-1.26, -3.5, 5.2],
			"rotation": {"angle": -22.5, "axis": "y", "origin": [8, -8, 8]},
			"faces": {
				"north": {"uv": [0, 0, 0.7, 0.5], "texture": "#black_concrete"},
				"east": {"uv": [0, 0, 0.9, 0.5], "texture": "#black_concrete"},
				"south": {"uv": [0, 0, 0.7, 0.5], "texture": "#black_concrete"},
				"west": {"uv": [0, 0, 0.9, 0.5], "texture": "#black_concrete"},
				"up": {"uv": [0, 0, 3.19, 0.9], "texture": "#black_concrete"},
				"down": {"uv": [0, 0, 3.19, 0.9], "texture": "#black_concrete"}
			}
		},
		{
			"name": "Handle",
			"from": [7.44, -4, -3.61],
			"to": [8.14, -3.5, -2.69],
			"rotation": {"angle": 45, "axis": "y", "origin": [8, -8, 8]},
			"faces": {
				"north": {"uv": [0, 0, 0.7, 0.5], "texture": "#black_concrete"},
				"east": {"uv": [0, 0, 0.9, 0.5], "texture": "#black_concrete"},
				"south": {"uv": [0, 0, 0.7, 0.5], "texture": "#black_concrete"},
				"west": {"uv": [0, 0, 0.9, 0.5], "texture": "#black_concrete"},
				"up": {"uv": [0, 0, 3.19, 0.9], "texture": "#black_concrete"},
				"down": {"uv": [0, 0, 3.19, 0.9], "texture": "#black_concrete"}
			}
		},
		{
			"name": "Handle",
			"from": [3.67, -4, -2.79],
			"to": [4.39, -3.5, -1.87],
			"rotation": {"angle": 22.5, "axis": "y", "origin": [8, -8, 8]},
			"faces": {
				"north": {"uv": [0, 0, 0.72, 0.5], "texture": "#black_concrete"},
				"east": {"uv": [0, 0, 0.9, 0.5], "texture": "#black_concrete"},
				"south": {"uv": [0, 0, 0.72, 0.5], "texture": "#black_concrete"},
				"west": {"uv": [0, 0, 0.9, 0.5], "texture": "#black_concrete"},
				"up": {"uv": [0, 0, 3.19, 0.9], "texture": "#black_concrete"},
				"down": {"uv": [0, 0, 3.19, 0.9], "texture": "#black_concrete"}
			}
		},
		{
			"name": "Handle",
			"from": [8.96, -4, -2.27],
			"to": [9.68, -3.5, -1.35],
			"rotation": {"angle": 45, "axis": "y", "origin": [8, -8, 8]},
			"faces": {
				"north": {"uv": [0, 0, 0.72, 0.5], "texture": "#black_concrete"},
				"east": {"uv": [0, 0, 0.9, 0.5], "texture": "#black_concrete"},
				"south": {"uv": [0, 0, 0.72, 0.5], "texture": "#black_concrete"},
				"west": {"uv": [0, 0, 0.9, 0.5], "texture": "#black_concrete"},
				"up": {"uv": [0, 0, 3.19, 0.9], "texture": "#black_concrete"},
				"down": {"uv": [0, 0, 3.19, 0.9], "texture": "#black_concrete"}
			}
		},
		{
			"name": "Handle",
			"from": [-1.35, -4, 2.58],
			"to": [-0.83, -3.5, 3.5],
			"rotation": {"angle": -22.5, "axis": "y", "origin": [8, -8, 8]},
			"faces": {
				"north": {"uv": [0, 0, 0.52, 0.5], "texture": "#black_concrete"},
				"east": {"uv": [0, 0, 0.9, 0.5], "texture": "#black_concrete"},
				"south": {"uv": [0, 0, 0.52, 0.5], "texture": "#black_concrete"},
				"west": {"uv": [0, 0, 0.9, 0.5], "texture": "#black_concrete"},
				"up": {"uv": [0, 0, 3.19, 0.9], "texture": "#black_concrete"},
				"down": {"uv": [0, 0, 3.19, 0.9], "texture": "#black_concrete"}
			}
		}
	],
	"display": {
		"thirdperson_righthand": {
			"rotation": [0, 90, 0],
			"translation": [8.8, 12.7, -6],
			"scale": [1.075, 0.975, 1.075]
		},
		"thirdperson_lefthand": {
			"rotation": [0, -90, 0],
			"translation": [-7.5, 12.75, -5.5]
		},
		"firstperson_righthand": {
			"rotation": [0, 108, 0],
			"translation": [0.7, 10.75, -1.5],
			"scale": [0.5, 0.7, 0.5]
		},
		"firstperson_lefthand": {
			"rotation": [0, -85, 0],
			"translation": [-4.5, 10.5, -0.5],
			"scale": [0.5, 0.7, 0.5]
		},
		"ground": {
			"rotation": [90, 0, 0],
			"translation": [8.25, -5.25, 0]
		},
		"gui": {
			"rotation": [2.39, 7.21, -43.92],
			"translation": [5.25, -0.75, -0.1],
			"scale": [0.55, 0.55, 0.55]
		},
		"head": {
			"rotation": [0, 180, 0]
		},
		"fixed": {
			"rotation": [-180, 0, 90],
			"translation": [-36.25, -28, -32.5],
			"scale": [4, 4, 4]
		}
	}
}