{
    "parent": "item/handheld",
    "textures": {
        "layer0": "item/netherite_sword"
    },

    "overrides": [
        { "predicate": { "custom_model_data": 1 }, "model": "item/zenitsunichirin" },
        { "predicate": { "custom_model_data": 2 }, "model": "item/tanjironichirin" },
        { "predicate": { "custom_model_data": 3 }, "model": "item/giuynichirin" },
        { "predicate": { "custom_model_data": 100 }, "model": "item/nonenichirin" },
        { "predicate": { "custom_model_data": 4 }, "model": "item/flamenichirin" },
        { "predicate": { "custom_model_data": 21 }, "model": "item/tanjironichirinkagura" }
    ]
}