{
	"credit": "Made with Blockbench",
	"textures": {
		"cyan_concrete": "blocks/cyan_concrete",
		"gray_concrete": "blocks/gray_concrete",
		"black_concrete": "blocks/black_concrete",
		"white_concrete": "blocks/white_concrete",
		"orange_concrete": "blocks/orange_concrete"
	},
	"elements": [
		{
			"name": "White",
			"from": [0.51, -7.8, 0.2],
			"to": [1.6, 3.2, 1.1],
			"rotation": {"angle": 0, "axis": "y", "origin": [0, -8.8, 0]},
			"faces": {
				"north": {"uv": [0, 0, 1.09, 11], "texture": "#white_concrete"},
				"east": {"uv": [0, 0, 0.9, 11], "texture": "#white_concrete"},
				"south": {"uv": [0, 0, 1.09, 11], "texture": "#white_concrete"},
				"west": {"uv": [0, 0, 0.9, 11], "texture": "#white_concrete"}
			}
		},
		{
			"name": "Handle",
			"from": [0.18, 3.68, 0.49],
			"to": [1.77, 4.18, 0.77],
			"rotation": {"angle": 0, "axis": "y", "origin": [0, -8.8, 0]},
			"faces": {
				"north": {"uv": [0, 0, 1.59, 0.5], "texture": "#white_concrete"},
				"east": {"uv": [0, 0, 0.28, 0.5], "texture": "#white_concrete"},
				"south": {"uv": [0, 0, 1.59, 0.5], "texture": "#white_concrete"},
				"west": {"uv": [0, 0, 0.28, 0.5], "texture": "#white_concrete"},
				"up": {"uv": [0, 0, 1.59, 0.28], "texture": "#white_concrete"}
			}
		},
		{
			"name": "Handle",
			"from": [0.25, 4.08, 0.54],
			"to": [1.4, 20.38, 0.72],
			"rotation": {"angle": 0, "axis": "y", "origin": [0, -8.8, 0]},
			"faces": {
				"north": {"uv": [0, 0, 1.15, 16], "texture": "#black_concrete"},
				"east": {"uv": [0, 0, 0.18, 16], "texture": "#black_concrete"},
				"south": {"uv": [0, 0, 1.15, 16], "texture": "#black_concrete"},
				"west": {"uv": [0, 0, 0.18, 16], "texture": "#black_concrete"},
				"up": {"uv": [0, 0, 1.15, 0.18], "texture": "#black_concrete"},
				"down": {"uv": [0, 0, 0, 0], "texture": "#black_concrete"}
			}
		},
		{
			"name": "Handle",
			"from": [1.4, 4.08, 0.55],
			"to": [1.67, 20.38, 0.71],
			"rotation": {"angle": 0, "axis": "y", "origin": [0, -8.8, 0]},
			"faces": {
				"north": {"uv": [0, 0, 0.27, 16], "texture": "#gray_concrete"},
				"east": {"uv": [0, 0, 0.16, 16], "texture": "#gray_concrete"},
				"south": {"uv": [0, 0, 0.27, 16], "texture": "#gray_concrete"},
				"west": {"uv": [0, 0, 0, 0], "texture": "#gray_concrete"},
				"up": {"uv": [0, 0, 0.27, 0.16], "texture": "#gray_concrete"},
				"down": {"uv": [0, 0, 0, 0], "texture": "#gray_concrete"}
			}
		},
		{
			"name": "Handle",
			"from": [10.01, 21.19, 0.55],
			"to": [10.26, 22.07, 0.71],
			"rotation": {"angle": 22.5, "axis": "z", "origin": [8, -0.8, 8]},
			"faces": {
				"north": {"uv": [0, 0, 0.25, 0.88], "texture": "#gray_concrete"},
				"east": {"uv": [0, 0, 0.16, 0.88], "texture": "#gray_concrete"},
				"south": {"uv": [0, 0, 0.25, 0.88], "texture": "#gray_concrete"},
				"west": {"uv": [0, 0, 0.16, 0.88], "texture": "#gray_concrete"},
				"up": {"uv": [0, 0, 0.25, 0.16], "texture": "#gray_concrete"},
				"down": {"uv": [0, 0, 0.25, 0.16], "texture": "#gray_concrete"}
			}
		},
		{
			"name": "Handle",
			"from": [18.598, 19.45, 0.55],
			"to": [18.838, 20.63, 0.71],
			"rotation": {"angle": 45, "axis": "z", "origin": [8, -0.8, 8]},
			"faces": {
				"north": {"uv": [0, 0, 0.24, 1.18], "texture": "#gray_concrete"},
				"east": {"uv": [0, 0, 0.16, 1.18], "texture": "#gray_concrete"},
				"south": {"uv": [0, 0, 0.24, 1.18], "texture": "#gray_concrete"},
				"west": {"uv": [0, 0, 0.16, 1.18], "texture": "#gray_concrete"},
				"up": {"uv": [0, 0, 0.24, 0.16], "texture": "#gray_concrete"},
				"down": {"uv": [0, 0, 0.24, 0.16], "texture": "#gray_concrete"}
			}
		},
		{
			"name": "Handle",
			"from": [0.25, 20.37, 0.54],
			"to": [1.16, 20.97, 0.72],
			"rotation": {"angle": 0, "axis": "y", "origin": [0, -8.8, 0]},
			"faces": {
				"north": {"uv": [0, 0, 0.91, 0.6], "texture": "#black_concrete"},
				"east": {"uv": [0, 0, 0.18, 0.6], "texture": "#black_concrete"},
				"south": {"uv": [0, 0, 0.91, 0.6], "texture": "#black_concrete"},
				"west": {"uv": [0, 0, 0.18, 0.6], "texture": "#black_concrete"},
				"up": {"uv": [0, 0, 0.91, 0.18], "texture": "#black_concrete"},
				"down": {"uv": [0, 0, 0, 0], "texture": "#black_concrete"}
			}
		},
		{
			"name": "Handle",
			"from": [9.086, 21.29, 0.54],
			"to": [10.009, 22.04, 0.72],
			"rotation": {"angle": 22.5, "axis": "z", "origin": [8, -0.8, 8]},
			"faces": {
				"north": {"uv": [0, 0, 0.923, 0.75], "texture": "#black_concrete"},
				"east": {"uv": [0, 0, 0.18, 0.75], "texture": "#black_concrete"},
				"south": {"uv": [0, 0, 0.923, 0.75], "texture": "#black_concrete"},
				"west": {"uv": [0, 0, 0.18, 0.75], "texture": "#black_concrete"},
				"up": {"uv": [0, 0, 0.923, 0.18], "texture": "#black_concrete"},
				"down": {"uv": [0, 0, 0.923, 0.18], "texture": "#black_concrete"}
			}
		},
		{
			"name": "Handle",
			"from": [18.076, 19.53, 0.54],
			"to": [18.599, 20.17, 0.72],
			"rotation": {"angle": 45, "axis": "z", "origin": [8, -0.8, 8]},
			"faces": {
				"north": {"uv": [0, 0, 0.523, 0.64], "texture": "#black_concrete"},
				"east": {"uv": [0, 0, 0.18, 0.64], "texture": "#black_concrete"},
				"south": {"uv": [0, 0, 0.523, 0.64], "texture": "#black_concrete"},
				"west": {"uv": [0, 0, 0.18, 0.64], "texture": "#black_concrete"},
				"up": {"uv": [0, 0, 0.523, 0.18], "texture": "#black_concrete"},
				"down": {"uv": [0, 0, 0.523, 0.18], "texture": "#black_concrete"}
			}
		},
		{
			"name": "Handle",
			"from": [0.25, 20.92, 0.54],
			"to": [0.66, 21.52, 0.72],
			"rotation": {"angle": 0, "axis": "y", "origin": [0, -8.8, 0]},
			"faces": {
				"north": {"uv": [0, 0, 0.41, 0.6], "texture": "#black_concrete"},
				"east": {"uv": [0, 0, 0.18, 0.6], "texture": "#black_concrete"},
				"south": {"uv": [0, 0, 0.41, 0.6], "texture": "#black_concrete"},
				"west": {"uv": [0, 0, 0.18, 0.6], "texture": "#black_concrete"},
				"up": {"uv": [0, 0, 0.41, 0.18], "texture": "#black_concrete"},
				"down": {"uv": [0, 0, 0, 0], "texture": "#black_concrete"}
			}
		},
		{
			"name": "Handle",
			"from": [0.248, 21.817, 0.55],
			"to": [0.508, 22.017, 0.71],
			"rotation": {"angle": 0, "axis": "y", "origin": [0, -8.8, 0]},
			"faces": {
				"north": {"uv": [0, 0, 0.26, 0.2], "texture": "#gray_concrete"},
				"east": {"uv": [0, 0, 0.16, 0.2], "texture": "#gray_concrete"},
				"south": {"uv": [0, 0, 0.26, 0.2], "texture": "#gray_concrete"},
				"west": {"uv": [0, 0, 0.16, 0.2], "texture": "#gray_concrete"},
				"up": {"uv": [0, 0, 0.26, 0.16], "texture": "#gray_concrete"},
				"down": {"uv": [0, 0, 0.26, 0.16], "texture": "#gray_concrete"}
			}
		},
		{
			"name": "Handle",
			"from": [0.25, 21.517, 0.54],
			"to": [0.51, 21.677, 0.72],
			"rotation": {"angle": 0, "axis": "y", "origin": [0, -8.8, 0]},
			"faces": {
				"north": {"uv": [0, 0, 0.26, 0.16], "texture": "#black_concrete"},
				"east": {"uv": [0, 0, 0.18, 0.16], "texture": "#black_concrete"},
				"south": {"uv": [0, 0, 0.26, 0.16], "texture": "#black_concrete"},
				"west": {"uv": [0, 0, 0.18, 0.16], "texture": "#black_concrete"},
				"up": {"uv": [0, 0, 0.26, 0.18], "texture": "#black_concrete"},
				"down": {"uv": [0, 0, 0, 0], "texture": "#black_concrete"}
			}
		},
		{
			"name": "Handle",
			"from": [18.43, 20.147, 0.54],
			"to": [18.6, 20.587, 0.72],
			"rotation": {"angle": 45, "axis": "z", "origin": [8, -0.8, 8]},
			"faces": {
				"north": {"uv": [0, 0, 0.17, 0.44], "texture": "#black_concrete"},
				"east": {"uv": [0, 0, 0.18, 0.44], "texture": "#black_concrete"},
				"south": {"uv": [0, 0, 0.17, 0.44], "texture": "#black_concrete"},
				"west": {"uv": [0, 0, 0.18, 0.44], "texture": "#black_concrete"},
				"up": {"uv": [0, 0, 0.17, 0.18], "texture": "#black_concrete"},
				"down": {"uv": [0, 0, 0.17, 0.18], "texture": "#black_concrete"}
			}
		},
		{
			"name": "Handle",
			"from": [0.25, 21.657, 0.54],
			"to": [0.37, 21.817, 0.72],
			"rotation": {"angle": 0, "axis": "y", "origin": [0, -8.8, 0]},
			"faces": {
				"north": {"uv": [0, 0, 0.12, 0.16], "texture": "#black_concrete"},
				"east": {"uv": [0, 0, 0.18, 0.16], "texture": "#black_concrete"},
				"south": {"uv": [0, 0, 0.12, 0.16], "texture": "#black_concrete"},
				"west": {"uv": [0, 0, 0.18, 0.16], "texture": "#black_concrete"},
				"up": {"uv": [0, 0, 0.12, 0.18], "texture": "#black_concrete"},
				"down": {"uv": [0, 0, 0, 0], "texture": "#black_concrete"}
			}
		},
		{
			"name": "Handle",
			"from": [8.34, 3.2, -1.61],
			"to": [9.04, 3.7, -0.71],
			"rotation": {"angle": 45, "axis": "y", "origin": [8, -0.8, 8]},
			"faces": {
				"north": {"uv": [0, 0, 0.7, 0.5], "texture": "#black_concrete"},
				"east": {"uv": [0, 0, 0.9, 0.5], "texture": "#black_concrete"},
				"south": {"uv": [0, 0, 0.7, 0.5], "texture": "#black_concrete"},
				"west": {"uv": [0, 0, 0.9, 0.5], "texture": "#black_concrete"},
				"up": {"uv": [0, 0, 3.19, 0.9], "texture": "#black_concrete"},
				"down": {"uv": [0, 0, 3.19, 0.9], "texture": "#black_concrete"}
			}
		},
		{
			"name": "White",
			"from": [0.31, -7.8, 0.4],
			"to": [1.8, 3.2, 0.9],
			"rotation": {"angle": 0, "axis": "y", "origin": [0, -8.8, 0]},
			"faces": {
				"north": {"uv": [0, 0, 1.49, 11], "texture": "#white_concrete"},
				"east": {"uv": [0, 0, 0.5, 11], "texture": "#white_concrete"},
				"south": {"uv": [0, 0, 1.49, 11], "texture": "#white_concrete"},
				"west": {"uv": [0, 0, 0.5, 11], "texture": "#white_concrete"}
			}
		},
		{
			"name": "White",
			"from": [7.58, -7.8, -2.46],
			"to": [8.38, 3.2, -2.18],
			"rotation": {"angle": 45, "axis": "y", "origin": [8, -0.8, 8]},
			"faces": {
				"north": {"uv": [0, 0, 0.8, 11], "texture": "#white_concrete"},
				"east": {"uv": [0, 0, 0.28, 11], "texture": "#white_concrete"},
				"south": {"uv": [0, 0, 0.8, 11], "texture": "#white_concrete"},
				"west": {"uv": [0, 0, 0.28, 11], "texture": "#white_concrete"},
				"up": {"uv": [0, 0, 0.8, 0.28], "texture": "#white_concrete"},
				"down": {"uv": [0, 0, 0.8, 0.28], "texture": "#white_concrete"}
			}
		},
		{
			"name": "White",
			"from": [8.578, -7.8, -2.04],
			"to": [8.988, 3.2, -1.76],
			"rotation": {"angle": 45, "axis": "y", "origin": [8, -0.8, 8]},
			"faces": {
				"north": {"uv": [0, 0, 0.41, 11], "texture": "#white_concrete"},
				"east": {"uv": [0, 0, 0.28, 11], "texture": "#white_concrete"},
				"south": {"uv": [0, 0, 0.41, 11], "texture": "#white_concrete"},
				"west": {"uv": [0, 0, 0.28, 11], "texture": "#white_concrete"},
				"up": {"uv": [0, 0, 0.41, 0.28], "texture": "#white_concrete"},
				"down": {"uv": [0, 0, 0.41, 0.28], "texture": "#white_concrete"}
			}
		},
		{
			"name": "White",
			"from": [-2.21, -7.8, 7.33],
			"to": [-1.41, 3.2, 7.61],
			"rotation": {"angle": -45, "axis": "y", "origin": [8, -0.8, 8]},
			"faces": {
				"north": {"uv": [0, 0, 0.8, 11], "texture": "#white_concrete"},
				"east": {"uv": [0, 0, 0.28, 11], "texture": "#white_concrete"},
				"south": {"uv": [0, 0, 0.8, 11], "texture": "#white_concrete"},
				"west": {"uv": [0, 0, 0.28, 11], "texture": "#white_concrete"},
				"up": {"uv": [0, 0, 0.8, 0.28], "texture": "#white_concrete"},
				"down": {"uv": [0, 0, 0.8, 0.28], "texture": "#white_concrete"}
			}
		},
		{
			"name": "White",
			"from": [-2.81, -7.8, 7.78],
			"to": [-2.01, 3.2, 8.06],
			"rotation": {"angle": -45, "axis": "y", "origin": [8, -0.8, 8]},
			"faces": {
				"north": {"uv": [0, 0, 0.8, 11], "texture": "#white_concrete"},
				"east": {"uv": [0, 0, 0.28, 11], "texture": "#white_concrete"},
				"south": {"uv": [0, 0, 0.8, 11], "texture": "#white_concrete"},
				"west": {"uv": [0, 0, 0.28, 11], "texture": "#white_concrete"},
				"up": {"uv": [0, 0, 0.8, 0.28], "texture": "#white_concrete"},
				"down": {"uv": [0, 0, 0.8, 0.28], "texture": "#white_concrete"}
			}
		},
		{
			"name": "Yellow",
			"from": [0.62, -7, 0.19],
			"to": [1.42, -6.7, 1.11],
			"rotation": {"angle": 0, "axis": "y", "origin": [0, -8.8, 0]},
			"faces": {
				"north": {"uv": [0, 0, 0.8, 0.3], "texture": "#cyan_concrete"},
				"east": {"uv": [0, 0, 0.92, 0.3], "texture": "#cyan_concrete"},
				"south": {"uv": [0, 0, 0.8, 0.3], "texture": "#cyan_concrete"},
				"west": {"uv": [0, 0, 0.92, 0.3], "texture": "#cyan_concrete"},
				"up": {"uv": [0, 0, 0.8, 0.92], "texture": "#cyan_concrete"},
				"down": {"uv": [0, 0, 0.8, 0.92], "texture": "#cyan_concrete"}
			}
		},
		{
			"name": "Yellow",
			"from": [0.62, -6, 0.19],
			"to": [1.42, -5.7, 1.11],
			"rotation": {"angle": 0, "axis": "y", "origin": [0, -8.8, 0]},
			"faces": {
				"north": {"uv": [0, 0, 0.8, 0.3], "texture": "#cyan_concrete"},
				"east": {"uv": [0, 0, 0.92, 0.3], "texture": "#cyan_concrete"},
				"south": {"uv": [0, 0, 0.8, 0.3], "texture": "#cyan_concrete"},
				"west": {"uv": [0, 0, 0.92, 0.3], "texture": "#cyan_concrete"},
				"up": {"uv": [0, 0, 0.8, 0.92], "texture": "#cyan_concrete"},
				"down": {"uv": [0, 0, 0.8, 0.92], "texture": "#cyan_concrete"}
			}
		},
		{
			"name": "Yellow",
			"from": [0.62, -5, 0.19],
			"to": [1.42, -4.7, 1.11],
			"rotation": {"angle": 0, "axis": "y", "origin": [0, -8.8, 0]},
			"faces": {
				"north": {"uv": [0, 0, 0.8, 0.3], "texture": "#cyan_concrete"},
				"east": {"uv": [0, 0, 0.92, 0.3], "texture": "#cyan_concrete"},
				"south": {"uv": [0, 0, 0.8, 0.3], "texture": "#cyan_concrete"},
				"west": {"uv": [0, 0, 0.92, 0.3], "texture": "#cyan_concrete"},
				"up": {"uv": [0, 0, 0.8, 0.92], "texture": "#cyan_concrete"},
				"down": {"uv": [0, 0, 0.8, 0.92], "texture": "#cyan_concrete"}
			}
		},
		{
			"name": "Yellow",
			"from": [0.62, -4, 0.19],
			"to": [1.42, -3.7, 1.11],
			"rotation": {"angle": 0, "axis": "y", "origin": [0, -8.8, 0]},
			"faces": {
				"north": {"uv": [0, 0, 0.8, 0.3], "texture": "#cyan_concrete"},
				"east": {"uv": [0, 0, 0.92, 0.3], "texture": "#cyan_concrete"},
				"south": {"uv": [0, 0, 0.8, 0.3], "texture": "#cyan_concrete"},
				"west": {"uv": [0, 0, 0.92, 0.3], "texture": "#cyan_concrete"},
				"up": {"uv": [0, 0, 0.8, 0.92], "texture": "#cyan_concrete"},
				"down": {"uv": [0, 0, 0.8, 0.92], "texture": "#cyan_concrete"}
			}
		},
		{
			"name": "Yellow",
			"from": [0.62, -3, 0.19],
			"to": [1.42, -2.7, 1.11],
			"rotation": {"angle": 0, "axis": "y", "origin": [0, -8.8, 0]},
			"faces": {
				"north": {"uv": [0, 0, 0.8, 0.3], "texture": "#cyan_concrete"},
				"east": {"uv": [0, 0, 0.92, 0.3], "texture": "#cyan_concrete"},
				"south": {"uv": [0, 0, 0.8, 0.3], "texture": "#cyan_concrete"},
				"west": {"uv": [0, 0, 0.92, 0.3], "texture": "#cyan_concrete"},
				"up": {"uv": [0, 0, 0.8, 0.92], "texture": "#cyan_concrete"},
				"down": {"uv": [0, 0, 0.8, 0.92], "texture": "#cyan_concrete"}
			}
		},
		{
			"name": "Yellow",
			"from": [0.62, -2, 0.19],
			"to": [1.42, -1.7, 1.11],
			"rotation": {"angle": 0, "axis": "y", "origin": [0, -8.8, 0]},
			"faces": {
				"north": {"uv": [0, 0, 0.8, 0.3], "texture": "#cyan_concrete"},
				"east": {"uv": [0, 0, 0.92, 0.3], "texture": "#cyan_concrete"},
				"south": {"uv": [0, 0, 0.8, 0.3], "texture": "#cyan_concrete"},
				"west": {"uv": [0, 0, 0.92, 0.3], "texture": "#cyan_concrete"},
				"up": {"uv": [0, 0, 0.8, 0.92], "texture": "#cyan_concrete"},
				"down": {"uv": [0, 0, 0.8, 0.92], "texture": "#cyan_concrete"}
			}
		},
		{
			"name": "Yellow",
			"from": [0.62, -1, 0.19],
			"to": [1.42, -0.7, 1.11],
			"rotation": {"angle": 0, "axis": "y", "origin": [0, -8.8, 0]},
			"faces": {
				"north": {"uv": [0, 0, 0.8, 0.3], "texture": "#cyan_concrete"},
				"east": {"uv": [0, 0, 0.92, 0.3], "texture": "#cyan_concrete"},
				"south": {"uv": [0, 0, 0.8, 0.3], "texture": "#cyan_concrete"},
				"west": {"uv": [0, 0, 0.92, 0.3], "texture": "#cyan_concrete"},
				"up": {"uv": [0, 0, 0.8, 0.92], "texture": "#cyan_concrete"},
				"down": {"uv": [0, 0, 0.8, 0.92], "texture": "#cyan_concrete"}
			}
		},
		{
			"name": "Yellow",
			"from": [0.62, 0, 0.19],
			"to": [1.42, 0.3, 1.11],
			"rotation": {"angle": 0, "axis": "y", "origin": [0, -8.8, 0]},
			"faces": {
				"north": {"uv": [0, 0, 0.8, 0.3], "texture": "#cyan_concrete"},
				"east": {"uv": [0, 0, 0.92, 0.3], "texture": "#cyan_concrete"},
				"south": {"uv": [0, 0, 0.8, 0.3], "texture": "#cyan_concrete"},
				"west": {"uv": [0, 0, 0.92, 0.3], "texture": "#cyan_concrete"},
				"up": {"uv": [0, 0, 0.8, 0.92], "texture": "#cyan_concrete"},
				"down": {"uv": [0, 0, 0.8, 0.92], "texture": "#cyan_concrete"}
			}
		},
		{
			"name": "Yellow",
			"from": [0.62, 1, 0.19],
			"to": [1.42, 1.3, 1.11],
			"rotation": {"angle": 0, "axis": "y", "origin": [0, -8.8, 0]},
			"faces": {
				"north": {"uv": [0, 0, 0.8, 0.3], "texture": "#cyan_concrete"},
				"east": {"uv": [0, 0, 0.92, 0.3], "texture": "#cyan_concrete"},
				"south": {"uv": [0, 0, 0.8, 0.3], "texture": "#cyan_concrete"},
				"west": {"uv": [0, 0, 0.92, 0.3], "texture": "#cyan_concrete"},
				"up": {"uv": [0, 0, 0.8, 0.92], "texture": "#cyan_concrete"},
				"down": {"uv": [0, 0, 0.8, 0.92], "texture": "#cyan_concrete"}
			}
		},
		{
			"name": "Yellow",
			"from": [0.62, 2, 0.19],
			"to": [1.42, 2.3, 1.11],
			"rotation": {"angle": 0, "axis": "y", "origin": [0, -8.8, 0]},
			"faces": {
				"north": {"uv": [0, 0, 0.8, 0.3], "texture": "#cyan_concrete"},
				"east": {"uv": [0, 0, 0.92, 0.3], "texture": "#cyan_concrete"},
				"south": {"uv": [0, 0, 0.8, 0.3], "texture": "#cyan_concrete"},
				"west": {"uv": [0, 0, 0.92, 0.3], "texture": "#cyan_concrete"},
				"up": {"uv": [0, 0, 0.8, 0.92], "texture": "#cyan_concrete"},
				"down": {"uv": [0, 0, 0.8, 0.92], "texture": "#cyan_concrete"}
			}
		},
		{
			"name": "Yellow",
			"from": [0.62, 2.8, 0.19],
			"to": [1.42, 3.1, 1.11],
			"rotation": {"angle": 0, "axis": "y", "origin": [0, -8.8, 0]},
			"faces": {
				"north": {"uv": [0, 0, 0.8, 0.3], "texture": "#cyan_concrete"},
				"east": {"uv": [0, 0, 0.92, 0.3], "texture": "#cyan_concrete"},
				"south": {"uv": [0, 0, 0.8, 0.3], "texture": "#cyan_concrete"},
				"west": {"uv": [0, 0, 0.92, 0.3], "texture": "#cyan_concrete"},
				"up": {"uv": [0, 0, 0.8, 0.92], "texture": "#cyan_concrete"},
				"down": {"uv": [0, 0, 0.8, 0.92], "texture": "#cyan_concrete"}
			}
		},
		{
			"name": "Handle",
			"from": [-0.61, 3.2, 0.2],
			"to": [2.6, 3.7, 1.1],
			"rotation": {"angle": 0, "axis": "y", "origin": [0, -8.8, 0]},
			"faces": {
				"north": {"uv": [0, 0, 3.21, 0.5], "texture": "#black_concrete"},
				"east": {"uv": [0, 0, 0.9, 0.5], "texture": "#black_concrete"},
				"south": {"uv": [0, 0, 3.21, 0.5], "texture": "#black_concrete"},
				"west": {"uv": [0, 0, 0.9, 0.5], "texture": "#black_concrete"},
				"up": {"uv": [0, 0, 3.19, 0.9], "texture": "#black_concrete"},
				"down": {"uv": [0, 0, 3.19, 0.9], "texture": "#black_concrete"}
			}
		},
		{
			"name": "Handle",
			"from": [4.29, 3.2, -1.07],
			"to": [4.98, 3.7, -0.17],
			"rotation": {"angle": 22.5, "axis": "y", "origin": [8, -0.8, 8]},
			"faces": {
				"north": {"uv": [0, 0, 0.69, 0.5], "texture": "#black_concrete"},
				"east": {"uv": [0, 0, 0.9, 0.5], "texture": "#black_concrete"},
				"south": {"uv": [0, 0, 0.69, 0.5], "texture": "#black_concrete"},
				"west": {"uv": [0, 0, 0.9, 0.5], "texture": "#black_concrete"},
				"up": {"uv": [0, 0, 3.19, 0.9], "texture": "#black_concrete"},
				"down": {"uv": [0, 0, 3.19, 0.9], "texture": "#black_concrete"}
			}
		},
		{
			"name": "Handle",
			"from": [0.54, 3.2, -0.58],
			"to": [1.44, 3.7, 1.88],
			"rotation": {"angle": 0, "axis": "y", "origin": [0, -8.8, 0]},
			"faces": {
				"north": {"uv": [0, 0, 0.9, 0.5], "texture": "#black_concrete"},
				"east": {"uv": [0, 0, 0.9, 0.5], "texture": "#black_concrete"},
				"south": {"uv": [0, 0, 0.9, 0.5], "texture": "#black_concrete"},
				"west": {"uv": [0, 0, 0.9, 0.5], "texture": "#black_concrete"},
				"up": {"uv": [0, 0, 3.19, 0.9], "texture": "#black_concrete"},
				"down": {"uv": [0, 0, 3.19, 0.9], "texture": "#black_concrete"}
			}
		},
		{
			"name": "Handle",
			"from": [-2.96, 3.2, 8.3],
			"to": [-2.26, 3.7, 9.22],
			"rotation": {"angle": -45, "axis": "y", "origin": [8, -0.8, 8]},
			"faces": {
				"north": {"uv": [0, 0, 0.7, 0.5], "texture": "#black_concrete"},
				"east": {"uv": [0, 0, 0.9, 0.5], "texture": "#black_concrete"},
				"south": {"uv": [0, 0, 0.7, 0.5], "texture": "#black_concrete"},
				"west": {"uv": [0, 0, 0.9, 0.5], "texture": "#black_concrete"},
				"up": {"uv": [0, 0, 3.19, 0.9], "texture": "#black_concrete"},
				"down": {"uv": [0, 0, 3.19, 0.9], "texture": "#black_concrete"}
			}
		},
		{
			"name": "Handle",
			"from": [-1.96, 3.2, 4.27],
			"to": [-1.26, 3.7, 5.2],
			"rotation": {"angle": -22.5, "axis": "y", "origin": [8, -0.8, 8]},
			"faces": {
				"north": {"uv": [0, 0, 0.7, 0.5], "texture": "#black_concrete"},
				"east": {"uv": [0, 0, 0.9, 0.5], "texture": "#black_concrete"},
				"south": {"uv": [0, 0, 0.7, 0.5], "texture": "#black_concrete"},
				"west": {"uv": [0, 0, 0.9, 0.5], "texture": "#black_concrete"},
				"up": {"uv": [0, 0, 3.19, 0.9], "texture": "#black_concrete"},
				"down": {"uv": [0, 0, 3.19, 0.9], "texture": "#black_concrete"}
			}
		},
		{
			"name": "Handle",
			"from": [7.44, 3.2, -3.61],
			"to": [8.14, 3.7, -2.69],
			"rotation": {"angle": 45, "axis": "y", "origin": [8, -0.8, 8]},
			"faces": {
				"north": {"uv": [0, 0, 0.7, 0.5], "texture": "#black_concrete"},
				"east": {"uv": [0, 0, 0.9, 0.5], "texture": "#black_concrete"},
				"south": {"uv": [0, 0, 0.7, 0.5], "texture": "#black_concrete"},
				"west": {"uv": [0, 0, 0.9, 0.5], "texture": "#black_concrete"},
				"up": {"uv": [0, 0, 3.19, 0.9], "texture": "#black_concrete"},
				"down": {"uv": [0, 0, 3.19, 0.9], "texture": "#black_concrete"}
			}
		},
		{
			"name": "Handle",
			"from": [3.67, 3.2, -2.79],
			"to": [4.39, 3.7, -1.87],
			"rotation": {"angle": 22.5, "axis": "y", "origin": [8, -0.8, 8]},
			"faces": {
				"north": {"uv": [0, 0, 0.72, 0.5], "texture": "#black_concrete"},
				"east": {"uv": [0, 0, 0.9, 0.5], "texture": "#black_concrete"},
				"south": {"uv": [0, 0, 0.72, 0.5], "texture": "#black_concrete"},
				"west": {"uv": [0, 0, 0.9, 0.5], "texture": "#black_concrete"},
				"up": {"uv": [0, 0, 3.19, 0.9], "texture": "#black_concrete"},
				"down": {"uv": [0, 0, 3.19, 0.9], "texture": "#black_concrete"}
			}
		},
		{
			"name": "Handle",
			"from": [8.96, 3.2, -2.27],
			"to": [9.68, 3.7, -1.35],
			"rotation": {"angle": 45, "axis": "y", "origin": [8, -0.8, 8]},
			"faces": {
				"north": {"uv": [0, 0, 0.72, 0.5], "texture": "#black_concrete"},
				"east": {"uv": [0, 0, 0.9, 0.5], "texture": "#black_concrete"},
				"south": {"uv": [0, 0, 0.72, 0.5], "texture": "#black_concrete"},
				"west": {"uv": [0, 0, 0.9, 0.5], "texture": "#black_concrete"},
				"up": {"uv": [0, 0, 3.19, 0.9], "texture": "#black_concrete"},
				"down": {"uv": [0, 0, 3.19, 0.9], "texture": "#black_concrete"}
			}
		},
		{
			"name": "Handle",
			"from": [-1.35, 3.2, 2.58],
			"to": [-0.83, 3.7, 3.5],
			"rotation": {"angle": -22.5, "axis": "y", "origin": [8, -0.8, 8]},
			"faces": {
				"north": {"uv": [0, 0, 0.52, 0.5], "texture": "#black_concrete"},
				"east": {"uv": [0, 0, 0.9, 0.5], "texture": "#black_concrete"},
				"south": {"uv": [0, 0, 0.52, 0.5], "texture": "#black_concrete"},
				"west": {"uv": [0, 0, 0.9, 0.5], "texture": "#black_concrete"},
				"up": {"uv": [0, 0, 3.19, 0.9], "texture": "#black_concrete"},
				"down": {"uv": [0, 0, 3.19, 0.9], "texture": "#black_concrete"}
			}
		},
		{
			"from": [0, 4.55, 0],
			"to": [1, 5.55, 1],
			"rotation": {"angle": -22.5, "axis": "x", "origin": [0.5, 4.825, 0.5]},
			"faces": {
				"north": {"uv": [0, 0, 1, 1], "texture": "#orange_concrete"},
				"east": {"uv": [0, 0, 1, 1], "texture": "#orange_concrete"},
				"south": {"uv": [0, 0, 1, 1], "texture": "#orange_concrete"},
				"west": {"uv": [0, 0, 1, 1], "texture": "#orange_concrete"},
				"up": {"uv": [0, 0, 1, 1], "texture": "#orange_concrete"},
				"down": {"uv": [0, 0, 1, 1], "texture": "#orange_concrete"}
			}
		},
		{
			"from": [1, 5.55, 0.275],
			"to": [2, 6.9, 1.275],
			"rotation": {"angle": -22.5, "axis": "x", "origin": [0.5, 4.825, 0.5]},
			"faces": {
				"north": {"uv": [0, 0, 1, 1.35], "texture": "#orange_concrete"},
				"east": {"uv": [0, 0, 1, 1.35], "texture": "#orange_concrete"},
				"south": {"uv": [0, 0, 1, 1.35], "texture": "#orange_concrete"},
				"west": {"uv": [0, 0, 1, 1.35], "texture": "#orange_concrete"},
				"up": {"uv": [0, 0, 1, 1], "texture": "#orange_concrete"},
				"down": {"uv": [0, 0, 1, 1], "texture": "#orange_concrete"}
			}
		},
		{
			"from": [0, 9.2, 2.1],
			"to": [1, 11.2, 3.1],
			"rotation": {"angle": -22.5, "axis": "x", "origin": [0.5, 4.825, 0.5]},
			"faces": {
				"north": {"uv": [0, 0, 1, 2], "texture": "#orange_concrete"},
				"east": {"uv": [0, 0, 1, 2], "texture": "#orange_concrete"},
				"south": {"uv": [0, 0, 1, 2], "texture": "#orange_concrete"},
				"west": {"uv": [0, 0, 1, 2], "texture": "#orange_concrete"},
				"up": {"uv": [0, 0, 1, 1], "texture": "#orange_concrete"},
				"down": {"uv": [0, 0, 1, 1], "texture": "#orange_concrete"}
			}
		},
		{
			"from": [0, 8.52033, -0.52007],
			"to": [1, 9.52033, 1.47993],
			"rotation": {"angle": 45, "axis": "x", "origin": [0.5, 9.02033, -0.02007]},
			"faces": {
				"north": {"uv": [0, 0, 1, 1], "rotation": 180, "texture": "#orange_concrete"},
				"east": {"uv": [0, 0, 1, 2], "rotation": 90, "texture": "#orange_concrete"},
				"south": {"uv": [0, 0, 1, 1], "texture": "#orange_concrete"},
				"west": {"uv": [0, 0, 1, 2], "rotation": 270, "texture": "#orange_concrete"},
				"up": {"uv": [0, 0, 1, 2], "texture": "#orange_concrete"},
				"down": {"uv": [0, 0, 1, 2], "rotation": 180, "texture": "#orange_concrete"}
			}
		},
		{
			"from": [0, 11.27033, -3.17007],
			"to": [1, 12.27033, -1.17007],
			"rotation": {"angle": 45, "axis": "x", "origin": [0.5, 9.02033, -0.02007]},
			"faces": {
				"north": {"uv": [0, 0, 1, 1], "rotation": 180, "texture": "#orange_concrete"},
				"east": {"uv": [0, 0, 1, 2], "rotation": 90, "texture": "#orange_concrete"},
				"south": {"uv": [0, 0, 1, 1], "texture": "#orange_concrete"},
				"west": {"uv": [0, 0, 1, 2], "rotation": 270, "texture": "#orange_concrete"},
				"up": {"uv": [0, 0, 1, 2], "texture": "#orange_concrete"},
				"down": {"uv": [0, 0, 1, 2], "rotation": 180, "texture": "#orange_concrete"}
			}
		},
		{
			"from": [-0.025, 11.92033, -3.79507],
			"to": [1.525, 12.92033, -1.79507],
			"rotation": {"angle": 45, "axis": "x", "origin": [0.5, 9.02033, -0.02007]},
			"faces": {
				"north": {"uv": [7, 2, 8, 3], "rotation": 180, "texture": "#orange_concrete"},
				"east": {"uv": [7, 0, 8, 2], "rotation": 90, "texture": "#orange_concrete"},
				"south": {"uv": [7, 2, 8, 3], "texture": "#orange_concrete"},
				"west": {"uv": [6, 4, 7, 6], "rotation": 270, "texture": "#orange_concrete"},
				"up": {"uv": [6, 2, 7, 4], "texture": "#orange_concrete"},
				"down": {"uv": [6, 0, 7, 2], "rotation": 180, "texture": "#orange_concrete"}
			}
		},
		{
			"from": [0.4, 15.02033, -6.84507],
			"to": [2.025, 16.02033, -4.84507],
			"rotation": {"angle": 45, "axis": "x", "origin": [0.5, 9.02033, -0.02007]},
			"faces": {
				"north": {"uv": [7, 2, 8, 3], "rotation": 180, "texture": "#orange_concrete"},
				"east": {"uv": [7, 0, 8, 2], "rotation": 90, "texture": "#orange_concrete"},
				"south": {"uv": [7, 2, 8, 3], "texture": "#orange_concrete"},
				"west": {"uv": [6, 4, 7, 6], "rotation": 270, "texture": "#orange_concrete"},
				"up": {"uv": [6, 2, 7, 4], "texture": "#orange_concrete"},
				"down": {"uv": [6, 0, 7, 2], "rotation": 180, "texture": "#orange_concrete"}
			}
		},
		{
			"from": [0.2, 15.02033, -6.84507],
			"to": [1.825, 16.02033, -4.84507],
			"rotation": {"angle": 45, "axis": "x", "origin": [0.5, 9.02033, -0.02007]},
			"faces": {
				"north": {"uv": [7, 2, 8, 3], "rotation": 180, "texture": "#orange_concrete"},
				"east": {"uv": [7, 0, 8, 2], "rotation": 90, "texture": "#orange_concrete"},
				"south": {"uv": [7, 2, 8, 3], "texture": "#orange_concrete"},
				"west": {"uv": [6, 4, 7, 6], "rotation": 270, "texture": "#orange_concrete"},
				"up": {"uv": [6, 2, 7, 4], "texture": "#orange_concrete"},
				"down": {"uv": [6, 0, 7, 2], "rotation": 180, "texture": "#orange_concrete"}
			}
		},
		{
			"from": [0.65, 17.62033, -9.47007],
			"to": [2.125, 18.62033, -7.47007],
			"rotation": {"angle": 45, "axis": "x", "origin": [0.5, 9.02033, -0.02007]},
			"faces": {
				"north": {"uv": [7, 2, 8, 3], "rotation": 180, "texture": "#orange_concrete"},
				"east": {"uv": [7, 0, 8, 2], "rotation": 90, "texture": "#orange_concrete"},
				"south": {"uv": [7, 2, 8, 3], "texture": "#orange_concrete"},
				"west": {"uv": [6, 4, 7, 6], "rotation": 270, "texture": "#orange_concrete"},
				"up": {"uv": [6, 2, 7, 4], "texture": "#orange_concrete"},
				"down": {"uv": [6, 0, 7, 2], "rotation": 180, "texture": "#orange_concrete"}
			}
		},
		{
			"from": [0.65, 9.39533, -1.42007],
			"to": [2.125, 10.39533, 0.57993],
			"rotation": {"angle": 45, "axis": "x", "origin": [0.5, 9.02033, -0.02007]},
			"faces": {
				"north": {"uv": [7, 2, 8, 3], "rotation": 180, "texture": "#orange_concrete"},
				"east": {"uv": [7, 0, 8, 2], "rotation": 90, "texture": "#orange_concrete"},
				"south": {"uv": [7, 2, 8, 3], "texture": "#orange_concrete"},
				"west": {"uv": [6, 4, 7, 6], "rotation": 270, "texture": "#orange_concrete"},
				"up": {"uv": [6, 2, 7, 4], "texture": "#orange_concrete"},
				"down": {"uv": [6, 0, 7, 2], "rotation": 180, "texture": "#orange_concrete"}
			}
		},
		{
			"from": [1.775, 9.39533, 0.12993],
			"to": [3.775, 10.39533, 1.60493],
			"rotation": {"angle": 45, "axis": "z", "origin": [0.5, 9.02033, -0.02007]},
			"faces": {
				"north": {"uv": [6, 4, 7, 6], "rotation": 270, "texture": "#orange_concrete"},
				"east": {"uv": [7, 2, 8, 3], "rotation": 180, "texture": "#orange_concrete"},
				"south": {"uv": [7, 0, 8, 2], "rotation": 90, "texture": "#orange_concrete"},
				"west": {"uv": [7, 2, 8, 3], "texture": "#orange_concrete"},
				"up": {"uv": [6, 2, 7, 4], "rotation": 90, "texture": "#orange_concrete"},
				"down": {"uv": [6, 0, 7, 2], "rotation": 90, "texture": "#orange_concrete"}
			}
		},
		{
			"from": [6.8, 14.89533, 0.12993],
			"to": [8.8, 15.89533, 1.60493],
			"rotation": {"angle": 45, "axis": "z", "origin": [0.5, 9.02033, -0.02007]},
			"faces": {
				"north": {"uv": [6, 4, 7, 6], "rotation": 270, "texture": "#orange_concrete"},
				"east": {"uv": [7, 2, 8, 3], "rotation": 180, "texture": "#orange_concrete"},
				"south": {"uv": [7, 0, 8, 2], "rotation": 90, "texture": "#orange_concrete"},
				"west": {"uv": [7, 2, 8, 3], "texture": "#orange_concrete"},
				"up": {"uv": [6, 2, 7, 4], "rotation": 90, "texture": "#orange_concrete"},
				"down": {"uv": [6, 0, 7, 2], "rotation": 90, "texture": "#orange_concrete"}
			}
		},
		{
			"from": [8.925, 17.54533, 0.12993],
			"to": [10.925, 18.54533, 1.60493],
			"rotation": {"angle": 45, "axis": "z", "origin": [0.5, 9.02033, -0.02007]},
			"faces": {
				"north": {"uv": [6, 4, 7, 6], "rotation": 270, "texture": "#orange_concrete"},
				"east": {"uv": [7, 2, 8, 3], "rotation": 180, "texture": "#orange_concrete"},
				"south": {"uv": [7, 0, 8, 2], "rotation": 90, "texture": "#orange_concrete"},
				"west": {"uv": [7, 2, 8, 3], "texture": "#orange_concrete"},
				"up": {"uv": [6, 2, 7, 4], "rotation": 90, "texture": "#orange_concrete"},
				"down": {"uv": [6, 0, 7, 2], "rotation": 90, "texture": "#orange_concrete"}
			}
		},
		{
			"from": [-0.7, 7.27033, -0.24507],
			"to": [1.3, 8.27033, 1.22993],
			"rotation": {"angle": 45, "axis": "z", "origin": [0.5, 9.02033, -0.02007]},
			"faces": {
				"north": {"uv": [6, 4, 7, 6], "rotation": 270, "texture": "#orange_concrete"},
				"east": {"uv": [7, 2, 8, 3], "rotation": 180, "texture": "#orange_concrete"},
				"south": {"uv": [7, 0, 8, 2], "rotation": 90, "texture": "#orange_concrete"},
				"west": {"uv": [7, 2, 8, 3], "texture": "#orange_concrete"},
				"up": {"uv": [6, 2, 7, 4], "rotation": 90, "texture": "#orange_concrete"},
				"down": {"uv": [6, 0, 7, 2], "rotation": 90, "texture": "#orange_concrete"}
			}
		},
		{
			"from": [0, 15.24533, -6.99507],
			"to": [1, 16.24533, -4.99507],
			"rotation": {"angle": 45, "axis": "x", "origin": [0.5, 9.02033, -0.02007]},
			"faces": {
				"north": {"uv": [0, 0, 1, 1], "rotation": 180, "texture": "#orange_concrete"},
				"east": {"uv": [0, 0, 1, 2], "rotation": 90, "texture": "#orange_concrete"},
				"south": {"uv": [0, 0, 1, 1], "texture": "#orange_concrete"},
				"west": {"uv": [0, 0, 1, 2], "rotation": 270, "texture": "#orange_concrete"},
				"up": {"uv": [0, 0, 1, 2], "texture": "#orange_concrete"},
				"down": {"uv": [0, 0, 1, 2], "rotation": 180, "texture": "#orange_concrete"}
			}
		},
		{
			"from": [1, 10.24533, -1.99507],
			"to": [2, 11.24533, 0.00493],
			"rotation": {"angle": 45, "axis": "x", "origin": [0.5, 9.02033, -0.02007]},
			"faces": {
				"north": {"uv": [0, 0, 1, 1], "rotation": 180, "texture": "#orange_concrete"},
				"east": {"uv": [0, 0, 1, 2], "rotation": 90, "texture": "#orange_concrete"},
				"south": {"uv": [0, 0, 1, 1], "texture": "#orange_concrete"},
				"west": {"uv": [0, 0, 1, 2], "rotation": 270, "texture": "#orange_concrete"},
				"up": {"uv": [0, 0, 1, 2], "texture": "#orange_concrete"},
				"down": {"uv": [0, 0, 1, 2], "rotation": 180, "texture": "#orange_concrete"}
			}
		},
		{
			"from": [1, 14.54533, -6.42007],
			"to": [2, 15.54533, -4.42007],
			"rotation": {"angle": 45, "axis": "x", "origin": [0.5, 9.02033, -0.02007]},
			"faces": {
				"north": {"uv": [0, 0, 1, 1], "rotation": 180, "texture": "#orange_concrete"},
				"east": {"uv": [0, 0, 1, 2], "rotation": 90, "texture": "#orange_concrete"},
				"south": {"uv": [0, 0, 1, 1], "texture": "#orange_concrete"},
				"west": {"uv": [0, 0, 1, 2], "rotation": 270, "texture": "#orange_concrete"},
				"up": {"uv": [0, 0, 1, 2], "texture": "#orange_concrete"},
				"down": {"uv": [0, 0, 1, 2], "rotation": 180, "texture": "#orange_concrete"}
			}
		},
		{
			"from": [1, 7.54533, 0.57993],
			"to": [2, 8.54533, 2.57993],
			"rotation": {"angle": 45, "axis": "x", "origin": [0.5, 9.02033, -0.02007]},
			"faces": {
				"north": {"uv": [0, 0, 1, 1], "rotation": 180, "texture": "#orange_concrete"},
				"east": {"uv": [0, 0, 1, 2], "rotation": 90, "texture": "#orange_concrete"},
				"south": {"uv": [0, 0, 1, 1], "texture": "#orange_concrete"},
				"west": {"uv": [0, 0, 1, 2], "rotation": 270, "texture": "#orange_concrete"},
				"up": {"uv": [0, 0, 1, 2], "texture": "#orange_concrete"},
				"down": {"uv": [0, 0, 1, 2], "rotation": 180, "texture": "#orange_concrete"}
			}
		},
		{
			"from": [1, 10.2, 2.375],
			"to": [2, 11.55, 3.375],
			"rotation": {"angle": -22.5, "axis": "x", "origin": [0.5, 4.825, 0.5]},
			"faces": {
				"north": {"uv": [0, 0, 1, 1.35], "texture": "#orange_concrete"},
				"east": {"uv": [0, 0, 1, 1.35], "texture": "#orange_concrete"},
				"south": {"uv": [0, 0, 1, 1.35], "texture": "#orange_concrete"},
				"west": {"uv": [0, 0, 1, 1.35], "texture": "#orange_concrete"},
				"up": {"uv": [0, 0, 1, 1], "texture": "#orange_concrete"},
				"down": {"uv": [0, 0, 1, 1], "texture": "#orange_concrete"}
			}
		},
		{
			"from": [1, 11.32334, -0.12102],
			"to": [2, 12.67334, 0.87898],
			"rotation": {"angle": -22.5, "axis": "z", "origin": [1.5, 11.32334, 0.37898]},
			"faces": {
				"north": {"uv": [0, 0, 1, 1.35], "texture": "#orange_concrete"},
				"east": {"uv": [0, 0, 1, 1.35], "texture": "#orange_concrete"},
				"south": {"uv": [0, 0, 1, 1.35], "texture": "#orange_concrete"},
				"west": {"uv": [0, 0, 1, 1.35], "texture": "#orange_concrete"},
				"up": {"uv": [0, 0, 1, 1], "texture": "#orange_concrete"},
				"down": {"uv": [0, 0, 1, 1], "texture": "#orange_concrete"}
			}
		},
		{
			"from": [-1.075, 16.37334, -0.12102],
			"to": [-0.075, 17.72334, 0.87898],
			"rotation": {"angle": -22.5, "axis": "z", "origin": [1.5, 11.32334, 0.37898]},
			"faces": {
				"north": {"uv": [0, 0, 1, 1.35], "texture": "#orange_concrete"},
				"east": {"uv": [0, 0, 1, 1.35], "texture": "#orange_concrete"},
				"south": {"uv": [0, 0, 1, 1.35], "texture": "#orange_concrete"},
				"west": {"uv": [0, 0, 1, 1.35], "texture": "#orange_concrete"},
				"up": {"uv": [0, 0, 1, 1], "texture": "#orange_concrete"},
				"down": {"uv": [0, 0, 1, 1], "texture": "#orange_concrete"}
			}
		},
		{
			"from": [-2.025, 18.77334, -0.12102],
			"to": [-1.025, 20.12334, 0.87898],
			"rotation": {"angle": -22.5, "axis": "z", "origin": [1.5, 11.32334, 0.37898]},
			"faces": {
				"north": {"uv": [0, 0, 1, 1.35], "texture": "#orange_concrete"},
				"east": {"uv": [0, 0, 1, 1.35], "texture": "#orange_concrete"},
				"south": {"uv": [0, 0, 1, 1.35], "texture": "#orange_concrete"},
				"west": {"uv": [0, 0, 1, 1.35], "texture": "#orange_concrete"},
				"up": {"uv": [0, 0, 1, 1], "texture": "#orange_concrete"},
				"down": {"uv": [0, 0, 1, 1], "texture": "#orange_concrete"}
			}
		},
		{
			"from": [1.7, 9.72334, -0.12102],
			"to": [2.7, 11.07334, 0.87898],
			"rotation": {"angle": -22.5, "axis": "z", "origin": [1.5, 11.32334, 0.37898]},
			"faces": {
				"north": {"uv": [0, 0, 1, 1.35], "texture": "#orange_concrete"},
				"east": {"uv": [0, 0, 1, 1.35], "texture": "#orange_concrete"},
				"south": {"uv": [0, 0, 1, 1.35], "texture": "#orange_concrete"},
				"west": {"uv": [0, 0, 1, 1.35], "texture": "#orange_concrete"},
				"up": {"uv": [0, 0, 1, 1], "texture": "#orange_concrete"},
				"down": {"uv": [0, 0, 1, 1], "texture": "#orange_concrete"}
			}
		},
		{
			"from": [3.525, 5.09834, -0.12102],
			"to": [4.525, 6.44834, 0.87898],
			"rotation": {"angle": -22.5, "axis": "z", "origin": [1.5, 11.32334, 0.37898]},
			"faces": {
				"north": {"uv": [0, 0, 1, 1.35], "texture": "#orange_concrete"},
				"east": {"uv": [0, 0, 1, 1.35], "texture": "#orange_concrete"},
				"south": {"uv": [0, 0, 1, 1.35], "texture": "#orange_concrete"},
				"west": {"uv": [0, 0, 1, 1.35], "texture": "#orange_concrete"},
				"up": {"uv": [0, 0, 1, 1], "texture": "#orange_concrete"},
				"down": {"uv": [0, 0, 1, 1], "texture": "#orange_concrete"}
			}
		},
		{
			"from": [0.09161, 7.33741, -0.12102],
			"to": [1.09161, 8.68741, 0.87898],
			"rotation": {"angle": -45, "axis": "z", "origin": [1.79161, 7.06241, 0.37898]},
			"faces": {
				"north": {"uv": [0, 0, 1, 1.35], "texture": "#orange_concrete"},
				"east": {"uv": [0, 0, 1, 1.35], "texture": "#orange_concrete"},
				"south": {"uv": [0, 0, 1, 1.35], "texture": "#orange_concrete"},
				"west": {"uv": [0, 0, 1, 1.35], "texture": "#orange_concrete"},
				"up": {"uv": [0, 0, 1, 1], "texture": "#orange_concrete"},
				"down": {"uv": [0, 0, 1, 1], "texture": "#orange_concrete"}
			}
		},
		{
			"from": [1.29161, 6.38741, -0.12102],
			"to": [2.29161, 7.73741, 0.87898],
			"rotation": {"angle": -45, "axis": "z", "origin": [1.79161, 7.06241, 0.37898]},
			"faces": {
				"north": {"uv": [0, 0, 1, 1.35], "texture": "#orange_concrete"},
				"east": {"uv": [0, 0, 1, 1.35], "texture": "#orange_concrete"},
				"south": {"uv": [0, 0, 1, 1.35], "texture": "#orange_concrete"},
				"west": {"uv": [0, 0, 1, 1.35], "texture": "#orange_concrete"},
				"up": {"uv": [0, 0, 1, 1], "texture": "#orange_concrete"},
				"down": {"uv": [0, 0, 1, 1], "texture": "#orange_concrete"}
			}
		},
		{
			"from": [0, 12.7, 3.375],
			"to": [1, 13.7, 4.375],
			"rotation": {"angle": -22.5, "axis": "x", "origin": [0.5, 4.825, 0.5]},
			"faces": {
				"north": {"uv": [0, 0, 1, 1], "texture": "#orange_concrete"},
				"east": {"uv": [0, 0, 1, 1], "texture": "#orange_concrete"},
				"south": {"uv": [0, 0, 1, 1], "texture": "#orange_concrete"},
				"west": {"uv": [0, 0, 1, 1], "texture": "#orange_concrete"},
				"up": {"uv": [0, 0, 1, 1], "texture": "#orange_concrete"},
				"down": {"uv": [0, 0, 1, 1], "texture": "#orange_concrete"}
			}
		},
		{
			"from": [1, 13.7, 3.65],
			"to": [2, 15.05, 4.65],
			"rotation": {"angle": -22.5, "axis": "x", "origin": [0.5, 4.825, 0.5]},
			"faces": {
				"north": {"uv": [0, 0, 1, 1.35], "texture": "#orange_concrete"},
				"east": {"uv": [0, 0, 1, 1.35], "texture": "#orange_concrete"},
				"south": {"uv": [0, 0, 1, 1.35], "texture": "#orange_concrete"},
				"west": {"uv": [0, 0, 1, 1.35], "texture": "#orange_concrete"},
				"up": {"uv": [0, 0, 1, 1], "texture": "#orange_concrete"},
				"down": {"uv": [0, 0, 1, 1], "texture": "#orange_concrete"}
			}
		},
		{
			"from": [-0.025, 14.55, 3.825],
			"to": [0.975, 15.9, 4.825],
			"rotation": {"angle": -22.5, "axis": "x", "origin": [0.5, 4.825, 0.5]},
			"faces": {
				"north": {"uv": [0, 0, 1, 1.35], "texture": "#orange_concrete"},
				"east": {"uv": [0, 0, 1, 1.35], "texture": "#orange_concrete"},
				"south": {"uv": [0, 0, 1, 1.35], "texture": "#orange_concrete"},
				"west": {"uv": [0, 0, 1, 1.35], "texture": "#orange_concrete"},
				"up": {"uv": [0, 0, 1, 1], "texture": "#orange_concrete"},
				"down": {"uv": [0, 0, 1, 1], "texture": "#orange_concrete"}
			}
		},
		{
			"from": [1.00744, 7.69113, 0.37694],
			"to": [2.00744, 9.04113, 1.37694],
			"rotation": {"angle": 0, "axis": "z", "origin": [0.39122, 12.03921, 0.33835]},
			"faces": {
				"north": {"uv": [0, 0, 1, 1.35], "rotation": 180, "texture": "#orange_concrete"},
				"east": {"uv": [0, 0, 1, 1.35], "rotation": 180, "texture": "#orange_concrete"},
				"south": {"uv": [0, 0, 1, 1.35], "rotation": 180, "texture": "#orange_concrete"},
				"west": {"uv": [0, 0, 1, 1.35], "rotation": 180, "texture": "#orange_concrete"},
				"up": {"uv": [0, 0, 1, 1], "rotation": 180, "texture": "#orange_concrete"},
				"down": {"uv": [0, 0, 1, 1], "rotation": 180, "texture": "#orange_concrete"}
			}
		},
		{
			"from": [-2.82345, 17.61049, -0.12102],
			"to": [-1.82345, 18.96049, 0.87898],
			"rotation": {"angle": -22.5, "axis": "z", "origin": [0.39122, 12.03921, 0.33835]},
			"faces": {
				"north": {"uv": [0, 0, 1, 1.35], "rotation": 180, "texture": "#orange_concrete"},
				"east": {"uv": [0, 0, 1, 1.35], "rotation": 180, "texture": "#orange_concrete"},
				"south": {"uv": [0, 0, 1, 1.35], "rotation": 180, "texture": "#orange_concrete"},
				"west": {"uv": [0, 0, 1, 1.35], "rotation": 180, "texture": "#orange_concrete"},
				"up": {"uv": [0, 0, 1, 1], "rotation": 180, "texture": "#orange_concrete"},
				"down": {"uv": [0, 0, 1, 1], "rotation": 180, "texture": "#orange_concrete"}
			}
		},
		{
			"from": [-3.76961, 14.74165, -0.12102],
			"to": [-2.76961, 16.09165, 0.87898],
			"rotation": {"angle": -45, "axis": "z", "origin": [0.39122, 12.03921, 0.33835]},
			"faces": {
				"north": {"uv": [0, 0, 1, 1.35], "rotation": 180, "texture": "#orange_concrete"},
				"east": {"uv": [0, 0, 1, 1.35], "rotation": 180, "texture": "#orange_concrete"},
				"south": {"uv": [0, 0, 1, 1.35], "rotation": 180, "texture": "#orange_concrete"},
				"west": {"uv": [0, 0, 1, 1.35], "rotation": 180, "texture": "#orange_concrete"},
				"up": {"uv": [0, 0, 1, 1], "rotation": 180, "texture": "#orange_concrete"},
				"down": {"uv": [0, 0, 1, 1], "rotation": 180, "texture": "#orange_concrete"}
			}
		},
		{
			"from": [-2.56961, 13.79165, -0.12102],
			"to": [-1.56961, 15.14165, 0.87898],
			"rotation": {"angle": -45, "axis": "z", "origin": [0.39122, 12.03921, 0.33835]},
			"faces": {
				"north": {"uv": [0, 0, 1, 1.35], "rotation": 180, "texture": "#orange_concrete"},
				"east": {"uv": [0, 0, 1, 1.35], "rotation": 180, "texture": "#orange_concrete"},
				"south": {"uv": [0, 0, 1, 1.35], "rotation": 180, "texture": "#orange_concrete"},
				"west": {"uv": [0, 0, 1, 1.35], "rotation": 180, "texture": "#orange_concrete"},
				"up": {"uv": [0, 0, 1, 1], "rotation": 180, "texture": "#orange_concrete"},
				"down": {"uv": [0, 0, 1, 1], "rotation": 180, "texture": "#orange_concrete"}
			}
		},
		{
			"from": [-0.99845, 12.98549, -0.12102],
			"to": [0.00155, 14.33549, 0.87898],
			"rotation": {"angle": -22.5, "axis": "z", "origin": [0.39122, 12.03921, 0.33835]},
			"faces": {
				"north": {"uv": [0, 0, 1, 1.35], "rotation": 180, "texture": "#orange_concrete"},
				"east": {"uv": [0, 0, 1, 1.35], "rotation": 180, "texture": "#orange_concrete"},
				"south": {"uv": [0, 0, 1, 1.35], "rotation": 180, "texture": "#orange_concrete"},
				"west": {"uv": [0, 0, 1, 1.35], "rotation": 180, "texture": "#orange_concrete"},
				"up": {"uv": [0, 0, 1, 1], "rotation": 180, "texture": "#orange_concrete"},
				"down": {"uv": [0, 0, 1, 1], "rotation": 180, "texture": "#orange_concrete"}
			}
		},
		{
			"from": [-0.29845, 11.38549, -0.12102],
			"to": [0.70155, 12.73549, 0.87898],
			"rotation": {"angle": -22.5, "axis": "z", "origin": [0.39122, 12.03921, 0.33835]},
			"faces": {
				"north": {"uv": [0, 0, 1, 1.35], "rotation": 180, "texture": "#orange_concrete"},
				"east": {"uv": [0, 0, 1, 1.35], "rotation": 180, "texture": "#orange_concrete"},
				"south": {"uv": [0, 0, 1, 1.35], "rotation": 180, "texture": "#orange_concrete"},
				"west": {"uv": [0, 0, 1, 1.35], "rotation": 180, "texture": "#orange_concrete"},
				"up": {"uv": [0, 0, 1, 1], "rotation": 180, "texture": "#orange_concrete"},
				"down": {"uv": [0, 0, 1, 1], "rotation": 180, "texture": "#orange_concrete"}
			}
		},
		{
			"from": [1.77655, 6.33549, -0.12102],
			"to": [2.77655, 7.68549, 0.87898],
			"rotation": {"angle": -22.5, "axis": "z", "origin": [0.39122, 12.03921, 0.33835]},
			"faces": {
				"north": {"uv": [0, 0, 1, 1.35], "rotation": 180, "texture": "#orange_concrete"},
				"east": {"uv": [0, 0, 1, 1.35], "rotation": 180, "texture": "#orange_concrete"},
				"south": {"uv": [0, 0, 1, 1.35], "rotation": 180, "texture": "#orange_concrete"},
				"west": {"uv": [0, 0, 1, 1.35], "rotation": 180, "texture": "#orange_concrete"},
				"up": {"uv": [0, 0, 1, 1], "rotation": 180, "texture": "#orange_concrete"},
				"down": {"uv": [0, 0, 1, 1], "rotation": 180, "texture": "#orange_concrete"}
			}
		},
		{
			"from": [2.72655, 3.93549, -0.12102],
			"to": [3.72655, 5.28549, 0.87898],
			"rotation": {"angle": -22.5, "axis": "z", "origin": [0.39122, 12.03921, 0.33835]},
			"faces": {
				"north": {"uv": [0, 0, 1, 1.35], "rotation": 180, "texture": "#orange_concrete"},
				"east": {"uv": [0, 0, 1, 1.35], "rotation": 180, "texture": "#orange_concrete"},
				"south": {"uv": [0, 0, 1, 1.35], "rotation": 180, "texture": "#orange_concrete"},
				"west": {"uv": [0, 0, 1, 1.35], "rotation": 180, "texture": "#orange_concrete"},
				"up": {"uv": [0, 0, 1, 1], "rotation": 180, "texture": "#orange_concrete"},
				"down": {"uv": [0, 0, 1, 1], "rotation": 180, "texture": "#orange_concrete"}
			}
		},
		{
			"from": [0, 16.75, 5.2],
			"to": [1, 18.75, 6.2],
			"rotation": {"angle": -22.5, "axis": "x", "origin": [0.5, 4.825, 0.5]},
			"faces": {
				"north": {"uv": [0, 0, 1, 2], "texture": "#orange_concrete"},
				"east": {"uv": [0, 0, 1, 2], "texture": "#orange_concrete"},
				"south": {"uv": [0, 0, 1, 2], "texture": "#orange_concrete"},
				"west": {"uv": [0, 0, 1, 2], "texture": "#orange_concrete"},
				"up": {"uv": [0, 0, 1, 1], "texture": "#orange_concrete"},
				"down": {"uv": [0, 0, 1, 1], "texture": "#orange_concrete"}
			}
		},
		{
			"from": [1, 17.75, 5.475],
			"to": [2, 19.1, 6.475],
			"rotation": {"angle": -22.5, "axis": "x", "origin": [0.5, 4.825, 0.5]},
			"faces": {
				"north": {"uv": [0, 0, 1, 1.35], "texture": "#orange_concrete"},
				"east": {"uv": [0, 0, 1, 1.35], "texture": "#orange_concrete"},
				"south": {"uv": [0, 0, 1, 1.35], "texture": "#orange_concrete"},
				"west": {"uv": [0, 0, 1, 1.35], "texture": "#orange_concrete"},
				"up": {"uv": [0, 0, 1, 1], "texture": "#orange_concrete"},
				"down": {"uv": [0, 0, 1, 1], "texture": "#orange_concrete"}
			}
		},
		{
			"from": [1, 16.72072, 0.35584],
			"to": [2, 18.07072, 1.35584],
			"rotation": {"angle": 22.5, "axis": "x", "origin": [1, 16.80822, 0.71834]},
			"faces": {
				"north": {"uv": [0, 0, 1, 1.35], "texture": "#orange_concrete"},
				"east": {"uv": [0, 0, 1, 1.35], "texture": "#orange_concrete"},
				"south": {"uv": [0, 0, 1, 1.35], "texture": "#orange_concrete"},
				"west": {"uv": [0, 0, 1, 1.35], "texture": "#orange_concrete"},
				"up": {"uv": [0, 0, 1, 1], "texture": "#orange_concrete"},
				"down": {"uv": [0, 0, 1, 1], "texture": "#orange_concrete"}
			}
		},
		{
			"from": [0, 15.72072, 0.43084],
			"to": [1, 17.72072, 1.43084],
			"rotation": {"angle": 22.5, "axis": "x", "origin": [1, 16.80822, 0.71834]},
			"faces": {
				"north": {"uv": [0, 0, 1, 2], "texture": "#orange_concrete"},
				"east": {"uv": [0, 0, 1, 2], "texture": "#orange_concrete"},
				"south": {"uv": [0, 0, 1, 2], "texture": "#orange_concrete"},
				"west": {"uv": [0, 0, 1, 2], "texture": "#orange_concrete"},
				"up": {"uv": [0, 0, 1, 1], "texture": "#orange_concrete"},
				"down": {"uv": [0, 0, 1, 1], "texture": "#orange_concrete"}
			}
		},
		{
			"from": [0, 13.57072, 1.28084],
			"to": [1, 15.57072, 2.28084],
			"rotation": {"angle": 22.5, "axis": "x", "origin": [1, 16.80822, 0.71834]},
			"faces": {
				"north": {"uv": [3, 0, 4, 2], "texture": "#orange_concrete"},
				"east": {"uv": [2, 4, 3, 6], "texture": "#orange_concrete"},
				"south": {"uv": [2, 2, 3, 4], "texture": "#orange_concrete"},
				"west": {"uv": [3, 2, 4, 4], "texture": "#orange_concrete"},
				"up": {"uv": [2, 0, 3, 1], "texture": "#orange_concrete"},
				"down": {"uv": [2, 1, 3, 2], "texture": "#orange_concrete"}
			}
		},
		{
			"from": [0, 18.14572, -0.69416],
			"to": [1, 19.14572, 0.30584],
			"rotation": {"angle": 22.5, "axis": "x", "origin": [1, 16.80822, 0.71834]},
			"faces": {
				"north": {"uv": [0, 0, 1, 1], "texture": "#orange_concrete"},
				"east": {"uv": [0, 0, 1, 1], "texture": "#orange_concrete"},
				"south": {"uv": [0, 0, 1, 1], "texture": "#orange_concrete"},
				"west": {"uv": [0, 0, 1, 1], "texture": "#orange_concrete"},
				"up": {"uv": [0, 0, 1, 1], "texture": "#orange_concrete"},
				"down": {"uv": [0, 0, 1, 1], "texture": "#orange_concrete"}
			}
		},
		{
			"from": [1, 19.14572, -0.76916],
			"to": [2, 20.49572, 0.23084],
			"rotation": {"angle": 22.5, "axis": "x", "origin": [1, 16.80822, 0.71834]},
			"faces": {
				"north": {"uv": [0, 0, 1, 1.35], "texture": "#orange_concrete"},
				"east": {"uv": [0, 0, 1, 1.35], "texture": "#orange_concrete"},
				"south": {"uv": [0, 0, 1, 1.35], "texture": "#orange_concrete"},
				"west": {"uv": [0, 0, 1, 1.35], "texture": "#orange_concrete"},
				"up": {"uv": [0, 0, 1, 1], "texture": "#orange_concrete"},
				"down": {"uv": [0, 0, 1, 1], "texture": "#orange_concrete"}
			}
		},
		{
			"from": [0, 12.32072, 1.73084],
			"to": [1, 14.32072, 2.73084],
			"rotation": {"angle": 22.5, "axis": "x", "origin": [1, 16.80822, 0.71834]},
			"faces": {
				"north": {"uv": [0, 0, 1, 2], "texture": "#orange_concrete"},
				"east": {"uv": [0, 0, 1, 2], "texture": "#orange_concrete"},
				"south": {"uv": [0, 0, 1, 2], "texture": "#orange_concrete"},
				"west": {"uv": [0, 0, 1, 2], "texture": "#orange_concrete"},
				"up": {"uv": [0, 0, 1, 1], "texture": "#orange_concrete"},
				"down": {"uv": [0, 0, 1, 1], "texture": "#orange_concrete"}
			}
		},
		{
			"from": [1, 13.32072, 1.65584],
			"to": [2, 14.67072, 2.65584],
			"rotation": {"angle": 22.5, "axis": "x", "origin": [1, 16.80822, 0.71834]},
			"faces": {
				"north": {"uv": [0, 0, 1, 1.35], "texture": "#orange_concrete"},
				"east": {"uv": [0, 0, 1, 1.35], "texture": "#orange_concrete"},
				"south": {"uv": [0, 0, 1, 1.35], "texture": "#orange_concrete"},
				"west": {"uv": [0, 0, 1, 1.35], "texture": "#orange_concrete"},
				"up": {"uv": [0, 0, 1, 1], "texture": "#orange_concrete"},
				"down": {"uv": [0, 0, 1, 1], "texture": "#orange_concrete"}
			}
		},
		{
			"from": [1, 14.22072, 1.18084],
			"to": [2, 15.57072, 2.18084],
			"rotation": {"angle": 22.5, "axis": "x", "origin": [1, 16.80822, 0.71834]},
			"faces": {
				"north": {"uv": [2, 11, 3, 12.35], "texture": "#orange_concrete"},
				"east": {"uv": [2, 0, 3, 1.35], "texture": "#orange_concrete"},
				"south": {"uv": [2, 9, 3, 10.35], "texture": "#orange_concrete"},
				"west": {"uv": [2, 7, 3, 8.35], "texture": "#orange_concrete"},
				"up": {"uv": [2, 5, 3, 6], "texture": "#orange_concrete"},
				"down": {"uv": [2, 3, 3, 4], "texture": "#orange_concrete"}
			}
		},
		{
			"from": [1, 18.14572, -0.36916],
			"to": [2, 19.49572, 0.63084],
			"rotation": {"angle": 22.5, "axis": "x", "origin": [1, 16.80822, 0.71834]},
			"faces": {
				"north": {"uv": [2, 11, 3, 12.35], "texture": "#orange_concrete"},
				"east": {"uv": [2, 0, 3, 1.35], "texture": "#orange_concrete"},
				"south": {"uv": [2, 9, 3, 10.35], "texture": "#orange_concrete"},
				"west": {"uv": [2, 7, 3, 8.35], "texture": "#orange_concrete"},
				"up": {"uv": [2, 5, 3, 6], "texture": "#orange_concrete"},
				"down": {"uv": [2, 3, 3, 4], "texture": "#orange_concrete"}
			}
		},
		{
			"from": [1, 9.39572, 2.58084],
			"to": [2, 10.74572, 3.58084],
			"rotation": {"angle": 22.5, "axis": "x", "origin": [1, 16.80822, 0.71834]},
			"faces": {
				"north": {"uv": [2, 11, 3, 12.35], "texture": "#orange_concrete"},
				"east": {"uv": [2, 0, 3, 1.35], "texture": "#orange_concrete"},
				"south": {"uv": [2, 9, 3, 10.35], "texture": "#orange_concrete"},
				"west": {"uv": [2, 7, 3, 8.35], "texture": "#orange_concrete"},
				"up": {"uv": [2, 5, 3, 6], "texture": "#orange_concrete"},
				"down": {"uv": [2, 3, 3, 4], "texture": "#orange_concrete"}
			}
		},
		{
			"from": [0, 11.54572, 2.08084],
			"to": [1, 12.89572, 3.08084],
			"rotation": {"angle": 22.5, "axis": "x", "origin": [1, 16.80822, 0.71834]},
			"faces": {
				"north": {"uv": [2, 11, 3, 12.35], "texture": "#orange_concrete"},
				"east": {"uv": [2, 0, 3, 1.35], "texture": "#orange_concrete"},
				"south": {"uv": [2, 9, 3, 10.35], "texture": "#orange_concrete"},
				"west": {"uv": [2, 7, 3, 8.35], "texture": "#orange_concrete"},
				"up": {"uv": [2, 5, 3, 6], "texture": "#orange_concrete"},
				"down": {"uv": [2, 3, 3, 4], "texture": "#orange_concrete"}
			}
		},
		{
			"from": [0, 18.62072, -0.84416],
			"to": [1, 19.97072, 0.15584],
			"rotation": {"angle": 22.5, "axis": "x", "origin": [1, 16.80822, 0.71834]},
			"faces": {
				"north": {"uv": [2, 11, 3, 12.35], "texture": "#orange_concrete"},
				"east": {"uv": [2, 0, 3, 1.35], "texture": "#orange_concrete"},
				"south": {"uv": [2, 9, 3, 10.35], "texture": "#orange_concrete"},
				"west": {"uv": [2, 7, 3, 8.35], "texture": "#orange_concrete"},
				"up": {"uv": [2, 5, 3, 6], "texture": "#orange_concrete"},
				"down": {"uv": [2, 3, 3, 4], "texture": "#orange_concrete"}
			}
		},
		{
			"from": [0, 18.62072, -0.84416],
			"to": [1, 19.97072, 0.15584],
			"rotation": {"angle": 22.5, "axis": "x", "origin": [1, 16.80822, 0.71834]},
			"faces": {
				"north": {"uv": [2, 11, 3, 12.35], "texture": "#orange_concrete"},
				"east": {"uv": [2, 0, 3, 1.35], "texture": "#orange_concrete"},
				"south": {"uv": [2, 9, 3, 10.35], "texture": "#orange_concrete"},
				"west": {"uv": [2, 7, 3, 8.35], "texture": "#orange_concrete"},
				"up": {"uv": [2, 5, 3, 6], "texture": "#orange_concrete"},
				"down": {"uv": [2, 3, 3, 4], "texture": "#orange_concrete"}
			}
		},
		{
			"from": [0, 7.77072, 3.55584],
			"to": [1, 9.77072, 4.55584],
			"rotation": {"angle": 22.5, "axis": "x", "origin": [1, 16.80822, 0.71834]},
			"faces": {
				"north": {"uv": [0, 0, 1, 2], "texture": "#orange_concrete"},
				"east": {"uv": [0, 0, 1, 2], "texture": "#orange_concrete"},
				"south": {"uv": [0, 0, 1, 2], "texture": "#orange_concrete"},
				"west": {"uv": [0, 0, 1, 2], "texture": "#orange_concrete"},
				"up": {"uv": [0, 0, 1, 1], "texture": "#orange_concrete"},
				"down": {"uv": [0, 0, 1, 1], "texture": "#orange_concrete"}
			}
		},
		{
			"from": [1, 8.77072, 3.48084],
			"to": [2, 10.12072, 4.48084],
			"rotation": {"angle": 22.5, "axis": "x", "origin": [1, 16.80822, 0.71834]},
			"faces": {
				"north": {"uv": [0, 0, 1, 1.35], "texture": "#orange_concrete"},
				"east": {"uv": [0, 0, 1, 1.35], "texture": "#orange_concrete"},
				"south": {"uv": [0, 0, 1, 1.35], "texture": "#orange_concrete"},
				"west": {"uv": [0, 0, 1, 1.35], "texture": "#orange_concrete"},
				"up": {"uv": [0, 0, 1, 1], "texture": "#orange_concrete"},
				"down": {"uv": [0, 0, 1, 1], "texture": "#orange_concrete"}
			}
		},
		{
			"from": [0, 5.54572, 4.50584],
			"to": [1, 7.39572, 5.50584],
			"rotation": {"angle": 22.5, "axis": "x", "origin": [1, 16.80822, 0.71834]},
			"faces": {
				"north": {"uv": [0, 0, 1, 1.85], "texture": "#orange_concrete"},
				"east": {"uv": [0, 0, 1, 1.85], "texture": "#orange_concrete"},
				"south": {"uv": [0, 0, 1, 1.85], "texture": "#orange_concrete"},
				"west": {"uv": [0, 0, 1, 1.85], "texture": "#orange_concrete"},
				"up": {"uv": [0, 0, 1, 1], "texture": "#orange_concrete"},
				"down": {"uv": [0, 0, 1, 1], "texture": "#orange_concrete"}
			}
		},
		{
			"from": [1, 6.54572, 4.43084],
			"to": [2, 7.89572, 5.43084],
			"rotation": {"angle": 22.5, "axis": "x", "origin": [1, 16.80822, 0.71834]},
			"faces": {
				"north": {"uv": [0, 0, 1, 1.35], "texture": "#orange_concrete"},
				"east": {"uv": [0, 0, 1, 1.35], "texture": "#orange_concrete"},
				"south": {"uv": [0, 0, 1, 1.35], "texture": "#orange_concrete"},
				"west": {"uv": [0, 0, 1, 1.35], "texture": "#orange_concrete"},
				"up": {"uv": [0, 0, 1, 1], "texture": "#orange_concrete"},
				"down": {"uv": [0, 0, 1, 1], "texture": "#orange_concrete"}
			}
		},
		{
			"from": [0, 18.375, 6.275],
			"to": [1, 21.375, 7.275],
			"rotation": {"angle": -22.5, "axis": "x", "origin": [0.5, 4.825, 0.5]},
			"faces": {
				"north": {"uv": [0, 0, 1, 3], "texture": "#orange_concrete"},
				"east": {"uv": [0, 0, 1, 3], "texture": "#orange_concrete"},
				"south": {"uv": [0, 0, 1, 3], "texture": "#orange_concrete"},
				"west": {"uv": [0, 0, 1, 3], "texture": "#orange_concrete"},
				"up": {"uv": [0, 0, 1, 1], "texture": "#orange_concrete"},
				"down": {"uv": [0, 0, 1, 1], "texture": "#orange_concrete"}
			}
		},
		{
			"from": [1, 20.375, 6.55],
			"to": [2, 21.725, 7.55],
			"rotation": {"angle": -22.5, "axis": "x", "origin": [0.5, 4.825, 0.5]},
			"faces": {
				"north": {"uv": [0, 0, 1, 1.35], "texture": "#orange_concrete"},
				"east": {"uv": [0, 0, 1, 1.35], "texture": "#orange_concrete"},
				"south": {"uv": [0, 0, 1, 1.35], "texture": "#orange_concrete"},
				"west": {"uv": [0, 0, 1, 1.35], "texture": "#orange_concrete"},
				"up": {"uv": [0, 0, 1, 1], "texture": "#orange_concrete"},
				"down": {"uv": [0, 0, 1, 1], "texture": "#orange_concrete"}
			}
		},
		{
			"name": "transparent",
			"from": [0, 4.175, 0],
			"to": [2, 22.175, 1],
			"faces": {
				"north": {"uv": [0, 0, 2, 16], "texture": "#orange_concrete"},
				"east": {"uv": [0, 0, 1, 16], "texture": "#orange_concrete"},
				"south": {"uv": [0, 0, 2, 16], "texture": "#orange_concrete"},
				"west": {"uv": [0, 0, 1, 16], "texture": "#orange_concrete"},
				"up": {"uv": [0, 0, 2, 1], "texture": "#orange_concrete"},
				"down": {"uv": [0, 0, 2, 1], "texture": "#orange_concrete"}
			}
		}
	],
	"display": {
		"thirdperson_righthand": {
			"rotation": [0, 90, 0],
			"translation": [7.8, 6.2, -5],
			"scale": [1.075, 0.975, 1.075]
		},
		"thirdperson_lefthand": {
			"rotation": [0, -90, 0],
			"translation": [-7.5, 6.25, -5.5]
		},
		"firstperson_righthand": {
			"rotation": [0, 108, 0],
			"translation": [0.7, 7.75, -1.5],
			"scale": [0.5, 0.7, 0.5]
		},
		"firstperson_lefthand": {
			"rotation": [0, -85, 0],
			"translation": [-4.5, 7.5, -0.5],
			"scale": [0.5, 0.7, 0.5]
		},
		"ground": {
			"rotation": [90, 0, 0],
			"translation": [8.75, -11, 0],
			"scale": [1.35, 1.35, 1.35]
		},
		"gui": {
			"rotation": [2.39, 7.21, -43.92],
			"translation": [5, -3.25, -0.1],
			"scale": [0.75, 0.75, 0.75]
		},
		"head": {
			"rotation": [0, 180, 0]
		},
		"fixed": {
			"rotation": [-180, 0, 90],
			"translation": [-29.5, -28.75, -32],
			"scale": [4, 4, 4]
		}
	},
	"groups": [
		{
			"name": "the nichirin",
			"origin": [8, 8, 8],
			"color": 0,
			"children": [0, 1, 2, 3, 4, 5, 6, 7, 8, 9, 10, 11, 12, 13, 14, 15, 16, 17, 18, 19, 20, 21, 22, 23, 24, 25, 26, 27, 28, 29, 30, 31, 32, 33, 34, 35, 36, 37, 38, 39]
		},
		{
			"name": "fireooo",
			"origin": [8, 8, 8],
			"color": 0,
			"children": [40, 41, 42, 43, 44, 45, 46, 47, 48, 49, 50, 51, 52, 53, 54, 55, 56, 57, 58, 59, 60, 61, 62, 63, 64, 65, 66, 67, 68, 69, 70, 71, 72, 73, 74, 75, 76, 77, 78, 79, 80, 81, 82, 83, 84, 85, 86, 87, 88, 89, 90, 91, 92, 93, 94, 95, 96, 97, 98]
		}
	]
}