{
	"credit": "Made with Blockbench",
	"texture_size": [64, 64],
	"textures": {
		"4": "blocks/white_concrete",
		"8": "blocks/orange_concrete_powder",
		"13": "blocks/yellow_concrete_powder",
		"particle": "blocks/blue_concrete_powder"
	},
	"elements": [
		{
			"from": [0, -3.9285, 10.30703],
			"to": [9.925, 5.3215, 31.9],
			"rotation": {"angle": 0, "axis": "x", "origin": [8, 5.6215, 9.15703]},
			"faces": {
				"north": {"uv": [1.5, 11.25, 4, 11.5], "texture": "#4"},
				"east": {"uv": [10, 9.25, 14, 9.5], "texture": "#8"},
				"south": {"uv": [4, 11.25, 6.5, 11.5], "texture": "#8"},
				"west": {"uv": [10, 9.5, 14, 9.75], "texture": "#8"},
				"up": {"uv": [4.5, 8.25, 2, 4.25], "texture": "#8"},
				"down": {"uv": [5.0625, 0, 2.5625, 4], "texture": "#8"}
			}
		},
		{
			"from": [0, -5.01859, 1.53422],
			"to": [9.925, -4.01859, 14.10922],
			"rotation": {"angle": 0, "axis": "x", "origin": [3.43333, -5.2593, 6.29261]},
			"faces": {
				"north": {"uv": [7, 11.25, 9.5, 11.5], "texture": "#8"},
				"east": {"uv": [1.5, 11, 4.125, 11.25], "texture": "#8"},
				"south": {"uv": [1.5, 11.5, 4, 11.75], "texture": "#8"},
				"west": {"uv": [7, 11, 9.625, 11.25], "texture": "#8"},
				"up": {"uv": [7, 14.875, 4.5, 12.25], "texture": "#13"},
				"down": {"uv": [7.5625, 8, 5.0625, 10.625], "texture": "#8"}
			}
		},
		{
			"from": [0, -3.2283, 9.04594],
			"to": [9.925, 1.3217, 10.34594],
			"rotation": {"angle": 22.5, "axis": "x", "origin": [4.9625, -5.3033, 9.54594]},
			"faces": {
				"north": {"uv": [7.5, 9.25, 10, 10.875], "texture": "#13"},
				"east": {"uv": [4, 11.75, 4.25, 13.375], "texture": "#8"},
				"south": {"uv": [10, 0, 12.5, 1.625], "texture": "#8"},
				"west": {"uv": [4.25, 11.75, 4.5, 13.375], "texture": "#8"},
				"up": {"uv": [8.5, 16, 6, 15.75], "texture": "#8"},
				"down": {"uv": [9.5625, 11.5, 7.0625, 11.75], "texture": "#8"}
			}
		},
		{
			"from": [0, -2.5033, 9.07094],
			"to": [9.925, 4.7967, 13.77094],
			"rotation": {"angle": 22.5, "axis": "x", "origin": [4.9625, -5.3033, 9.54594]},
			"faces": {
				"north": {"uv": [7.5, 9.25, 10, 10.875], "texture": "#8"},
				"east": {"uv": [4, 11.75, 4.25, 13.375], "texture": "#8"},
				"south": {"uv": [10, 0, 12.5, 1.625], "texture": "#8"},
				"west": {"uv": [4.25, 11.75, 4.5, 13.375], "texture": "#8"},
				"up": {"uv": [8.5, 16, 6, 15.75], "texture": "#8"},
				"down": {"uv": [9.5625, 11.5, 7.0625, 11.75], "texture": "#8"}
			}
		},
		{
			"from": [0, -2.20703, 12.94748],
			"to": [9.925, 5.09297, 16.77248],
			"rotation": {"angle": 45, "axis": "x", "origin": [4.9625, -0.05703, 13.73498]},
			"faces": {
				"north": {"uv": [7.5, 9.25, 10, 10.875], "texture": "#8"},
				"east": {"uv": [4, 11.75, 4.25, 13.375], "texture": "#8"},
				"south": {"uv": [10, 0, 12.5, 1.625], "texture": "#8"},
				"west": {"uv": [4.25, 11.75, 4.5, 13.375], "texture": "#8"},
				"up": {"uv": [8.5, 16, 6, 15.75], "texture": "#8"},
				"down": {"uv": [9.5625, 11.5, 7.0625, 11.75], "texture": "#8"}
			}
		},
		{
			"from": [0, -2.20703, 15.47248],
			"to": [9.925, 7.66797, 16.77248],
			"rotation": {"angle": 45, "axis": "x", "origin": [4.9625, -0.05703, 13.73498]},
			"faces": {
				"north": {"uv": [7.5, 9.25, 10, 10.875], "texture": "#8"},
				"east": {"uv": [4, 11.75, 4.25, 13.375], "texture": "#8"},
				"south": {"uv": [10, 0, 12.5, 1.625], "texture": "#8"},
				"west": {"uv": [4.25, 11.75, 4.5, 13.375], "texture": "#8"},
				"up": {"uv": [8.5, 16, 6, 15.75], "texture": "#8"},
				"down": {"uv": [9.5625, 11.5, 7.0625, 11.75], "texture": "#8"}
			}
		},
		{
			"from": [0, 4.99297, 14.19748],
			"to": [9.925, 6.31797, 15.54748],
			"rotation": {"angle": 45, "axis": "x", "origin": [4.9625, -0.05703, 13.73498]},
			"faces": {
				"north": {"uv": [7.5, 9.25, 10, 10.875], "texture": "#8"},
				"east": {"uv": [4, 11.75, 4.25, 13.375], "texture": "#8"},
				"south": {"uv": [10, 0, 12.5, 1.625], "texture": "#8"},
				"west": {"uv": [4.25, 11.75, 4.5, 13.375], "texture": "#8"},
				"up": {"uv": [8.5, 16, 6, 15.75], "texture": "#8"},
				"down": {"uv": [9.5625, 11.5, 7.0625, 11.75], "texture": "#8"}
			}
		},
		{
			"from": [0, 3.36797, 12.52248],
			"to": [9.925, 3.99297, 13.02248],
			"rotation": {"angle": 45, "axis": "x", "origin": [4.9625, -0.05703, 13.73498]},
			"faces": {
				"north": {"uv": [7.5, 9.25, 10, 10.875], "texture": "#8"},
				"east": {"uv": [4, 11.75, 4.25, 13.375], "texture": "#8"},
				"south": {"uv": [10, 0, 12.5, 1.625], "texture": "#8"},
				"west": {"uv": [4.25, 11.75, 4.5, 13.375], "texture": "#8"},
				"up": {"uv": [8.5, 16, 6, 15.75], "texture": "#8"},
				"down": {"uv": [9.5625, 11.5, 7.0625, 11.75], "texture": "#8"}
			}
		},
		{
			"from": [0, 1.74322, 8.65486],
			"to": [9.925, 2.64322, 12.22986],
			"rotation": {"angle": 22.5, "axis": "x", "origin": [4.9625, 2.20572, 12.47986]},
			"faces": {
				"north": {"uv": [7.5, 9.25, 10, 10.875], "texture": "#8"},
				"east": {"uv": [4, 11.75, 4.25, 13.375], "texture": "#8"},
				"south": {"uv": [10, 0, 12.5, 1.625], "texture": "#8"},
				"west": {"uv": [4.25, 11.75, 4.5, 13.375], "texture": "#8"},
				"up": {"uv": [8.5, 16, 6, 15.75], "texture": "#8"},
				"down": {"uv": [9.5625, 11.5, 7.0625, 11.75], "texture": "#8"}
			}
		},
		{
			"from": [0, 2.64322, 10.95486],
			"to": [9.925, 3.34322, 12.22986],
			"rotation": {"angle": 22.5, "axis": "x", "origin": [4.9625, 2.20572, 12.47986]},
			"faces": {
				"north": {"uv": [7.5, 9.25, 10, 10.875], "texture": "#8"},
				"east": {"uv": [4, 11.75, 4.25, 13.375], "texture": "#8"},
				"south": {"uv": [10, 0, 12.5, 1.625], "texture": "#8"},
				"west": {"uv": [4.25, 11.75, 4.5, 13.375], "texture": "#8"},
				"up": {"uv": [8.5, 16, 6, 15.75], "texture": "#8"},
				"down": {"uv": [9.5625, 11.5, 7.0625, 11.75], "texture": "#8"}
			}
		},
		{
			"from": [0, 2.2715, 1.15703],
			"to": [9.925, 3.2715, 14.23203],
			"rotation": {"angle": 22.5, "axis": "x", "origin": [8, 5.6215, 9.15703]},
			"faces": {
				"north": {"uv": [11.5, 7.75, 14, 8], "texture": "#8"},
				"east": {"uv": [0, 10.75, 3.25, 11], "texture": "#8"},
				"south": {"uv": [11.5, 8, 14, 8.25], "texture": "#8"},
				"west": {"uv": [3.25, 10.75, 6.5, 11], "texture": "#8"},
				"up": {"uv": [12, 7.5, 9.5, 4.25], "texture": "#8"},
				"down": {"uv": [10.0625, 3.25, 7.5625, 6.5], "texture": "#4"}
			}
		},
		{
			"from": [0, -4.94558, 13.16551],
			"to": [9.925, -3.94558, 13.16551],
			"rotation": {"angle": -22.5, "axis": "x", "origin": [6, -4.44558, 11.74051]},
			"faces": {
				"north": {"uv": [9.5, 11.5, 12, 11.75], "texture": "#8"},
				"east": {"uv": [4.25, 11, 5.1875, 11.25], "texture": "#8"},
				"south": {"uv": [11.5, 10.75, 14, 11], "texture": "#8"},
				"west": {"uv": [5.25, 11, 6.1875, 11.25], "texture": "#8"},
				"up": {"uv": [14.5, 9.4375, 12, 8.5], "texture": "#8"},
				"down": {"uv": [12.5625, 5.25, 10.0625, 6.1875], "texture": "#8"}
			}
		},
		{
			"from": [-0.25, -3.45955, -4.01447],
			"to": [10.275, -1.00955, 16.63553],
			"rotation": {"angle": 0, "axis": "x", "origin": [4.99583, -0.46154, -0.23791]},
			"faces": {
				"north": {"uv": [0, 0, 2.63125, 0.6125], "texture": "#8"},
				"east": {"uv": [0, 0, 0.725, 0.6125], "texture": "#8"},
				"south": {"uv": [0, 0, 2.63125, 0.6125], "texture": "#8"},
				"west": {"uv": [0, 0, 0.725, 0.6125], "texture": "#8"},
				"up": {"uv": [0, 0, 2.63125, 0.725], "texture": "#4"},
				"down": {"uv": [0, 0, 2.63125, 0.725], "texture": "#8"}
			}
		},
		{
			"from": [-0.25, -4.40955, -3.38947],
			"to": [10.275, -3.30955, 16.63553],
			"rotation": {"angle": 0, "axis": "x", "origin": [4.99583, -0.46154, -0.23791]},
			"faces": {
				"north": {"uv": [0, 0, 2.63125, 0.6125], "texture": "#8"},
				"east": {"uv": [0, 0, 0.725, 0.6125], "texture": "#8"},
				"south": {"uv": [0, 0, 2.63125, 0.6125], "texture": "#8"},
				"west": {"uv": [0, 0, 0.725, 0.6125], "texture": "#8"},
				"up": {"uv": [0, 0, 2.63125, 0.725], "texture": "#13"},
				"down": {"uv": [0, 0, 2.63125, 0.725], "texture": "#8"}
			}
		},
		{
			"from": [-0.25, -5.92574, 14.82417],
			"to": [10.275, -3.95074, 17.47417],
			"rotation": {"angle": -22.5, "axis": "x", "origin": [5.0125, -4.67574, 10.98667]},
			"faces": {
				"north": {"uv": [0, 0, 2.63125, 0.49375], "texture": "#8"},
				"east": {"uv": [0, 0, 0.6625, 0.49375], "texture": "#8"},
				"south": {"uv": [0, 0, 2.63125, 0.49375], "texture": "#8"},
				"west": {"uv": [0, 0, 0.6625, 0.49375], "texture": "#8"},
				"up": {"uv": [0, 0, 2.63125, 0.6625], "texture": "#8"},
				"down": {"uv": [0, 0, 2.63125, 0.6625], "texture": "#8"}
			}
		},
		{
			"from": [-0.25, -4.87574, 16.37417],
			"to": [10.275, -3.40074, 17.49917],
			"rotation": {"angle": -22.5, "axis": "x", "origin": [5.0125, -4.67574, 10.98667]},
			"faces": {
				"north": {"uv": [0, 0, 2.63125, 0.36875], "texture": "#8"},
				"east": {"uv": [0, 0, 0.28125, 0.36875], "texture": "#8"},
				"south": {"uv": [0, 0, 2.63125, 0.36875], "texture": "#8"},
				"west": {"uv": [0, 0, 0.28125, 0.36875], "texture": "#8"},
				"up": {"uv": [0, 0, 2.63125, 0.28125], "texture": "#8"},
				"down": {"uv": [0, 0, 2.63125, 0.28125], "texture": "#8"}
			}
		},
		{
			"from": [-0.25, -4.73049, 12.84514],
			"to": [10.275, -3.88049, 17.74514],
			"rotation": {"angle": -45, "axis": "x", "origin": [5.0125, -4.30549, 12.79514]},
			"faces": {
				"north": {"uv": [0, 0, 2.63125, 0.2125], "texture": "#8"},
				"east": {"uv": [0, 0, 1.225, 0.2125], "texture": "#8"},
				"south": {"uv": [0, 0, 2.63125, 0.2125], "texture": "#8"},
				"west": {"uv": [0, 0, 1.225, 0.2125], "texture": "#8"},
				"up": {"uv": [0, 0, 2.63125, 1.225], "texture": "#8"},
				"down": {"uv": [0, 0, 2.63125, 1.225], "texture": "#8"}
			}
		},
		{
			"from": [-0.25, -4.55074, 13.22417],
			"to": [10.275, -3.30074, 17.44917],
			"rotation": {"angle": 0, "axis": "x", "origin": [5.0125, -4.67574, 10.98667]},
			"faces": {
				"north": {"uv": [0, 0, 2.63125, 0.3125], "texture": "#8"},
				"east": {"uv": [0, 0, 1.05625, 0.3125], "texture": "#8"},
				"south": {"uv": [0, 0, 2.63125, 0.3125], "texture": "#8"},
				"west": {"uv": [0, 0, 1.05625, 0.3125], "texture": "#8"},
				"up": {"uv": [0, 0, 2.63125, 1.05625], "texture": "#8"},
				"down": {"uv": [0, 0, 2.63125, 1.05625], "texture": "#8"}
			}
		},
		{
			"from": [-0.25, -1.98455, -1.13947],
			"to": [10.275, -1.45955, 1.48553],
			"rotation": {"angle": 0, "axis": "x", "origin": [4.99583, -0.46154, -0.23791]},
			"faces": {
				"north": {"uv": [0, 0, 2.63125, 0.13125], "texture": "#8"},
				"east": {"uv": [0, 0, 0.65625, 0.13125], "texture": "#8"},
				"south": {"uv": [0, 0, 2.63125, 0.13125], "texture": "#8"},
				"west": {"uv": [0, 0, 0.65625, 0.13125], "texture": "#8"},
				"up": {"uv": [0, 0, 2.63125, 0.65625], "texture": "#13"},
				"down": {"uv": [0, 0, 2.63125, 0.65625], "texture": "#8"}
			}
		},
		{
			"from": [-0.25, -2.00634, -0.86337],
			"to": [10.275, -1.48134, -0.06337],
			"rotation": {"angle": 22.5, "axis": "x", "origin": [4.99583, -0.46154, -0.23791]},
			"faces": {
				"north": {"uv": [0, 0, 2.63125, 0.13125], "texture": "#8"},
				"east": {"uv": [0, 0, 0.2, 0.13125], "texture": "#8"},
				"south": {"uv": [0, 0, 2.63125, 0.13125], "texture": "#8"},
				"west": {"uv": [0, 0, 0.2, 0.13125], "texture": "#8"},
				"up": {"uv": [0, 0, 2.63125, 0.2], "texture": "#13"},
				"down": {"uv": [0, 0, 2.63125, 0.2], "texture": "#8"}
			}
		},
		{
			"from": [-0.25, -2.08455, 0.91053],
			"to": [10.275, -1.73455, 2.78553],
			"rotation": {"angle": 0, "axis": "x", "origin": [4.99583, -0.46154, -0.23791]},
			"faces": {
				"north": {"uv": [0, 0, 2.63125, 0.0875], "texture": "#8"},
				"east": {"uv": [0, 0, 0.46875, 0.0875], "texture": "#8"},
				"south": {"uv": [0, 0, 2.63125, 0.0875], "texture": "#8"},
				"west": {"uv": [0, 0, 0.46875, 0.0875], "texture": "#8"},
				"up": {"uv": [0, 0, 2.63125, 0.46875], "texture": "#13"},
				"down": {"uv": [0, 0, 2.63125, 0.46875], "texture": "#8"}
			}
		},
		{
			"from": [-0.25, 0.35205, 8.13597],
			"to": [10.275, 1.97705, 8.71097],
			"rotation": {"angle": 22.5, "axis": "x", "origin": [5.0125, -6.88545, 7.18597]},
			"faces": {
				"north": {"uv": [0, 0, 2.63125, 0.40625], "rotation": 180, "texture": "#13"},
				"east": {"uv": [0, 0, 0.40625, 0.14375], "rotation": 90, "texture": "#13"},
				"south": {"uv": [0, 0, 2.63125, 0.40625], "texture": "#13"},
				"west": {"uv": [0, 0, 0.40625, 0.14375], "rotation": 270, "texture": "#13"},
				"up": {"uv": [0, 0, 2.63125, 0.14375], "texture": "#13"},
				"down": {"uv": [0, 0, 2.63125, 0.14375], "rotation": 180, "texture": "#13"}
			}
		},
		{
			"from": [-0.25, -4.01405, 8.87129],
			"to": [0.025, 2.51095, 10.94629],
			"rotation": {"angle": 0, "axis": "x", "origin": [5.0125, 0.13595, 11.43379]},
			"faces": {
				"north": {"uv": [0, 0, 2.63125, 0.75], "rotation": 180, "texture": "#13"},
				"east": {"uv": [0, 0, 0.75, 0.14375], "rotation": 90, "texture": "#8"},
				"south": {"uv": [0, 0, 2.63125, 0.75], "texture": "#8"},
				"west": {"uv": [0, 0, 0.75, 0.14375], "rotation": 270, "texture": "#8"},
				"up": {"uv": [0, 0, 2.63125, 0.14375], "texture": "#8"},
				"down": {"uv": [0, 0, 2.63125, 0.14375], "rotation": 180, "texture": "#8"}
			}
		},
		{
			"from": [9.95, -4.01405, 8.87129],
			"to": [10.225, 2.51095, 10.94629],
			"rotation": {"angle": 0, "axis": "x", "origin": [5.0125, 0.13595, 11.43379]},
			"faces": {
				"north": {"uv": [0, 0, 2.63125, 0.75], "rotation": 180, "texture": "#13"},
				"east": {"uv": [0, 0, 0.75, 0.14375], "rotation": 90, "texture": "#8"},
				"south": {"uv": [0, 0, 2.63125, 0.75], "texture": "#8"},
				"west": {"uv": [0, 0, 0.75, 0.14375], "rotation": 270, "texture": "#8"},
				"up": {"uv": [0, 0, 2.63125, 0.14375], "texture": "#8"},
				"down": {"uv": [0, 0, 2.63125, 0.14375], "rotation": 180, "texture": "#8"}
			}
		},
		{
			"from": [-0.25, -0.96772, 10.14327],
			"to": [10.275, 2.03228, 10.71827],
			"rotation": {"angle": -22.5, "axis": "x", "origin": [5.0125, 0.53228, 10.43077]},
			"faces": {
				"north": {"uv": [0, 0, 2.63125, 0.75], "rotation": 180, "texture": "#4"},
				"east": {"uv": [0, 0, 0.75, 0.14375], "rotation": 90, "texture": "#8"},
				"south": {"uv": [0, 0, 2.63125, 0.75], "texture": "#8"},
				"west": {"uv": [0, 0, 0.75, 0.14375], "rotation": 270, "texture": "#8"},
				"up": {"uv": [0, 0, 2.63125, 0.14375], "texture": "#8"},
				"down": {"uv": [0, 0, 2.63125, 0.14375], "rotation": 180, "texture": "#8"}
			}
		},
		{
			"from": [-0.575, -0.06405, 10.87129],
			"to": [10.6, 1.73595, 11.84629],
			"rotation": {"angle": -22.5, "axis": "x", "origin": [5.0125, 0.13595, 11.43379]},
			"faces": {
				"north": {"uv": [0, 0, 2.63125, 0.45], "rotation": 180, "texture": "#13"},
				"east": {"uv": [0, 0, 0.45, 0.24375], "rotation": 90, "texture": "#13"},
				"south": {"uv": [0, 0, 2.63125, 0.45], "texture": "#13"},
				"west": {"uv": [0, 0, 0.45, 0.24375], "rotation": 270, "texture": "#13"},
				"up": {"uv": [0, 0, 2.63125, 0.24375], "texture": "#13"},
				"down": {"uv": [0, 0, 2.63125, 0.24375], "rotation": 180, "texture": "#13"}
			}
		},
		{
			"from": [-0.25, -0.15155, 11.70879],
			"to": [10.275, 0.42345, 12.18379],
			"rotation": {"angle": 22.5, "axis": "x", "origin": [5.0125, 0.13595, 11.43379]},
			"faces": {
				"north": {"uv": [0, 0, 2.63125, 0.14375], "texture": "#13"},
				"east": {"uv": [0, 0, 0.11875, 0.14375], "texture": "#13"},
				"south": {"uv": [0, 0, 2.63125, 0.14375], "texture": "#13"},
				"west": {"uv": [0, 0, 0.11875, 0.14375], "texture": "#13"},
				"up": {"uv": [0, 0, 2.63125, 0.11875], "texture": "#13"},
				"down": {"uv": [0, 0, 2.63125, 0.11875], "texture": "#13"}
			}
		},
		{
			"from": [-0.35, 0.16625, 19.43494],
			"to": [10.35, 4.44125, 22.28494],
			"rotation": {"angle": -45, "axis": "x", "origin": [5, -2.24625, 17.18494]},
			"faces": {
				"north": {"uv": [0, 0, 2.675, 1.1875], "texture": "#8"},
				"east": {"uv": [0, 0, 0.7125, 1.1875], "texture": "#8"},
				"south": {"uv": [0, 0, 2.675, 1.1875], "texture": "#8"},
				"west": {"uv": [0, 0, 0.7125, 1.1875], "texture": "#8"},
				"up": {"uv": [0, 0, 2.675, 0.7125], "texture": "#8"},
				"down": {"uv": [0, 0, 2.675, 0.7125], "texture": "#8"}
			}
		},
		{
			"from": [-0.675, 4.02613, 15.24729],
			"to": [10.6, 5.72613, 21.87229],
			"rotation": {"angle": -22.5, "axis": "x", "origin": [5, 3.46363, 16.67229]},
			"faces": {
				"north": {"uv": [0, 0, 2.675, 0.425], "texture": "#8"},
				"east": {"uv": [0, 0, 1.65625, 0.425], "texture": "#13"},
				"south": {"uv": [0, 0, 2.675, 0.425], "texture": "#8"},
				"west": {"uv": [0, 0, 1.65625, 0.425], "texture": "#13"},
				"up": {"uv": [0, 0, 2.675, 1.65625], "texture": "#8"},
				"down": {"uv": [0, 0, 2.675, 1.65625], "texture": "#8"}
			}
		},
		{
			"from": [-0.35, 2.29845, 13.43379],
			"to": [10.35, 2.87345, 15.08379],
			"rotation": {"angle": 22.5, "axis": "x", "origin": [5.0125, 0.13595, 11.43379]},
			"faces": {
				"north": {"uv": [0, 0, 2.675, 0.14375], "texture": "#13"},
				"east": {"uv": [0, 0, 0.4125, 0.14375], "texture": "#13"},
				"south": {"uv": [0, 0, 2.675, 0.14375], "texture": "#13"},
				"west": {"uv": [0, 0, 0.4125, 0.14375], "texture": "#13"},
				"up": {"uv": [0, 0, 2.675, 0.4125], "texture": "#13"},
				"down": {"uv": [0, 0, 2.675, 0.4125], "texture": "#13"}
			}
		},
		{
			"from": [-0.35, -1.52655, 14.78379],
			"to": [10.35, 8.14845, 19.03379],
			"rotation": {"angle": 22.5, "axis": "x", "origin": [5.0125, 0.13595, 11.43379]},
			"faces": {
				"north": {"uv": [0, 0, 2.675, 2.41875], "texture": "#8"},
				"east": {"uv": [0, 0, 1.0625, 2.41875], "texture": "#8"},
				"south": {"uv": [0, 0, 2.675, 2.41875], "texture": "#8"},
				"west": {"uv": [0, 0, 1.0625, 2.41875], "texture": "#8"},
				"up": {"uv": [0, 0, 2.675, 1.0625], "texture": "#8"},
				"down": {"uv": [0, 0, 2.675, 1.0625], "texture": "#8"}
			}
		},
		{
			"from": [-0.625, -1.02295, 8.13597],
			"to": [10.575, 0.47705, 8.56097],
			"rotation": {"angle": 22.5, "axis": "x", "origin": [5.0125, -6.88545, 7.18597]},
			"faces": {
				"north": {"uv": [0, 0, 2.63125, 0.375], "rotation": 180, "texture": "#13"},
				"east": {"uv": [0, 0, 0.375, 0.10625], "rotation": 90, "texture": "#13"},
				"south": {"uv": [0, 0, 2.63125, 0.375], "texture": "#13"},
				"west": {"uv": [0, 0, 0.375, 0.10625], "rotation": 270, "texture": "#13"},
				"up": {"uv": [0, 0, 2.63125, 0.10625], "texture": "#13"},
				"down": {"uv": [0, 0, 2.63125, 0.10625], "rotation": 180, "texture": "#13"}
			}
		},
		{
			"from": [-0.25, -0.44652, 10.90611],
			"to": [10.275, 1.22848, 11.25611],
			"rotation": {"angle": 45, "axis": "x", "origin": [5.0125, -0.42152, 11.08111]},
			"faces": {
				"north": {"uv": [0, 0, 2.63125, 0.41875], "rotation": 180, "texture": "#13"},
				"east": {"uv": [0, 0, 0.41875, 0.0875], "rotation": 90, "texture": "#13"},
				"south": {"uv": [0, 0, 2.63125, 0.41875], "texture": "#13"},
				"west": {"uv": [0, 0, 0.41875, 0.0875], "rotation": 270, "texture": "#13"},
				"up": {"uv": [0, 0, 2.63125, 0.0875], "texture": "#13"},
				"down": {"uv": [0, 0, 2.63125, 0.0875], "rotation": 180, "texture": "#13"}
			}
		},
		{
			"from": [2.025, 3.32193, -4.57441],
			"to": [7.525, 5.47193, -1.69941],
			"rotation": {"angle": 0, "axis": "x", "origin": [3.66875, 3.81187, -0.31654]},
			"faces": {
				"north": {"uv": [2, 7.75, 3.375, 8.3125], "texture": "#8"},
				"east": {"uv": [8.5, 11.75, 9.25, 12.3125], "texture": "#8"},
				"south": {"uv": [3.3125, 10, 4.6875, 10.5625], "texture": "#8"},
				"west": {"uv": [6.25, 13.75, 7, 14.3125], "texture": "#8"},
				"up": {"uv": [13.375, 10.75, 12, 10], "texture": "#8"},
				"down": {"uv": [11.4375, 8.5, 10.0625, 9.25], "texture": "#8"}
			}
		},
		{
			"from": [-0.525, 2.64693, -4.09941],
			"to": [10.275, 5.79693, 3.15059],
			"rotation": {"angle": 0, "axis": "x", "origin": [3.66875, 3.81187, -0.31654]},
			"faces": {
				"north": {"uv": [2, 3.25, 4.6875, 3.8125], "texture": "#8"},
				"east": {"uv": [6, 11.75, 7.0625, 12.3125], "texture": "#8"},
				"south": {"uv": [13.3125, 6, 16, 6.5625], "texture": "#8"},
				"west": {"uv": [4.25, 13.75, 5.3125, 14.3125], "texture": "#8"},
				"up": {"uv": [14.6875, 5.0625, 12, 4], "texture": "#8"},
				"down": {"uv": [12.75, 3, 10.0625, 4.0625], "texture": "#4"}
			}
		},
		{
			"from": [-0.525, 2.95754, 6.98885],
			"to": [10.275, 6.10754, 17.23885],
			"rotation": {"angle": 0, "axis": "x", "origin": [4.875, 3.28254, 9.83885]},
			"faces": {
				"north": {"uv": [2, 3.25, 4.6875, 3.8125], "texture": "#8"},
				"east": {"uv": [6, 11.75, 7.0625, 12.3125], "texture": "#8"},
				"south": {"uv": [13.3125, 6, 16, 6.5625], "texture": "#8"},
				"west": {"uv": [4.25, 13.75, 5.3125, 14.3125], "texture": "#8"},
				"up": {"uv": [14.6875, 5.0625, 12, 4], "texture": "#8"},
				"down": {"uv": [12.75, 3, 10.0625, 4.0625], "texture": "#8"}
			}
		},
		{
			"from": [-0.525, 0.69711, -2.08375],
			"to": [0.825, 1.17211, -0.25875],
			"rotation": {"angle": 45, "axis": "x", "origin": [3.66875, 3.81187, -0.31654]},
			"faces": {
				"north": {"uv": [0, 0, 0.3375, 0.11875], "texture": "#8"},
				"east": {"uv": [0, 0, 0.45625, 0.11875], "texture": "#8"},
				"south": {"uv": [0, 0, 0.3375, 0.11875], "texture": "#8"},
				"west": {"uv": [0, 0, 0.45625, 0.11875], "texture": "#8"},
				"up": {"uv": [0, 0, 0.3375, 0.45625], "texture": "#8"},
				"down": {"uv": [0, 0, 0.3375, 0.45625], "texture": "#8"}
			}
		},
		{
			"from": [8.875, 0.69711, -2.08375],
			"to": [10.225, 1.17211, -0.25875],
			"rotation": {"angle": 45, "axis": "x", "origin": [3.66875, 3.81187, -0.31654]},
			"faces": {
				"north": {"uv": [0, 0, 0.3375, 0.11875], "texture": "#8"},
				"east": {"uv": [0, 0, 0.45625, 0.11875], "texture": "#8"},
				"south": {"uv": [0, 0, 0.3375, 0.11875], "texture": "#8"},
				"west": {"uv": [0, 0, 0.45625, 0.11875], "texture": "#8"},
				"up": {"uv": [0, 0, 0.3375, 0.45625], "texture": "#8"},
				"down": {"uv": [0, 0, 0.3375, 0.45625], "texture": "#8"}
			}
		},
		{
			"from": [-0.35, -1.09818, -2.69517],
			"to": [1, 0.82682, -2.37017],
			"rotation": {"angle": 0, "axis": "x", "origin": [4.99583, -0.46154, -0.23791]},
			"faces": {
				"north": {"uv": [0, 0, 0.3375, 0.48125], "rotation": 180, "texture": "#8"},
				"east": {"uv": [0, 0, 0.48125, 0.08125], "rotation": 270, "texture": "#8"},
				"south": {"uv": [0, 0, 0.3375, 0.48125], "texture": "#8"},
				"west": {"uv": [0, 0, 0.48125, 0.08125], "rotation": 90, "texture": "#8"},
				"up": {"uv": [0, 0, 0.3375, 0.08125], "rotation": 180, "texture": "#8"},
				"down": {"uv": [0, 0, 0.3375, 0.08125], "texture": "#8"}
			}
		},
		{
			"from": [8.975, -1.09818, -2.69517],
			"to": [10.325, 0.82682, -2.37017],
			"rotation": {"angle": 0, "axis": "x", "origin": [4.99583, -0.46154, -0.23791]},
			"faces": {
				"north": {"uv": [0, 0, 0.3375, 0.48125], "rotation": 180, "texture": "#8"},
				"east": {"uv": [0, 0, 0.48125, 0.08125], "rotation": 270, "texture": "#8"},
				"south": {"uv": [0, 0, 0.3375, 0.48125], "texture": "#8"},
				"west": {"uv": [0, 0, 0.48125, 0.08125], "rotation": 90, "texture": "#8"},
				"up": {"uv": [0, 0, 0.3375, 0.08125], "rotation": 180, "texture": "#8"},
				"down": {"uv": [0, 0, 0.3375, 0.08125], "texture": "#8"}
			}
		},
		{
			"from": [-0.35, -0.21785, -2.99658],
			"to": [1, 0.45715, -2.67158],
			"rotation": {"angle": 22.5, "axis": "x", "origin": [4.99583, -0.46154, -0.23791]},
			"faces": {
				"north": {"uv": [0, 0, 0.3375, 0.16875], "rotation": 180, "texture": "#8"},
				"east": {"uv": [0, 0, 0.16875, 0.08125], "rotation": 270, "texture": "#8"},
				"south": {"uv": [0, 0, 0.3375, 0.16875], "texture": "#8"},
				"west": {"uv": [0, 0, 0.16875, 0.08125], "rotation": 90, "texture": "#8"},
				"up": {"uv": [0, 0, 0.3375, 0.08125], "rotation": 180, "texture": "#8"},
				"down": {"uv": [0, 0, 0.3375, 0.08125], "texture": "#8"}
			}
		},
		{
			"from": [8.975, -0.21785, -2.99658],
			"to": [10.325, 0.45715, -2.67158],
			"rotation": {"angle": 22.5, "axis": "x", "origin": [4.99583, -0.46154, -0.23791]},
			"faces": {
				"north": {"uv": [0, 0, 0.3375, 0.16875], "rotation": 180, "texture": "#8"},
				"east": {"uv": [0, 0, 0.16875, 0.08125], "rotation": 270, "texture": "#8"},
				"south": {"uv": [0, 0, 0.3375, 0.16875], "texture": "#8"},
				"west": {"uv": [0, 0, 0.16875, 0.08125], "rotation": 90, "texture": "#8"},
				"up": {"uv": [0, 0, 0.3375, 0.08125], "rotation": 180, "texture": "#8"},
				"down": {"uv": [0, 0, 0.3375, 0.08125], "texture": "#8"}
			}
		},
		{
			"from": [-0.35, 1.80857, -1.53933],
			"to": [1, 2.13357, -0.48933],
			"rotation": {"angle": -22.5, "axis": "x", "origin": [4.99583, -0.46154, -0.23791]},
			"faces": {
				"north": {"uv": [0, 0, 0.3375, 0.08125], "rotation": 180, "texture": "#8"},
				"east": {"uv": [0, 0, 0.2625, 0.08125], "rotation": 180, "texture": "#8"},
				"south": {"uv": [0, 0, 0.3375, 0.08125], "rotation": 180, "texture": "#8"},
				"west": {"uv": [0, 0, 0.2625, 0.08125], "rotation": 180, "texture": "#8"},
				"up": {"uv": [0, 0, 0.3375, 0.2625], "texture": "#8"},
				"down": {"uv": [0, 0, 0.3375, 0.2625], "texture": "#8"}
			}
		},
		{
			"from": [8.975, 1.80857, -1.53933],
			"to": [10.325, 2.13357, -0.48933],
			"rotation": {"angle": -22.5, "axis": "x", "origin": [4.99583, -0.46154, -0.23791]},
			"faces": {
				"north": {"uv": [0, 0, 0.3375, 0.08125], "rotation": 180, "texture": "#8"},
				"east": {"uv": [0, 0, 0.2625, 0.08125], "rotation": 180, "texture": "#8"},
				"south": {"uv": [0, 0, 0.3375, 0.08125], "rotation": 180, "texture": "#8"},
				"west": {"uv": [0, 0, 0.2625, 0.08125], "rotation": 180, "texture": "#8"},
				"up": {"uv": [0, 0, 0.3375, 0.2625], "texture": "#8"},
				"down": {"uv": [0, 0, 0.3375, 0.2625], "texture": "#8"}
			}
		},
		{
			"from": [-0.35, -1.94285, -2.27158],
			"to": [1, 1.18215, -1.99658],
			"rotation": {"angle": 22.5, "axis": "x", "origin": [4.99583, -0.46154, -0.23791]},
			"faces": {
				"north": {"uv": [0, 0, 0.3375, 0.78125], "rotation": 180, "texture": "#8"},
				"east": {"uv": [0, 0, 0.78125, 0.06875], "rotation": 270, "texture": "#8"},
				"south": {"uv": [0, 0, 0.3375, 0.78125], "texture": "#8"},
				"west": {"uv": [0, 0, 0.78125, 0.06875], "rotation": 90, "texture": "#8"},
				"up": {"uv": [0, 0, 0.3375, 0.06875], "rotation": 180, "texture": "#8"},
				"down": {"uv": [0, 0, 0.3375, 0.06875], "texture": "#8"}
			}
		},
		{
			"from": [8.975, -1.94285, -2.27158],
			"to": [10.325, 1.18215, -1.99658],
			"rotation": {"angle": 22.5, "axis": "x", "origin": [4.99583, -0.46154, -0.23791]},
			"faces": {
				"north": {"uv": [0, 0, 0.3375, 0.78125], "rotation": 180, "texture": "#8"},
				"east": {"uv": [0, 0, 0.78125, 0.06875], "rotation": 270, "texture": "#8"},
				"south": {"uv": [0, 0, 0.3375, 0.78125], "texture": "#8"},
				"west": {"uv": [0, 0, 0.78125, 0.06875], "rotation": 90, "texture": "#8"},
				"up": {"uv": [0, 0, 0.3375, 0.06875], "rotation": 180, "texture": "#8"},
				"down": {"uv": [0, 0, 0.3375, 0.06875], "texture": "#8"}
			}
		},
		{
			"from": [-0.35, -1.29819, -2.52017],
			"to": [1, 0.75181, -1.72017],
			"rotation": {"angle": 0, "axis": "x", "origin": [4.99583, -0.46154, -0.23791]},
			"faces": {
				"north": {"uv": [0, 0, 0.3375, 0.5125], "rotation": 180, "texture": "#8"},
				"east": {"uv": [0, 0, 0.5125, 0.2], "rotation": 270, "texture": "#8"},
				"south": {"uv": [0, 0, 0.3375, 0.5125], "texture": "#8"},
				"west": {"uv": [0, 0, 0.5125, 0.2], "rotation": 90, "texture": "#8"},
				"up": {"uv": [0, 0, 0.3375, 0.2], "rotation": 180, "texture": "#8"},
				"down": {"uv": [0, 0, 0.3375, 0.2], "texture": "#8"}
			}
		},
		{
			"from": [8.975, -1.29819, -2.52017],
			"to": [10.325, 0.75181, -1.72017],
			"rotation": {"angle": 0, "axis": "x", "origin": [4.99583, -0.46154, -0.23791]},
			"faces": {
				"north": {"uv": [0, 0, 0.3375, 0.5125], "rotation": 180, "texture": "#8"},
				"east": {"uv": [0, 0, 0.5125, 0.2], "rotation": 270, "texture": "#8"},
				"south": {"uv": [0, 0, 0.3375, 0.5125], "texture": "#8"},
				"west": {"uv": [0, 0, 0.5125, 0.2], "rotation": 90, "texture": "#8"},
				"up": {"uv": [0, 0, 0.3375, 0.2], "rotation": 180, "texture": "#8"},
				"down": {"uv": [0, 0, 0.3375, 0.2], "texture": "#8"}
			}
		},
		{
			"from": [-0.35, 0.65181, -2.42017],
			"to": [1, 1.40181, -1.69517],
			"rotation": {"angle": 0, "axis": "x", "origin": [4.99583, -0.46154, -0.23791]},
			"faces": {
				"north": {"uv": [0, 0, 0.3375, 0.1875], "rotation": 180, "texture": "#8"},
				"east": {"uv": [0, 0, 0.1875, 0.18125], "rotation": 270, "texture": "#8"},
				"south": {"uv": [0, 0, 0.3375, 0.1875], "texture": "#8"},
				"west": {"uv": [0, 0, 0.1875, 0.18125], "rotation": 90, "texture": "#8"},
				"up": {"uv": [0, 0, 0.3375, 0.18125], "rotation": 180, "texture": "#8"},
				"down": {"uv": [0, 0, 0.3375, 0.18125], "texture": "#8"}
			}
		},
		{
			"from": [8.975, 0.65181, -2.42017],
			"to": [10.325, 1.40181, -1.69517],
			"rotation": {"angle": 0, "axis": "x", "origin": [4.99583, -0.46154, -0.23791]},
			"faces": {
				"north": {"uv": [0, 0, 0.3375, 0.1875], "rotation": 180, "texture": "#8"},
				"east": {"uv": [0, 0, 0.1875, 0.18125], "rotation": 270, "texture": "#8"},
				"south": {"uv": [0, 0, 0.3375, 0.1875], "texture": "#8"},
				"west": {"uv": [0, 0, 0.1875, 0.18125], "rotation": 90, "texture": "#8"},
				"up": {"uv": [0, 0, 0.3375, 0.18125], "rotation": 180, "texture": "#8"},
				"down": {"uv": [0, 0, 0.3375, 0.18125], "texture": "#8"}
			}
		},
		{
			"from": [-0.525, 2.67193, -0.02441],
			"to": [10.275, 5.82193, 10.62559],
			"rotation": {"angle": 0, "axis": "x", "origin": [3.66875, 3.81187, -0.31654]},
			"faces": {
				"north": {"uv": [0, 0, 2.7, 0.05], "texture": "#8"},
				"east": {"uv": [0, 0, 2.6625, 0.05], "texture": "#8"},
				"south": {"uv": [0, 0, 2.7, 0.05], "texture": "#8"},
				"west": {"uv": [0, 0, 2.6625, 0.05], "texture": "#8"},
				"up": {"uv": [0, 0, 2.7, 2.6625], "texture": "#8"},
				"down": {"uv": [0, 0, 2.7, 2.6625], "texture": "#4"}
			}
		},
		{
			"from": [-0.825, 4.51269, 9.89254],
			"to": [10.525, 5.06269, 14.06754],
			"rotation": {"angle": 22.5, "axis": "x", "origin": [4.875, 5.65019, 3.56754]},
			"faces": {
				"north": {"uv": [0, 0, 2.7, 0.1375], "texture": "#13"},
				"east": {"uv": [0, 0, 1.04375, 0.1375], "texture": "#13"},
				"south": {"uv": [0, 0, 2.7, 0.1375], "texture": "#13"},
				"west": {"uv": [0, 0, 1.04375, 0.1375], "texture": "#13"},
				"up": {"uv": [0, 0, 2.7, 1.04375], "texture": "#13"},
				"down": {"uv": [0, 0, 2.7, 1.04375], "texture": "#13"}
			}
		},
		{
			"from": [-0.525, 2.32126, 8.07911],
			"to": [10.275, 2.52126, 10.02911],
			"rotation": {"angle": -22.5, "axis": "x", "origin": [4.875, 2.42126, 8.12911]},
			"faces": {
				"north": {"uv": [0, 0, 2.7, 0.05], "texture": "#4"},
				"east": {"uv": [0, 0, 0.4875, 0.05], "texture": "#8"},
				"south": {"uv": [0, 0, 2.7, 0.05], "texture": "#8"},
				"west": {"uv": [0, 0, 0.4875, 0.05], "texture": "#8"},
				"up": {"uv": [0, 0, 2.7, 0.4875], "texture": "#8"},
				"down": {"uv": [0, 0, 2.7, 0.4875], "texture": "#8"}
			}
		},
		{
			"from": [-0.525, 2.11631, 9.03534],
			"to": [10.275, 2.84131, 9.23534],
			"rotation": {"angle": 22.5, "axis": "x", "origin": [4.875, 2.65381, 9.18534]},
			"faces": {
				"north": {"uv": [0, 0, 2.7, 0.18125], "rotation": 180, "texture": "#8"},
				"east": {"uv": [0, 0, 0.18125, 0.05], "rotation": 90, "texture": "#8"},
				"south": {"uv": [0, 0, 2.7, 0.18125], "texture": "#8"},
				"west": {"uv": [0, 0, 0.18125, 0.05], "rotation": 270, "texture": "#8"},
				"up": {"uv": [0, 0, 2.7, 0.05], "texture": "#8"},
				"down": {"uv": [0, 0, 2.7, 0.05], "rotation": 180, "texture": "#8"}
			}
		},
		{
			"from": [-0.525, 2.11631, 8.48534],
			"to": [10.275, 2.34131, 9.43534],
			"rotation": {"angle": 22.5, "axis": "x", "origin": [4.875, 2.65381, 9.18534]},
			"faces": {
				"north": {"uv": [0, 0, 2.7, 0.05625], "rotation": 180, "texture": "#8"},
				"east": {"uv": [0, 0, 0.05625, 0.2375], "rotation": 90, "texture": "#8"},
				"south": {"uv": [0, 0, 2.7, 0.05625], "texture": "#8"},
				"west": {"uv": [0, 0, 0.05625, 0.2375], "rotation": 270, "texture": "#8"},
				"up": {"uv": [0, 0, 2.7, 0.2375], "texture": "#8"},
				"down": {"uv": [0, 0, 2.7, 0.2375], "rotation": 180, "texture": "#8"}
			}
		},
		{
			"from": [-0.525, 2.11631, 8.71034],
			"to": [10.275, 2.56631, 9.06034],
			"rotation": {"angle": 22.5, "axis": "x", "origin": [4.875, 2.65381, 9.18534]},
			"faces": {
				"north": {"uv": [0, 0, 2.7, 0.1125], "rotation": 180, "texture": "#8"},
				"east": {"uv": [0, 0, 0.1125, 0.0875], "rotation": 90, "texture": "#8"},
				"south": {"uv": [0, 0, 2.7, 0.1125], "texture": "#8"},
				"west": {"uv": [0, 0, 0.1125, 0.0875], "rotation": 270, "texture": "#8"},
				"up": {"uv": [0, 0, 2.7, 0.0875], "texture": "#8"},
				"down": {"uv": [0, 0, 2.7, 0.0875], "rotation": 180, "texture": "#8"}
			}
		},
		{
			"from": [-0.525, 2.54131, 8.96034],
			"to": [10.275, 2.66631, 9.06034],
			"rotation": {"angle": 22.5, "axis": "x", "origin": [4.875, 2.65381, 9.18534]},
			"faces": {
				"north": {"uv": [0, 0, 2.7, 0.03125], "rotation": 180, "texture": "#8"},
				"east": {"uv": [0, 0, 0.03125, 0.025], "rotation": 90, "texture": "#8"},
				"south": {"uv": [0, 0, 2.7, 0.03125], "texture": "#8"},
				"west": {"uv": [0, 0, 0.03125, 0.025], "rotation": 270, "texture": "#8"},
				"up": {"uv": [0, 0, 2.7, 0.025], "texture": "#8"},
				"down": {"uv": [0, 0, 2.7, 0.025], "rotation": 180, "texture": "#8"}
			}
		},
		{
			"from": [-0.525, 1.86631, 8.98534],
			"to": [10.275, 2.74131, 9.23534],
			"rotation": {"angle": -22.5, "axis": "x", "origin": [4.875, 2.65381, 9.18534]},
			"faces": {
				"north": {"uv": [0, 0, 2.7, 0.21875], "rotation": 180, "texture": "#4"},
				"east": {"uv": [0, 0, 0.21875, 0.0625], "rotation": 90, "texture": "#8"},
				"south": {"uv": [0, 0, 2.7, 0.21875], "texture": "#8"},
				"west": {"uv": [0, 0, 0.21875, 0.0625], "rotation": 270, "texture": "#8"},
				"up": {"uv": [0, 0, 2.7, 0.0625], "texture": "#8"},
				"down": {"uv": [0, 0, 2.7, 0.0625], "rotation": 180, "texture": "#8"}
			}
		},
		{
			"from": [-0.525, 4.18762, 7.06847],
			"to": [10.275, 4.38762, 10.51847],
			"rotation": {"angle": 0, "axis": "x", "origin": [4.875, 4.28762, 8.13097]},
			"faces": {
				"north": {"uv": [0, 0, 2.7, 0.05], "texture": "#8"},
				"east": {"uv": [0, 0, 0.8625, 0.05], "texture": "#8"},
				"south": {"uv": [0, 0, 2.7, 0.05], "texture": "#8"},
				"west": {"uv": [0, 0, 0.8625, 0.05], "texture": "#8"},
				"up": {"uv": [0, 0, 2.7, 0.8625], "texture": "#8"},
				"down": {"uv": [0, 0, 2.7, 0.8625], "texture": "#8"}
			}
		},
		{
			"from": [8.75, 4.18762, 10.51847],
			"to": [10.55, 4.38762, 12.51847],
			"rotation": {"angle": 0, "axis": "x", "origin": [5.15, 4.28762, 8.13097]},
			"faces": {
				"north": {"uv": [0, 0, 0.45, 0.05], "texture": "#4"},
				"east": {"uv": [0, 0, 0.5, 0.05], "texture": "#4"},
				"south": {"uv": [0, 0, 0.45, 0.05], "texture": "#4"},
				"west": {"uv": [0, 0, 0.5, 0.05], "texture": "#4"},
				"up": {"uv": [0, 0, 0.45, 0.5], "texture": "#4"},
				"down": {"uv": [0, 0, 0.45, 0.5], "texture": "#4"}
			}
		},
		{
			"from": [8.75, 5.66262, 12.01847],
			"to": [10.55, 5.86262, 12.49347],
			"rotation": {"angle": 0, "axis": "x", "origin": [5.15, 4.28762, 8.13097]},
			"faces": {
				"north": {"uv": [0, 0, 0.45, 0.05], "texture": "#4"},
				"east": {"uv": [0, 0, 0.11875, 0.05], "texture": "#4"},
				"south": {"uv": [0, 0, 0.45, 0.05], "texture": "#4"},
				"west": {"uv": [0, 0, 0.11875, 0.05], "texture": "#4"},
				"up": {"uv": [0, 0, 0.45, 0.11875], "texture": "#4"},
				"down": {"uv": [0, 0, 0.45, 0.11875], "texture": "#4"}
			}
		},
		{
			"from": [8.75, 3.81262, 12.39347],
			"to": [10.55, 4.01262, 14.39347],
			"rotation": {"angle": -22.5, "axis": "x", "origin": [5.15, 4.28762, 11.51847]},
			"faces": {
				"north": {"uv": [0, 0, 0.45, 0.05], "texture": "#4"},
				"east": {"uv": [0, 0, 0.5, 0.05], "texture": "#4"},
				"south": {"uv": [0, 0, 0.45, 0.05], "texture": "#4"},
				"west": {"uv": [0, 0, 0.5, 0.05], "texture": "#4"},
				"up": {"uv": [0, 0, 0.45, 0.5], "texture": "#4"},
				"down": {"uv": [0, 0, 0.45, 0.5], "texture": "#4"}
			}
		},
		{
			"from": [8.75, 4.7133, 10.56916],
			"to": [10.55, 4.9133, 12.66916],
			"rotation": {"angle": -45, "axis": "x", "origin": [5.15, 4.6133, 11.19416]},
			"faces": {
				"north": {"uv": [0, 0, 0.45, 0.05], "texture": "#4"},
				"east": {"uv": [0, 0, 0.525, 0.05], "texture": "#4"},
				"south": {"uv": [0, 0, 0.45, 0.05], "texture": "#4"},
				"west": {"uv": [0, 0, 0.525, 0.05], "texture": "#4"},
				"up": {"uv": [0, 0, 0.45, 0.525], "texture": "#4"},
				"down": {"uv": [0, 0, 0.45, 0.525], "texture": "#4"}
			}
		},
		{
			"from": [8.9, 4.4633, 10.76916],
			"to": [10.425, 4.7383, 12.76916],
			"rotation": {"angle": -45, "axis": "x", "origin": [5.15, 4.6133, 11.19416]},
			"faces": {
				"north": {"uv": [0, 0, 0.38125, 0.06875], "texture": "#4"},
				"east": {"uv": [0, 0, 0.5, 0.06875], "texture": "#4"},
				"south": {"uv": [0, 0, 0.38125, 0.06875], "texture": "#4"},
				"west": {"uv": [0, 0, 0.5, 0.06875], "texture": "#4"},
				"up": {"uv": [0, 0, 0.38125, 0.5], "texture": "#4"},
				"down": {"uv": [0, 0, 0.38125, 0.5], "texture": "#4"}
			}
		},
		{
			"from": [8.9, 4.3383, 11.09416],
			"to": [10.425, 4.8633, 12.51916],
			"rotation": {"angle": 0, "axis": "x", "origin": [5.15, 4.6133, 11.19416]},
			"faces": {
				"north": {"uv": [0, 0, 0.38125, 0.13125], "texture": "#4"},
				"east": {"uv": [0, 0, 0.35625, 0.13125], "texture": "#4"},
				"south": {"uv": [0, 0, 0.38125, 0.13125], "texture": "#4"},
				"west": {"uv": [0, 0, 0.35625, 0.13125], "texture": "#4"},
				"up": {"uv": [0, 0, 0.38125, 0.35625], "texture": "#4"},
				"down": {"uv": [0, 0, 0.38125, 0.35625], "texture": "#4"}
			}
		},
		{
			"from": [8.9, 4.8133, 11.64416],
			"to": [10.425, 5.4383, 13.06916],
			"rotation": {"angle": 0, "axis": "x", "origin": [5.15, 4.6133, 11.19416]},
			"faces": {
				"north": {"uv": [0, 0, 0.38125, 0.15625], "texture": "#4"},
				"east": {"uv": [0, 0, 0.35625, 0.15625], "texture": "#4"},
				"south": {"uv": [0, 0, 0.38125, 0.15625], "texture": "#4"},
				"west": {"uv": [0, 0, 0.35625, 0.15625], "texture": "#4"},
				"up": {"uv": [0, 0, 0.38125, 0.35625], "texture": "#4"},
				"down": {"uv": [0, 0, 0.38125, 0.35625], "texture": "#4"}
			}
		},
		{
			"from": [8.9, 4.6883, 12.51916],
			"to": [10.425, 5.1383, 13.54416],
			"rotation": {"angle": 0, "axis": "x", "origin": [5.15, 4.6133, 11.19416]},
			"faces": {
				"north": {"uv": [0, 0, 0.38125, 0.1125], "texture": "#4"},
				"east": {"uv": [0, 0, 0.25625, 0.1125], "texture": "#4"},
				"south": {"uv": [0, 0, 0.38125, 0.1125], "texture": "#4"},
				"west": {"uv": [0, 0, 0.25625, 0.1125], "texture": "#4"},
				"up": {"uv": [0, 0, 0.38125, 0.25625], "texture": "#4"},
				"down": {"uv": [0, 0, 0.38125, 0.25625], "texture": "#4"}
			}
		},
		{
			"from": [8.9, 4.3883, 12.46916],
			"to": [10.425, 4.8383, 12.94416],
			"rotation": {"angle": 0, "axis": "x", "origin": [5.15, 4.6133, 11.19416]},
			"faces": {
				"north": {"uv": [0, 0, 0.38125, 0.1125], "texture": "#4"},
				"east": {"uv": [0, 0, 0.11875, 0.1125], "texture": "#4"},
				"south": {"uv": [0, 0, 0.38125, 0.1125], "texture": "#4"},
				"west": {"uv": [0, 0, 0.11875, 0.1125], "texture": "#4"},
				"up": {"uv": [0, 0, 0.38125, 0.11875], "texture": "#4"},
				"down": {"uv": [0, 0, 0.38125, 0.11875], "texture": "#4"}
			}
		},
		{
			"from": [8.9, 4.5633, 12.94416],
			"to": [10.425, 4.7133, 13.21916],
			"rotation": {"angle": 0, "axis": "x", "origin": [5.15, 4.6133, 11.19416]},
			"faces": {
				"north": {"uv": [0, 0, 0.38125, 0.0375], "texture": "#4"},
				"east": {"uv": [0, 0, 0.06875, 0.0375], "texture": "#4"},
				"south": {"uv": [0, 0, 0.38125, 0.0375], "texture": "#4"},
				"west": {"uv": [0, 0, 0.06875, 0.0375], "texture": "#4"},
				"up": {"uv": [0, 0, 0.38125, 0.06875], "texture": "#4"},
				"down": {"uv": [0, 0, 0.38125, 0.06875], "texture": "#4"}
			}
		},
		{
			"from": [8.9, 4.8133, 12.59416],
			"to": [10.425, 5.1883, 14.01916],
			"rotation": {"angle": 0, "axis": "x", "origin": [5.15, 4.6133, 11.19416]},
			"faces": {
				"north": {"uv": [0, 0, 0.38125, 0.09375], "texture": "#4"},
				"east": {"uv": [0, 0, 0.35625, 0.09375], "texture": "#4"},
				"south": {"uv": [0, 0, 0.38125, 0.09375], "texture": "#4"},
				"west": {"uv": [0, 0, 0.35625, 0.09375], "texture": "#4"},
				"up": {"uv": [0, 0, 0.38125, 0.35625], "texture": "#4"},
				"down": {"uv": [0, 0, 0.38125, 0.35625], "texture": "#4"}
			}
		},
		{
			"from": [8.9, 5.0383, 12.19416],
			"to": [10.425, 5.4133, 13.61916],
			"rotation": {"angle": 0, "axis": "x", "origin": [5.15, 4.6133, 11.19416]},
			"faces": {
				"north": {"uv": [0, 0, 0.38125, 0.09375], "texture": "#4"},
				"east": {"uv": [0, 0, 0.35625, 0.09375], "texture": "#4"},
				"south": {"uv": [0, 0, 0.38125, 0.09375], "texture": "#4"},
				"west": {"uv": [0, 0, 0.35625, 0.09375], "texture": "#4"},
				"up": {"uv": [0, 0, 0.38125, 0.35625], "texture": "#4"},
				"down": {"uv": [0, 0, 0.38125, 0.35625], "texture": "#4"}
			}
		},
		{
			"from": [8.9, 5.3633, 11.91916],
			"to": [10.425, 5.7383, 12.71916],
			"rotation": {"angle": 0, "axis": "x", "origin": [5.15, 4.6133, 11.19416]},
			"faces": {
				"north": {"uv": [0, 0, 0.38125, 0.09375], "texture": "#4"},
				"east": {"uv": [0, 0, 0.2, 0.09375], "texture": "#4"},
				"south": {"uv": [0, 0, 0.38125, 0.09375], "texture": "#4"},
				"west": {"uv": [0, 0, 0.2, 0.09375], "texture": "#4"},
				"up": {"uv": [0, 0, 0.38125, 0.2], "texture": "#4"},
				"down": {"uv": [0, 0, 0.38125, 0.2], "texture": "#4"}
			}
		},
		{
			"from": [8.9, 5.4133, 12.66916],
			"to": [10.425, 5.5633, 13.09416],
			"rotation": {"angle": 0, "axis": "x", "origin": [5.15, 4.6133, 11.19416]},
			"faces": {
				"north": {"uv": [0, 0, 0.38125, 0.0375], "texture": "#4"},
				"east": {"uv": [0, 0, 0.10625, 0.0375], "texture": "#4"},
				"south": {"uv": [0, 0, 0.38125, 0.0375], "texture": "#4"},
				"west": {"uv": [0, 0, 0.10625, 0.0375], "texture": "#4"},
				"up": {"uv": [0, 0, 0.38125, 0.10625], "texture": "#4"},
				"down": {"uv": [0, 0, 0.38125, 0.10625], "texture": "#4"}
			}
		},
		{
			"from": [8.75, 5.23766, 12.06349],
			"to": [10.55, 5.43766, 14.03849],
			"rotation": {"angle": 22.5, "axis": "x", "origin": [5.15, 4.66266, 13.33849]},
			"faces": {
				"north": {"uv": [0, 0, 0.45, 0.05], "texture": "#4"},
				"east": {"uv": [0, 0, 0.49375, 0.05], "texture": "#4"},
				"south": {"uv": [0, 0, 0.45, 0.05], "texture": "#4"},
				"west": {"uv": [0, 0, 0.49375, 0.05], "texture": "#4"},
				"up": {"uv": [0, 0, 0.45, 0.49375], "texture": "#4"},
				"down": {"uv": [0, 0, 0.45, 0.49375], "texture": "#4"}
			}
		},
		{
			"from": [-0.7, 4.3383, 11.09416],
			"to": [0.825, 4.8633, 12.51916],
			"rotation": {"angle": 0, "axis": "y", "origin": [4.55, 4.6133, 11.19416]},
			"faces": {
				"north": {"uv": [0, 0, 0.38125, 0.13125], "texture": "#4"},
				"east": {"uv": [0, 0, 0.35625, 0.13125], "texture": "#4"},
				"south": {"uv": [0, 0, 0.38125, 0.13125], "texture": "#4"},
				"west": {"uv": [7, 8, 7.35625, 8.13125], "texture": "#4"},
				"up": {"uv": [11, 3, 11.38125, 3.35625], "texture": "#4"},
				"down": {"uv": [4, 3, 4.38125, 3.35625], "texture": "#4"}
			}
		},
		{
			"from": [-0.7, 4.4633, 10.76916],
			"to": [0.825, 4.7383, 12.76916],
			"rotation": {"angle": -45, "axis": "x", "origin": [4.55, 4.6133, 11.19416]},
			"faces": {
				"north": {"uv": [0, 0, 0.38125, 0.06875], "texture": "#4"},
				"east": {"uv": [0, 0, 0.5, 0.06875], "texture": "#4"},
				"south": {"uv": [0, 0, 0.38125, 0.06875], "texture": "#4"},
				"west": {"uv": [7, 8, 7.5, 8.06875], "texture": "#4"},
				"up": {"uv": [11, 3, 11.38125, 3.5], "texture": "#4"},
				"down": {"uv": [4, 3, 4.38125, 3.5], "texture": "#4"}
			}
		},
		{
			"from": [-0.7, 4.6883, 12.51916],
			"to": [0.825, 5.1383, 13.54416],
			"rotation": {"angle": 0, "axis": "y", "origin": [4.55, 4.6133, 11.19416]},
			"faces": {
				"north": {"uv": [0, 0, 0.38125, 0.1125], "texture": "#4"},
				"east": {"uv": [0, 0, 0.25625, 0.1125], "texture": "#4"},
				"south": {"uv": [0, 0, 0.38125, 0.1125], "texture": "#4"},
				"west": {"uv": [7, 8, 7.25625, 8.1125], "texture": "#4"},
				"up": {"uv": [11, 3, 11.38125, 3.25625], "texture": "#4"},
				"down": {"uv": [4, 3, 4.38125, 3.25625], "texture": "#4"}
			}
		},
		{
			"from": [-0.7, 4.3883, 12.46916],
			"to": [0.825, 4.8383, 12.94416],
			"rotation": {"angle": 0, "axis": "y", "origin": [4.55, 4.6133, 11.19416]},
			"faces": {
				"north": {"uv": [0, 0, 0.38125, 0.1125], "texture": "#4"},
				"east": {"uv": [0, 0, 0.11875, 0.1125], "texture": "#4"},
				"south": {"uv": [0, 0, 0.38125, 0.1125], "texture": "#4"},
				"west": {"uv": [7, 8, 7.11875, 8.1125], "texture": "#4"},
				"up": {"uv": [11, 3, 11.38125, 3.11875], "texture": "#4"},
				"down": {"uv": [4, 3, 4.38125, 3.11875], "texture": "#4"}
			}
		},
		{
			"from": [-0.7, 4.5633, 12.94416],
			"to": [0.825, 4.7133, 13.21916],
			"rotation": {"angle": 0, "axis": "y", "origin": [4.55, 4.6133, 11.19416]},
			"faces": {
				"north": {"uv": [0, 0, 0.38125, 0.0375], "texture": "#4"},
				"east": {"uv": [0, 0, 0.06875, 0.0375], "texture": "#4"},
				"south": {"uv": [0, 0, 0.38125, 0.0375], "texture": "#4"},
				"west": {"uv": [7, 8, 7.06875, 8.0375], "texture": "#4"},
				"up": {"uv": [11, 3, 11.38125, 3.06875], "texture": "#4"},
				"down": {"uv": [4, 3, 4.38125, 3.06875], "texture": "#4"}
			}
		},
		{
			"from": [-0.7, 4.8133, 12.59416],
			"to": [0.825, 5.1883, 14.01916],
			"rotation": {"angle": 0, "axis": "y", "origin": [4.55, 4.6133, 11.19416]},
			"faces": {
				"north": {"uv": [0, 0, 0.38125, 0.09375], "texture": "#4"},
				"east": {"uv": [0, 0, 0.35625, 0.09375], "texture": "#4"},
				"south": {"uv": [0, 0, 0.38125, 0.09375], "texture": "#4"},
				"west": {"uv": [7, 8, 7.35625, 8.09375], "texture": "#4"},
				"up": {"uv": [11, 3, 11.38125, 3.35625], "texture": "#4"},
				"down": {"uv": [4, 3, 4.38125, 3.35625], "texture": "#4"}
			}
		},
		{
			"from": [-0.7, 4.8133, 11.64416],
			"to": [0.825, 5.4383, 13.06916],
			"rotation": {"angle": 0, "axis": "y", "origin": [4.55, 4.6133, 11.19416]},
			"faces": {
				"north": {"uv": [0, 0, 0.38125, 0.15625], "texture": "#4"},
				"east": {"uv": [0, 0, 0.35625, 0.15625], "texture": "#4"},
				"south": {"uv": [0, 0, 0.38125, 0.15625], "texture": "#4"},
				"west": {"uv": [7, 8, 7.35625, 8.15625], "texture": "#4"},
				"up": {"uv": [11, 3, 11.38125, 3.35625], "texture": "#4"},
				"down": {"uv": [4, 3, 4.38125, 3.35625], "texture": "#4"}
			}
		},
		{
			"from": [-0.7, 5.0383, 12.19416],
			"to": [0.825, 5.4133, 13.61916],
			"rotation": {"angle": 0, "axis": "y", "origin": [4.55, 4.6133, 11.19416]},
			"faces": {
				"north": {"uv": [0, 0, 0.38125, 0.09375], "texture": "#4"},
				"east": {"uv": [0, 0, 0.35625, 0.09375], "texture": "#4"},
				"south": {"uv": [0, 0, 0.38125, 0.09375], "texture": "#4"},
				"west": {"uv": [7, 8, 7.35625, 8.09375], "texture": "#4"},
				"up": {"uv": [11, 3, 11.38125, 3.35625], "texture": "#4"},
				"down": {"uv": [4, 3, 4.38125, 3.35625], "texture": "#4"}
			}
		},
		{
			"from": [-0.7, 5.3633, 11.91916],
			"to": [0.75, 5.7383, 12.71916],
			"rotation": {"angle": 0, "axis": "y", "origin": [4.55, 4.6133, 11.19416]},
			"faces": {
				"north": {"uv": [0, 0, 0.3625, 0.09375], "texture": "#4"},
				"east": {"uv": [0, 0, 0.2, 0.09375], "texture": "#4"},
				"south": {"uv": [0, 0, 0.3625, 0.09375], "texture": "#4"},
				"west": {"uv": [7, 8, 7.2, 8.09375], "texture": "#4"},
				"up": {"uv": [11, 3, 11.3625, 3.2], "texture": "#4"},
				"down": {"uv": [4, 3, 4.3625, 3.2], "texture": "#4"}
			}
		},
		{
			"from": [-0.7, 5.4133, 12.66916],
			"to": [0.75, 5.5633, 13.09416],
			"rotation": {"angle": 0, "axis": "y", "origin": [4.55, 4.6133, 11.19416]},
			"faces": {
				"north": {"uv": [0, 0, 0.3625, 0.0375], "texture": "#4"},
				"east": {"uv": [0, 0, 0.10625, 0.0375], "texture": "#4"},
				"south": {"uv": [0, 0, 0.3625, 0.0375], "texture": "#4"},
				"west": {"uv": [7, 8, 7.10625, 8.0375], "texture": "#4"},
				"up": {"uv": [11, 3, 11.3625, 3.10625], "texture": "#4"},
				"down": {"uv": [4, 3, 4.3625, 3.10625], "texture": "#4"}
			}
		},
		{
			"from": [-0.85, 5.23766, 12.06349],
			"to": [0.95, 5.43766, 14.03849],
			"rotation": {"angle": 22.5, "axis": "x", "origin": [4.55, 4.66266, 13.33849]},
			"faces": {
				"north": {"uv": [0, 0, 0.45, 0.05], "texture": "#4"},
				"east": {"uv": [0, 0, 0.49375, 0.05], "texture": "#4"},
				"south": {"uv": [0, 0, 0.45, 0.05], "texture": "#4"},
				"west": {"uv": [0, 0, 0.49375, 0.05], "texture": "#4"},
				"up": {"uv": [0, 0, 0.45, 0.49375], "texture": "#4"},
				"down": {"uv": [0, 0, 0.45, 0.49375], "texture": "#4"}
			}
		},
		{
			"from": [-0.85, 4.6213, 13.54369],
			"to": [0.95, 5.2463, 25.46869],
			"rotation": {"angle": -22.5, "axis": "x", "origin": [0.05, 5.3963, 13.33119]},
			"faces": {
				"north": {"uv": [0, 0, 0.45, 0.05], "texture": "#13"},
				"east": {"uv": [0, 0, 0.49375, 0.05], "texture": "#13"},
				"south": {"uv": [0, 0, 0.45, 0.05], "texture": "#13"},
				"west": {"uv": [0, 0, 0.49375, 0.05], "texture": "#13"},
				"up": {"uv": [0, 0, 0.45, 0.49375], "texture": "#13"},
				"down": {"uv": [0, 0, 0.45, 0.49375], "texture": "#13"}
			}
		},
		{
			"from": [8.775, 4.6213, 13.54369],
			"to": [10.575, 5.2463, 25.46869],
			"rotation": {"angle": -22.5, "axis": "x", "origin": [0.05, 5.3963, 13.33119]},
			"faces": {
				"north": {"uv": [0, 0, 0.45, 0.05], "texture": "#13"},
				"east": {"uv": [0, 0, 0.49375, 0.05], "texture": "#13"},
				"south": {"uv": [0, 0, 0.45, 0.05], "texture": "#13"},
				"west": {"uv": [0, 0, 0.49375, 0.05], "texture": "#13"},
				"up": {"uv": [0, 0, 0.45, 0.49375], "texture": "#13"},
				"down": {"uv": [0, 0, 0.45, 0.49375], "texture": "#13"}
			}
		},
		{
			"from": [-0.85, 4.18762, 10.51847],
			"to": [0.95, 4.38762, 12.51847],
			"rotation": {"angle": 0, "axis": "y", "origin": [4.55, 4.28762, 8.13097]},
			"faces": {
				"north": {"uv": [0, 0, 0.45, 0.05], "texture": "#4"},
				"east": {"uv": [0, 0, 0.5, 0.05], "texture": "#4"},
				"south": {"uv": [0, 0, 0.45, 0.05], "texture": "#4"},
				"west": {"uv": [0, 0, 0.5, 0.05], "texture": "#4"},
				"up": {"uv": [0, 0, 0.45, 0.5], "texture": "#4"},
				"down": {"uv": [0, 0, 0.45, 0.5], "texture": "#4"}
			}
		},
		{
			"from": [-0.85, 3.81262, 12.39347],
			"to": [0.95, 4.01262, 14.39347],
			"rotation": {"angle": -22.5, "axis": "x", "origin": [4.55, 4.28762, 11.51847]},
			"faces": {
				"north": {"uv": [0, 0, 0.45, 0.05], "texture": "#4"},
				"east": {"uv": [0, 0, 0.5, 0.05], "texture": "#4"},
				"south": {"uv": [0, 0, 0.45, 0.05], "texture": "#4"},
				"west": {"uv": [0, 0, 0.5, 0.05], "texture": "#4"},
				"up": {"uv": [0, 0, 0.45, 0.5], "texture": "#4"},
				"down": {"uv": [0, 0, 0.45, 0.5], "texture": "#4"}
			}
		},
		{
			"from": [-0.85, 4.7133, 10.56916],
			"to": [0.95, 4.9133, 12.66916],
			"rotation": {"angle": -45, "axis": "x", "origin": [4.55, 4.6133, 11.19416]},
			"faces": {
				"north": {"uv": [0, 0, 0.45, 0.05], "texture": "#4"},
				"east": {"uv": [0, 0, 0.525, 0.05], "texture": "#4"},
				"south": {"uv": [0, 0, 0.45, 0.05], "texture": "#4"},
				"west": {"uv": [0, 0, 0.525, 0.05], "texture": "#4"},
				"up": {"uv": [0, 0, 0.45, 0.525], "texture": "#4"},
				"down": {"uv": [0, 0, 0.45, 0.525], "texture": "#4"}
			}
		},
		{
			"from": [-0.85, 5.66262, 12.01847],
			"to": [0.95, 5.86262, 12.49347],
			"rotation": {"angle": 0, "axis": "y", "origin": [4.55, 4.28762, 8.13097]},
			"faces": {
				"north": {"uv": [0, 0, 0.45, 0.05], "texture": "#4"},
				"east": {"uv": [0, 0, 0.11875, 0.05], "texture": "#4"},
				"south": {"uv": [0, 0, 0.45, 0.05], "texture": "#4"},
				"west": {"uv": [0, 0, 0.11875, 0.05], "texture": "#4"},
				"up": {"uv": [0, 0, 0.45, 0.11875], "texture": "#4"},
				"down": {"uv": [0, 0, 0.45, 0.11875], "texture": "#4"}
			}
		}
	],
	"display": {
		"head": {
			"translation": [0, 20, -31.25],
			"scale": [4, 4, 4]
		}
	},
	"groups": [
		{
			"name": "scatch",
			"origin": [8, 3.7215, 14.25703],
			"color": 0,
			"children": [0, 1, 2, 3, 4, 5, 6, 7, 8, 9, 10, 11]
		},
		{
			"name": "white part",
			"origin": [0, 0, 0],
			"color": 0,
			"children": [12, 13, 14, 15, 16, 17, 18, 19, 20, 21, 22, 23, 24, 25, 26, 27, 28, 29, 30, 31, 32, 33, 34, 35, 36, 37, 38, 39, 40, 41, 42, 43, 44, 45, 46, 47, 48, 49, 50, 51, 52, 53, 54, 55, 56, 57, 58]
		},
		{
			"name": "eye",
			"origin": [4.875, 4.28762, 8.13097],
			"color": 0,
			"children": [59, 60, 61, 62, 63, 64, 65, 66, 67, 68, 69, 70, 71, 72, 73]
		},
		{
			"name": "eye2",
			"origin": [4.875, 4.28762, 8.13097],
			"color": 0,
			"children": [
				{
					"name": "inside",
					"origin": [4.875, 4.6133, 11.19416],
					"color": 0,
					"children": [74, 75, 76, 77, 78, 79, 80, 81, 82, 83]
				},
				84,
				85,
				86,
				87,
				88,
				89,
				90
			]
		}
	]
}