[
  {
    "function": "minecraft:set_name",
    "entity": "this",
    "name": {
      "selector": "@s",
      "color": "gray",
      "italic": false,
      "extra": [
        {
          "text": "'s Nichirin-tou",
          "color": "gray",
          "italic": false
        }
      ]
    }
  },
  {
    "function": "minecraft:set_lore",
    "entity": "this",
    "lore": [
      {
        "translate": "book.status.totalkill",
        "color": "gray",
        "italic": false,
        "extra": [
          {
            "score": {
              "name": "@s",
              "objective": "totalkill"
            },
            "color": "gray",
            "bold": true,
            "italic": false
          }
        ]
      },
      {
        "translate": "misc.element",
        "color": "gray",
        "bold": true,
        "italic": false,
        "extra": [
          {
            "translate": "breathing.beast"
          }
        ]
      }
    ],
    "replace": true
  }
]
