{
 "parent": "item/generated",
 "textures": {
 "layer0": "item/bone_meal"
 },
 
 "overrides": [
 {"predicate": {"custom_model_data":1}, "model": "item/items/invisible"},
 {"predicate": {"custom_model_data":101}, "model": "item/dragons/waterdragon"},
 {"predicate": {"custom_model_data":102}, "model": "item/dragons/sundragon"},
 {"predicate": {"custom_model_data":103}, "model": "item/dragons/flametiger"},
 {"predicate": {"custom_model_data":104}, "model": "item/dragons/rengoku"}

 ]
}