{
	"credit": "Made with Blockbench",
	"textures": {
		"3": "blocks/gray_concrete",
		"4": "blocks/gray_concrete_powder",
		"6": "blocks/super_light_gray",
		"particle": "blocks/super_light_gray",
		"white_concrete": "blocks/white_concrete"
	},
	"elements": [
		{
			"name": "Handle",
			"from": [0.28, -0.07, 0.49],
			"to": [1.795, 0.43, 0.77],
			"rotation": {"angle": 0, "axis": "y", "origin": [0, -12.55, 0]},
			"faces": {
				"north": {"uv": [0, 0, 1.59, 0.5], "texture": "#3"},
				"east": {"uv": [0, 0, 0.28, 0.5], "texture": "#3"},
				"south": {"uv": [0, 0, 1.59, 0.5], "texture": "#3"},
				"west": {"uv": [0, 0, 0.28, 0.5], "texture": "#3"},
				"up": {"uv": [0, 0, 1.59, 0.28], "texture": "#4"},
				"down": {"uv": [0, 0, 0, 0], "texture": "#3"}
			}
		},
		{
			"name": "Handle",
			"from": [1.13, 0.105, 0.49],
			"to": [1.445, 0.655, 0.77],
			"rotation": {"angle": 45, "axis": "z", "origin": [1.0375, 0.255, 0.63]},
			"faces": {
				"north": {"uv": [0, 0, 1.59, 0.5], "texture": "#3"},
				"east": {"uv": [0, 0, 0.28, 0.5], "texture": "#4"},
				"south": {"uv": [0, 0, 1.59, 0.5], "texture": "#3"},
				"west": {"uv": [0, 0, 0.28, 0.5], "texture": "#3"},
				"up": {"uv": [0, 0, 1.59, 0.28], "texture": "#3"},
				"down": {"uv": [0, 0, 0, 0], "texture": "#3"}
			}
		},
		{
			"name": "Handle",
			"from": [0.19213, 1.64673, 0.49],
			"to": [0.73213, 2.19673, 0.77],
			"rotation": {"angle": -45, "axis": "z", "origin": [1.24963, 1.42173, 0.63]},
			"faces": {
				"north": {"uv": [0, 0, 1.59, 0.5], "rotation": 180, "texture": "#3"},
				"east": {"uv": [0, 0, 0.28, 0.5], "rotation": 180, "texture": "#6"},
				"south": {"uv": [0, 0, 1.59, 0.5], "rotation": 180, "texture": "#3"},
				"west": {"uv": [0, 0, 0.28, 0.5], "rotation": 180, "texture": "#3"},
				"up": {"uv": [0, 0, 0, 0], "rotation": 180, "texture": "#3"},
				"down": {"uv": [0, 0, 1.59, 0.28], "rotation": 180, "texture": "#3"}
			}
		},
		{
			"name": "Handle",
			"from": [1.37435, 2.14551, 0.49],
			"to": [1.66435, 2.94551, 0.77],
			"rotation": {"angle": 45, "axis": "z", "origin": [1.59435, 2.42051, 0.63]},
			"faces": {
				"north": {"uv": [0, 0, 1.59, 0.5], "rotation": 180, "texture": "#3"},
				"east": {"uv": [0, 0, 0.28, 0.5], "rotation": 180, "texture": "#3"},
				"south": {"uv": [0, 0, 1.59, 0.5], "rotation": 180, "texture": "#3"},
				"west": {"uv": [0, 0, 0.28, 0.5], "rotation": 180, "texture": "#3"},
				"up": {"uv": [0, 0, 0, 0], "rotation": 180, "texture": "#3"},
				"down": {"uv": [0, 0, 1.59, 0.28], "rotation": 180, "texture": "#3"}
			}
		},
		{
			"name": "Handle",
			"from": [1.37435, 2.52949, 0.49],
			"to": [1.66435, 3.07949, 0.77],
			"rotation": {"angle": -45, "axis": "z", "origin": [1.59435, 2.80449, 0.63]},
			"faces": {
				"north": {"uv": [0, 0.5, 1.59, 0], "rotation": 180, "texture": "#3"},
				"east": {"uv": [0, 0.5, 0.28, 0], "rotation": 180, "texture": "#3"},
				"south": {"uv": [0, 0.5, 1.59, 0], "rotation": 180, "texture": "#3"},
				"west": {"uv": [0, 0.5, 0.28, 0], "rotation": 180, "texture": "#3"},
				"up": {"uv": [0, 0.28, 1.59, 0], "rotation": 180, "texture": "#3"},
				"down": {"uv": [0, 0, 0, 0], "rotation": 180, "texture": "#3"}
			}
		},
		{
			"name": "Handle",
			"from": [0.19213, 3.02827, 0.49],
			"to": [0.73213, 3.57827, 0.77],
			"rotation": {"angle": 45, "axis": "z", "origin": [1.24963, 3.80327, 0.63]},
			"faces": {
				"north": {"uv": [0, 0.5, 1.59, 0], "rotation": 180, "texture": "#3"},
				"east": {"uv": [0, 0.5, 0.28, 0], "rotation": 180, "texture": "#3"},
				"south": {"uv": [0, 0.5, 1.59, 0], "rotation": 180, "texture": "#3"},
				"west": {"uv": [0, 0.5, 0.28, 0], "rotation": 180, "texture": "#3"},
				"up": {"uv": [0, 0.28, 1.59, 0], "rotation": 180, "texture": "#3"},
				"down": {"uv": [0, 0, 0, 0], "rotation": 180, "texture": "#3"}
			}
		},
		{
			"name": "Handle",
			"from": [1.62131, 2.06748, 0.49],
			"to": [1.91131, 3.14248, 0.77],
			"rotation": {"angle": 0, "axis": "z", "origin": [1.54131, 2.36748, 0.63]},
			"faces": {
				"north": {"uv": [0, 0, 1.59, 0.5], "rotation": 180, "texture": "#3"},
				"east": {"uv": [0, 0, 0.28, 0.5], "rotation": 180, "texture": "#3"},
				"south": {"uv": [0, 0, 1.59, 0.5], "rotation": 180, "texture": "#3"},
				"west": {"uv": [0, 0, 0.28, 0.5], "rotation": 180, "texture": "#3"},
				"up": {"uv": [0, 0, 0, 0], "rotation": 180, "texture": "#3"},
				"down": {"uv": [0, 0, 1.59, 0.28], "rotation": 180, "texture": "#4"}
			}
		},
		{
			"name": "Handle",
			"from": [1.49631, 2.49248, 0.49],
			"to": [1.68631, 2.74248, 0.77],
			"rotation": {"angle": 0, "axis": "z", "origin": [1.54131, 2.36748, 0.63]},
			"faces": {
				"north": {"uv": [0, 0, 1.59, 0.5], "rotation": 180, "texture": "#3"},
				"east": {"uv": [0, 0, 0.28, 0.5], "rotation": 180, "texture": "#3"},
				"south": {"uv": [0, 0, 1.59, 0.5], "rotation": 180, "texture": "#3"},
				"west": {"uv": [0, 0, 0.28, 0.5], "rotation": 180, "texture": "#3"},
				"up": {"uv": [0, 0, 0, 0], "rotation": 180, "texture": "#3"},
				"down": {"uv": [0, 0, 1.59, 0.28], "rotation": 180, "texture": "#3"}
			}
		},
		{
			"name": "Handle",
			"from": [0.19213, 4.22173, 0.49],
			"to": [0.73213, 4.77173, 0.77],
			"rotation": {"angle": -45, "axis": "z", "origin": [1.24963, 3.99673, 0.63]},
			"faces": {
				"north": {"uv": [0, 0, 1.59, 0.5], "rotation": 180, "texture": "#3"},
				"east": {"uv": [0, 0, 0.28, 0.5], "rotation": 180, "texture": "#3"},
				"south": {"uv": [0, 0, 1.59, 0.5], "rotation": 180, "texture": "#3"},
				"west": {"uv": [0, 0, 0.28, 0.5], "rotation": 180, "texture": "#3"},
				"up": {"uv": [0, 0, 0, 0], "rotation": 180, "texture": "#3"},
				"down": {"uv": [0, 0, 1.59, 0.28], "rotation": 180, "texture": "#3"}
			}
		},
		{
			"name": "Handle",
			"from": [1.37435, 4.72051, 0.49],
			"to": [1.66435, 5.52051, 0.77],
			"rotation": {"angle": 45, "axis": "z", "origin": [1.59435, 4.99551, 0.63]},
			"faces": {
				"north": {"uv": [0, 0, 1.59, 0.5], "rotation": 180, "texture": "#3"},
				"east": {"uv": [0, 0, 0.28, 0.5], "rotation": 180, "texture": "#3"},
				"south": {"uv": [0, 0, 1.59, 0.5], "rotation": 180, "texture": "#3"},
				"west": {"uv": [0, 0, 0.28, 0.5], "rotation": 180, "texture": "#3"},
				"up": {"uv": [0, 0, 0, 0], "rotation": 180, "texture": "#3"},
				"down": {"uv": [0, 0, 1.59, 0.28], "rotation": 180, "texture": "#3"}
			}
		},
		{
			"name": "Handle",
			"from": [1.62131, 4.64248, 0.49],
			"to": [1.91131, 5.71748, 0.77],
			"rotation": {"angle": 0, "axis": "z", "origin": [1.54131, 4.94248, 0.63]},
			"faces": {
				"north": {"uv": [0, 0, 1.59, 0.5], "rotation": 180, "texture": "#3"},
				"east": {"uv": [0, 0, 0.28, 0.5], "rotation": 180, "texture": "#3"},
				"south": {"uv": [0, 0, 1.59, 0.5], "rotation": 180, "texture": "#3"},
				"west": {"uv": [0, 0, 0.28, 0.5], "rotation": 180, "texture": "#3"},
				"up": {"uv": [0, 0, 0, 0], "rotation": 180, "texture": "#3"},
				"down": {"uv": [0, 0, 1.59, 0.28], "rotation": 180, "texture": "#3"}
			}
		},
		{
			"name": "Handle",
			"from": [1.37435, 5.10449, 0.49],
			"to": [1.66435, 5.65449, 0.77],
			"rotation": {"angle": -45, "axis": "z", "origin": [1.59435, 5.37949, 0.63]},
			"faces": {
				"north": {"uv": [0, 0.5, 1.59, 0], "rotation": 180, "texture": "#3"},
				"east": {"uv": [0, 0.5, 0.28, 0], "rotation": 180, "texture": "#3"},
				"south": {"uv": [0, 0.5, 1.59, 0], "rotation": 180, "texture": "#3"},
				"west": {"uv": [0, 0.5, 0.28, 0], "rotation": 180, "texture": "#3"},
				"up": {"uv": [0, 0.28, 1.59, 0], "rotation": 180, "texture": "#3"},
				"down": {"uv": [0, 0, 0, 0], "rotation": 180, "texture": "#3"}
			}
		},
		{
			"name": "Handle",
			"from": [1.49631, 5.06748, 0.49],
			"to": [1.68631, 5.31748, 0.77],
			"rotation": {"angle": 0, "axis": "z", "origin": [1.54131, 4.94248, 0.63]},
			"faces": {
				"north": {"uv": [0, 0, 1.59, 0.5], "rotation": 180, "texture": "#3"},
				"east": {"uv": [0, 0, 0.28, 0.5], "rotation": 180, "texture": "#3"},
				"south": {"uv": [0, 0, 1.59, 0.5], "rotation": 180, "texture": "#3"},
				"west": {"uv": [0, 0, 0.28, 0.5], "rotation": 180, "texture": "#3"},
				"up": {"uv": [0, 0, 0, 0], "rotation": 180, "texture": "#3"},
				"down": {"uv": [0, 0, 1.59, 0.28], "rotation": 180, "texture": "#3"}
			}
		},
		{
			"name": "Handle",
			"from": [0.19213, 5.60327, 0.49],
			"to": [0.73213, 6.15327, 0.77],
			"rotation": {"angle": 45, "axis": "z", "origin": [1.24963, 6.37827, 0.63]},
			"faces": {
				"north": {"uv": [0, 0.5, 1.59, 0], "rotation": 180, "texture": "#3"},
				"east": {"uv": [0, 0.5, 0.28, 0], "rotation": 180, "texture": "#3"},
				"south": {"uv": [0, 0.5, 1.59, 0], "rotation": 180, "texture": "#3"},
				"west": {"uv": [0, 0.5, 0.28, 0], "rotation": 180, "texture": "#3"},
				"up": {"uv": [0, 0.28, 1.59, 0], "rotation": 180, "texture": "#3"},
				"down": {"uv": [0, 0, 0, 0], "rotation": 180, "texture": "#3"}
			}
		},
		{
			"name": "Handle",
			"from": [1.37435, 7.29551, 0.49],
			"to": [1.66435, 8.09551, 0.77],
			"rotation": {"angle": 45, "axis": "z", "origin": [1.59435, 7.57051, 0.63]},
			"faces": {
				"north": {"uv": [0, 0, 1.59, 0.5], "rotation": 180, "texture": "#3"},
				"east": {"uv": [0, 0, 0.28, 0.5], "rotation": 180, "texture": "#3"},
				"south": {"uv": [0, 0, 1.59, 0.5], "rotation": 180, "texture": "#3"},
				"west": {"uv": [0, 0, 0.28, 0.5], "rotation": 180, "texture": "#3"},
				"up": {"uv": [0, 0, 0, 0], "rotation": 180, "texture": "#3"},
				"down": {"uv": [0, 0, 1.59, 0.28], "rotation": 180, "texture": "#3"}
			}
		},
		{
			"name": "Handle",
			"from": [0.19213, 6.79673, 0.49],
			"to": [0.73213, 7.34673, 0.77],
			"rotation": {"angle": -45, "axis": "z", "origin": [1.24963, 6.57173, 0.63]},
			"faces": {
				"north": {"uv": [0, 0, 1.59, 0.5], "rotation": 180, "texture": "#3"},
				"east": {"uv": [0, 0, 0.28, 0.5], "rotation": 180, "texture": "#3"},
				"south": {"uv": [0, 0, 1.59, 0.5], "rotation": 180, "texture": "#3"},
				"west": {"uv": [0, 0, 0.28, 0.5], "rotation": 180, "texture": "#3"},
				"up": {"uv": [0, 0, 0, 0], "rotation": 180, "texture": "#3"},
				"down": {"uv": [0, 0, 1.59, 0.28], "rotation": 180, "texture": "#3"}
			}
		},
		{
			"name": "Handle",
			"from": [0.19213, 8.17827, 0.49],
			"to": [0.73213, 8.72827, 0.77],
			"rotation": {"angle": 45, "axis": "z", "origin": [1.24963, 8.95327, 0.63]},
			"faces": {
				"north": {"uv": [0, 0.5, 1.59, 0], "rotation": 180, "texture": "#3"},
				"east": {"uv": [0, 0.5, 0.28, 0], "rotation": 180, "texture": "#3"},
				"south": {"uv": [0, 0.5, 1.59, 0], "rotation": 180, "texture": "#3"},
				"west": {"uv": [0, 0.5, 0.28, 0], "rotation": 180, "texture": "#3"},
				"up": {"uv": [0, 0.28, 1.59, 0], "rotation": 180, "texture": "#3"},
				"down": {"uv": [0, 0, 0, 0], "rotation": 180, "texture": "#3"}
			}
		},
		{
			"name": "Handle",
			"from": [1.37435, 7.67949, 0.49],
			"to": [1.66435, 8.22949, 0.77],
			"rotation": {"angle": -45, "axis": "z", "origin": [1.59435, 7.95449, 0.63]},
			"faces": {
				"north": {"uv": [0, 0.5, 1.59, 0], "rotation": 180, "texture": "#3"},
				"east": {"uv": [0, 0.5, 0.28, 0], "rotation": 180, "texture": "#3"},
				"south": {"uv": [0, 0.5, 1.59, 0], "rotation": 180, "texture": "#3"},
				"west": {"uv": [0, 0.5, 0.28, 0], "rotation": 180, "texture": "#3"},
				"up": {"uv": [0, 0.28, 1.59, 0], "rotation": 180, "texture": "#3"},
				"down": {"uv": [0, 0, 0, 0], "rotation": 180, "texture": "#3"}
			}
		},
		{
			"name": "Handle",
			"from": [1.49631, 7.64248, 0.49],
			"to": [1.68631, 7.89248, 0.77],
			"rotation": {"angle": 0, "axis": "z", "origin": [1.54131, 7.51748, 0.63]},
			"faces": {
				"north": {"uv": [0, 0, 1.59, 0.5], "rotation": 180, "texture": "#3"},
				"east": {"uv": [0, 0, 0.28, 0.5], "rotation": 180, "texture": "#3"},
				"south": {"uv": [0, 0, 1.59, 0.5], "rotation": 180, "texture": "#3"},
				"west": {"uv": [0, 0, 0.28, 0.5], "rotation": 180, "texture": "#3"},
				"up": {"uv": [0, 0, 0, 0], "rotation": 180, "texture": "#3"},
				"down": {"uv": [0, 0, 1.59, 0.28], "rotation": 180, "texture": "#3"}
			}
		},
		{
			"name": "Handle",
			"from": [1.62131, 7.21748, 0.49],
			"to": [1.91131, 8.29248, 0.77],
			"rotation": {"angle": 0, "axis": "z", "origin": [1.54131, 7.51748, 0.63]},
			"faces": {
				"north": {"uv": [0, 0, 1.59, 0.5], "rotation": 180, "texture": "#3"},
				"east": {"uv": [0, 0, 0.28, 0.5], "rotation": 180, "texture": "#3"},
				"south": {"uv": [0, 0, 1.59, 0.5], "rotation": 180, "texture": "#3"},
				"west": {"uv": [0, 0, 0.28, 0.5], "rotation": 180, "texture": "#3"},
				"up": {"uv": [0, 0, 0, 0], "rotation": 180, "texture": "#3"},
				"down": {"uv": [0, 0, 1.59, 0.28], "rotation": 180, "texture": "#3"}
			}
		},
		{
			"name": "Handle",
			"from": [0.19213, 9.37173, 0.49],
			"to": [0.73213, 9.92173, 0.77],
			"rotation": {"angle": -45, "axis": "z", "origin": [1.24963, 9.14673, 0.63]},
			"faces": {
				"north": {"uv": [0, 0, 1.59, 0.5], "rotation": 180, "texture": "#3"},
				"east": {"uv": [0, 0, 0.28, 0.5], "rotation": 180, "texture": "#3"},
				"south": {"uv": [0, 0, 1.59, 0.5], "rotation": 180, "texture": "#3"},
				"west": {"uv": [0, 0, 0.28, 0.5], "rotation": 180, "texture": "#3"},
				"up": {"uv": [0, 0, 0, 0], "rotation": 180, "texture": "#3"},
				"down": {"uv": [0, 0, 1.59, 0.28], "rotation": 180, "texture": "#3"}
			}
		},
		{
			"name": "Handle",
			"from": [1.37435, 9.87051, 0.49],
			"to": [1.66435, 10.67051, 0.77],
			"rotation": {"angle": 45, "axis": "z", "origin": [1.59435, 10.14551, 0.63]},
			"faces": {
				"north": {"uv": [0, 0, 1.59, 0.5], "rotation": 180, "texture": "#3"},
				"east": {"uv": [0, 0, 0.28, 0.5], "rotation": 180, "texture": "#3"},
				"south": {"uv": [0, 0, 1.59, 0.5], "rotation": 180, "texture": "#3"},
				"west": {"uv": [0, 0, 0.28, 0.5], "rotation": 180, "texture": "#3"},
				"up": {"uv": [0, 0, 0, 0], "rotation": 180, "texture": "#3"},
				"down": {"uv": [0, 0, 1.59, 0.28], "rotation": 180, "texture": "#3"}
			}
		},
		{
			"name": "Handle",
			"from": [0.19213, 10.75327, 0.49],
			"to": [0.73213, 11.30327, 0.77],
			"rotation": {"angle": 45, "axis": "z", "origin": [1.24963, 11.52827, 0.63]},
			"faces": {
				"north": {"uv": [0, 0.5, 1.59, 0], "rotation": 180, "texture": "#3"},
				"east": {"uv": [0, 0.5, 0.28, 0], "rotation": 180, "texture": "#3"},
				"south": {"uv": [0, 0.5, 1.59, 0], "rotation": 180, "texture": "#3"},
				"west": {"uv": [0, 0.5, 0.28, 0], "rotation": 180, "texture": "#3"},
				"up": {"uv": [0, 0.28, 1.59, 0], "rotation": 180, "texture": "#3"},
				"down": {"uv": [0, 0, 0, 0], "rotation": 180, "texture": "#3"}
			}
		},
		{
			"name": "Handle",
			"from": [1.37435, 10.25449, 0.49],
			"to": [1.66435, 10.80449, 0.77],
			"rotation": {"angle": -45, "axis": "z", "origin": [1.59435, 10.52949, 0.63]},
			"faces": {
				"north": {"uv": [0, 0.5, 1.59, 0], "rotation": 180, "texture": "#3"},
				"east": {"uv": [0, 0.5, 0.28, 0], "rotation": 180, "texture": "#3"},
				"south": {"uv": [0, 0.5, 1.59, 0], "rotation": 180, "texture": "#3"},
				"west": {"uv": [0, 0.5, 0.28, 0], "rotation": 180, "texture": "#3"},
				"up": {"uv": [0, 0.28, 1.59, 0], "rotation": 180, "texture": "#3"},
				"down": {"uv": [0, 0, 0, 0], "rotation": 180, "texture": "#3"}
			}
		},
		{
			"name": "Handle",
			"from": [1.62131, 9.79248, 0.49],
			"to": [1.91131, 10.86748, 0.77],
			"rotation": {"angle": 0, "axis": "z", "origin": [1.54131, 10.09248, 0.63]},
			"faces": {
				"north": {"uv": [0, 0, 1.59, 0.5], "rotation": 180, "texture": "#3"},
				"east": {"uv": [0, 0, 0.28, 0.5], "rotation": 180, "texture": "#3"},
				"south": {"uv": [0, 0, 1.59, 0.5], "rotation": 180, "texture": "#3"},
				"west": {"uv": [0, 0, 0.28, 0.5], "rotation": 180, "texture": "#3"},
				"up": {"uv": [0, 0, 0, 0], "rotation": 180, "texture": "#3"},
				"down": {"uv": [0, 0, 1.59, 0.28], "rotation": 180, "texture": "#3"}
			}
		},
		{
			"name": "Handle",
			"from": [1.49631, 10.21748, 0.49],
			"to": [1.68631, 10.46748, 0.77],
			"rotation": {"angle": 0, "axis": "z", "origin": [1.54131, 10.09248, 0.63]},
			"faces": {
				"north": {"uv": [0, 0, 1.59, 0.5], "rotation": 180, "texture": "#3"},
				"east": {"uv": [0, 0, 0.28, 0.5], "rotation": 180, "texture": "#3"},
				"south": {"uv": [0, 0, 1.59, 0.5], "rotation": 180, "texture": "#3"},
				"west": {"uv": [0, 0, 0.28, 0.5], "rotation": 180, "texture": "#3"},
				"up": {"uv": [0, 0, 0, 0], "rotation": 180, "texture": "#3"},
				"down": {"uv": [0, 0, 1.59, 0.28], "rotation": 180, "texture": "#3"}
			}
		},
		{
			"name": "Handle",
			"from": [1.37435, 17.59551, 0.49],
			"to": [1.66435, 18.39551, 0.77],
			"rotation": {"angle": 45, "axis": "z", "origin": [1.59435, 17.87051, 0.63]},
			"faces": {
				"north": {"uv": [0, 0, 1.59, 0.5], "rotation": 180, "texture": "#3"},
				"east": {"uv": [0, 0, 0.28, 0.5], "rotation": 180, "texture": "#3"},
				"south": {"uv": [0, 0, 1.59, 0.5], "rotation": 180, "texture": "#3"},
				"west": {"uv": [0, 0, 0.28, 0.5], "rotation": 180, "texture": "#3"},
				"up": {"uv": [0, 0, 0, 0], "rotation": 180, "texture": "#3"},
				"down": {"uv": [0, 0, 1.59, 0.28], "rotation": 180, "texture": "#3"}
			}
		},
		{
			"name": "Handle",
			"from": [0.19213, 17.09673, 0.49],
			"to": [0.73213, 17.64673, 0.77],
			"rotation": {"angle": -45, "axis": "z", "origin": [1.24963, 16.87173, 0.63]},
			"faces": {
				"north": {"uv": [0, 0, 1.59, 0.5], "rotation": 180, "texture": "#3"},
				"east": {"uv": [0, 0, 0.28, 0.5], "rotation": 180, "texture": "#3"},
				"south": {"uv": [0, 0, 1.59, 0.5], "rotation": 180, "texture": "#3"},
				"west": {"uv": [0, 0, 0.28, 0.5], "rotation": 180, "texture": "#3"},
				"up": {"uv": [0, 0, 0, 0], "rotation": 180, "texture": "#3"},
				"down": {"uv": [0, 0, 1.59, 0.28], "rotation": 180, "texture": "#3"}
			}
		},
		{
			"name": "Handle",
			"from": [0.19213, 18.47827, 0.49],
			"to": [0.73213, 19.02827, 0.77],
			"rotation": {"angle": 45, "axis": "z", "origin": [1.24963, 19.25327, 0.63]},
			"faces": {
				"north": {"uv": [0, 0.5, 1.59, 0], "rotation": 180, "texture": "#3"},
				"east": {"uv": [0, 0.5, 0.28, 0], "rotation": 180, "texture": "#3"},
				"south": {"uv": [0, 0.5, 1.59, 0], "rotation": 180, "texture": "#3"},
				"west": {"uv": [0, 0.5, 0.28, 0], "rotation": 180, "texture": "#3"},
				"up": {"uv": [0, 0.28, 1.59, 0], "rotation": 180, "texture": "#3"},
				"down": {"uv": [0, 0, 0, 0], "rotation": 180, "texture": "#3"}
			}
		},
		{
			"name": "Handle",
			"from": [1.37435, 17.97949, 0.49],
			"to": [1.66435, 18.52949, 0.77],
			"rotation": {"angle": -45, "axis": "z", "origin": [1.59435, 18.25449, 0.63]},
			"faces": {
				"north": {"uv": [0, 0.5, 1.59, 0], "rotation": 180, "texture": "#3"},
				"east": {"uv": [0, 0.5, 0.28, 0], "rotation": 180, "texture": "#3"},
				"south": {"uv": [0, 0.5, 1.59, 0], "rotation": 180, "texture": "#3"},
				"west": {"uv": [0, 0.5, 0.28, 0], "rotation": 180, "texture": "#3"},
				"up": {"uv": [0, 0.28, 1.59, 0], "rotation": 180, "texture": "#3"},
				"down": {"uv": [0, 0, 0, 0], "rotation": 180, "texture": "#3"}
			}
		},
		{
			"name": "Handle",
			"from": [1.49631, 17.94248, 0.49],
			"to": [1.68631, 18.19248, 0.77],
			"rotation": {"angle": 0, "axis": "z", "origin": [1.54131, 17.81748, 0.63]},
			"faces": {
				"north": {"uv": [0, 0, 1.59, 0.5], "rotation": 180, "texture": "#3"},
				"east": {"uv": [0, 0, 0.28, 0.5], "rotation": 180, "texture": "#3"},
				"south": {"uv": [0, 0, 1.59, 0.5], "rotation": 180, "texture": "#3"},
				"west": {"uv": [0, 0, 0.28, 0.5], "rotation": 180, "texture": "#3"},
				"up": {"uv": [0, 0, 0, 0], "rotation": 180, "texture": "#3"},
				"down": {"uv": [0, 0, 1.59, 0.28], "rotation": 180, "texture": "#3"}
			}
		},
		{
			"name": "Handle",
			"from": [1.62131, 17.51748, 0.49],
			"to": [1.91131, 18.59248, 0.77],
			"rotation": {"angle": 0, "axis": "z", "origin": [1.54131, 17.81748, 0.63]},
			"faces": {
				"north": {"uv": [0, 0, 1.59, 0.5], "rotation": 180, "texture": "#3"},
				"east": {"uv": [0, 0, 0.28, 0.5], "rotation": 180, "texture": "#3"},
				"south": {"uv": [0, 0, 1.59, 0.5], "rotation": 180, "texture": "#3"},
				"west": {"uv": [0, 0, 0.28, 0.5], "rotation": 180, "texture": "#3"},
				"up": {"uv": [0, 0, 0, 0], "rotation": 180, "texture": "#3"},
				"down": {"uv": [0, 0, 1.59, 0.28], "rotation": 180, "texture": "#3"}
			}
		},
		{
			"name": "Handle",
			"from": [0.19213, 19.67173, 0.49],
			"to": [0.73213, 20.22173, 0.77],
			"rotation": {"angle": -45, "axis": "z", "origin": [1.24963, 19.44673, 0.63]},
			"faces": {
				"north": {"uv": [0, 0, 1.59, 0.5], "rotation": 180, "texture": "#3"},
				"east": {"uv": [0, 0, 0.28, 0.5], "rotation": 180, "texture": "#3"},
				"south": {"uv": [0, 0, 1.59, 0.5], "rotation": 180, "texture": "#3"},
				"west": {"uv": [0, 0, 0.28, 0.5], "rotation": 180, "texture": "#3"},
				"up": {"uv": [0, 0, 0, 0], "rotation": 180, "texture": "#3"},
				"down": {"uv": [0, 0, 1.59, 0.28], "rotation": 180, "texture": "#3"}
			}
		},
		{
			"name": "Handle",
			"from": [1.37435, 20.17051, 0.49],
			"to": [1.66435, 20.97051, 0.77],
			"rotation": {"angle": 45, "axis": "z", "origin": [1.59435, 20.44551, 0.63]},
			"faces": {
				"north": {"uv": [0, 0, 1.59, 0.5], "rotation": 180, "texture": "#3"},
				"east": {"uv": [0, 0, 0.28, 0.5], "rotation": 180, "texture": "#3"},
				"south": {"uv": [0, 0, 1.59, 0.5], "rotation": 180, "texture": "#3"},
				"west": {"uv": [0, 0, 0.28, 0.5], "rotation": 180, "texture": "#3"},
				"up": {"uv": [0, 0, 0, 0], "rotation": 180, "texture": "#3"},
				"down": {"uv": [0, 0, 1.59, 0.28], "rotation": 180, "texture": "#3"}
			}
		},
		{
			"name": "Handle",
			"from": [0.19213, 21.05327, 0.49],
			"to": [0.73213, 21.60327, 0.77],
			"rotation": {"angle": 45, "axis": "z", "origin": [1.24963, 21.82827, 0.63]},
			"faces": {
				"north": {"uv": [0, 0.5, 1.59, 0], "rotation": 180, "texture": "#3"},
				"east": {"uv": [0, 0.5, 0.28, 0], "rotation": 180, "texture": "#3"},
				"south": {"uv": [0, 0.5, 1.59, 0], "rotation": 180, "texture": "#3"},
				"west": {"uv": [0, 0.5, 0.28, 0], "rotation": 180, "texture": "#3"},
				"up": {"uv": [0, 0.28, 1.59, 0], "rotation": 180, "texture": "#3"},
				"down": {"uv": [0, 0, 0, 0], "rotation": 180, "texture": "#3"}
			}
		},
		{
			"name": "Handle",
			"from": [1.37435, 20.55449, 0.49],
			"to": [1.66435, 21.10449, 0.77],
			"rotation": {"angle": -45, "axis": "z", "origin": [1.59435, 20.82949, 0.63]},
			"faces": {
				"north": {"uv": [0, 0.5, 1.59, 0], "rotation": 180, "texture": "#3"},
				"east": {"uv": [0, 0.5, 0.28, 0], "rotation": 180, "texture": "#3"},
				"south": {"uv": [0, 0.5, 1.59, 0], "rotation": 180, "texture": "#3"},
				"west": {"uv": [0, 0.5, 0.28, 0], "rotation": 180, "texture": "#3"},
				"up": {"uv": [0, 0.28, 1.59, 0], "rotation": 180, "texture": "#3"},
				"down": {"uv": [0, 0, 0, 0], "rotation": 180, "texture": "#3"}
			}
		},
		{
			"name": "Handle",
			"from": [1.62131, 20.09248, 0.49],
			"to": [1.91131, 21.16748, 0.77],
			"rotation": {"angle": 0, "axis": "z", "origin": [1.54131, 20.39248, 0.63]},
			"faces": {
				"north": {"uv": [0, 0, 1.59, 0.5], "rotation": 180, "texture": "#3"},
				"east": {"uv": [0, 0, 0.28, 0.5], "rotation": 180, "texture": "#3"},
				"south": {"uv": [0, 0, 1.59, 0.5], "rotation": 180, "texture": "#3"},
				"west": {"uv": [0, 0, 0.28, 0.5], "rotation": 180, "texture": "#3"},
				"up": {"uv": [0, 0, 0, 0], "rotation": 180, "texture": "#3"},
				"down": {"uv": [0, 0, 1.59, 0.28], "rotation": 180, "texture": "#3"}
			}
		},
		{
			"name": "Handle",
			"from": [1.49631, 20.51748, 0.49],
			"to": [1.68631, 20.76748, 0.77],
			"rotation": {"angle": 0, "axis": "z", "origin": [1.54131, 20.39248, 0.63]},
			"faces": {
				"north": {"uv": [0, 0, 1.59, 0.5], "rotation": 180, "texture": "#3"},
				"east": {"uv": [0, 0, 0.28, 0.5], "rotation": 180, "texture": "#3"},
				"south": {"uv": [0, 0, 1.59, 0.5], "rotation": 180, "texture": "#3"},
				"west": {"uv": [0, 0, 0.28, 0.5], "rotation": 180, "texture": "#3"},
				"up": {"uv": [0, 0, 0, 0], "rotation": 180, "texture": "#3"},
				"down": {"uv": [0, 0, 1.59, 0.28], "rotation": 180, "texture": "#3"}
			}
		},
		{
			"name": "Handle",
			"from": [-0.13287, 21.04673, 0.49],
			"to": [0.73213, 22.42173, 0.77],
			"rotation": {"angle": -45, "axis": "z", "origin": [1.24963, 20.82173, 0.63]},
			"faces": {
				"north": {"uv": [0, 0, 1.59, 0.5], "rotation": 180, "texture": "#3"},
				"east": {"uv": [0, 0, 0.28, 0.5], "rotation": 180, "texture": "#3"},
				"south": {"uv": [0, 0, 1.59, 0.5], "rotation": 180, "texture": "#3"},
				"west": {"uv": [0, 0, 0.28, 0.5], "rotation": 180, "texture": "#3"},
				"up": {"uv": [0, 0, 0, 0], "rotation": 180, "texture": "#3"},
				"down": {"uv": [0, 0, 1.59, 0.28], "rotation": 180, "texture": "#3"}
			}
		},
		{
			"name": "Handle",
			"from": [0.19213, 11.94673, 0.49],
			"to": [0.73213, 12.49673, 0.77],
			"rotation": {"angle": -45, "axis": "z", "origin": [1.24963, 11.72173, 0.63]},
			"faces": {
				"north": {"uv": [0, 0, 1.59, 0.5], "rotation": 180, "texture": "#3"},
				"east": {"uv": [0, 0, 0.28, 0.5], "rotation": 180, "texture": "#3"},
				"south": {"uv": [0, 0, 1.59, 0.5], "rotation": 180, "texture": "#3"},
				"west": {"uv": [0, 0, 0.28, 0.5], "rotation": 180, "texture": "#3"},
				"up": {"uv": [0, 0, 0, 0], "rotation": 180, "texture": "#3"},
				"down": {"uv": [0, 0, 1.59, 0.28], "rotation": 180, "texture": "#3"}
			}
		},
		{
			"name": "Handle",
			"from": [1.37435, 12.44551, 0.49],
			"to": [1.66435, 13.24551, 0.77],
			"rotation": {"angle": 45, "axis": "z", "origin": [1.59435, 12.72051, 0.63]},
			"faces": {
				"north": {"uv": [0, 0, 1.59, 0.5], "rotation": 180, "texture": "#3"},
				"east": {"uv": [0, 0, 0.28, 0.5], "rotation": 180, "texture": "#3"},
				"south": {"uv": [0, 0, 1.59, 0.5], "rotation": 180, "texture": "#3"},
				"west": {"uv": [0, 0, 0.28, 0.5], "rotation": 180, "texture": "#3"},
				"up": {"uv": [0, 0, 0, 0], "rotation": 180, "texture": "#3"},
				"down": {"uv": [0, 0, 1.59, 0.28], "rotation": 180, "texture": "#3"}
			}
		},
		{
			"name": "Handle",
			"from": [1.37435, 12.82949, 0.49],
			"to": [1.66435, 13.37949, 0.77],
			"rotation": {"angle": -45, "axis": "z", "origin": [1.59435, 13.10449, 0.63]},
			"faces": {
				"north": {"uv": [0, 0.5, 1.59, 0], "rotation": 180, "texture": "#3"},
				"east": {"uv": [0, 0.5, 0.28, 0], "rotation": 180, "texture": "#3"},
				"south": {"uv": [0, 0.5, 1.59, 0], "rotation": 180, "texture": "#3"},
				"west": {"uv": [0, 0.5, 0.28, 0], "rotation": 180, "texture": "#3"},
				"up": {"uv": [0, 0.28, 1.59, 0], "rotation": 180, "texture": "#3"},
				"down": {"uv": [0, 0, 0, 0], "rotation": 180, "texture": "#3"}
			}
		},
		{
			"name": "Handle",
			"from": [0.19213, 13.32827, 0.49],
			"to": [0.73213, 13.87827, 0.77],
			"rotation": {"angle": 45, "axis": "z", "origin": [1.24963, 14.10327, 0.63]},
			"faces": {
				"north": {"uv": [0, 0.5, 1.59, 0], "rotation": 180, "texture": "#3"},
				"east": {"uv": [0, 0.5, 0.28, 0], "rotation": 180, "texture": "#3"},
				"south": {"uv": [0, 0.5, 1.59, 0], "rotation": 180, "texture": "#3"},
				"west": {"uv": [0, 0.5, 0.28, 0], "rotation": 180, "texture": "#3"},
				"up": {"uv": [0, 0.28, 1.59, 0], "rotation": 180, "texture": "#3"},
				"down": {"uv": [0, 0, 0, 0], "rotation": 180, "texture": "#3"}
			}
		},
		{
			"name": "Handle",
			"from": [1.62131, 12.36748, 0.49],
			"to": [1.91131, 13.44248, 0.77],
			"rotation": {"angle": 0, "axis": "z", "origin": [1.54131, 12.66748, 0.63]},
			"faces": {
				"north": {"uv": [0, 0, 1.59, 0.5], "rotation": 180, "texture": "#3"},
				"east": {"uv": [0, 0, 0.28, 0.5], "rotation": 180, "texture": "#3"},
				"south": {"uv": [0, 0, 1.59, 0.5], "rotation": 180, "texture": "#3"},
				"west": {"uv": [0, 0, 0.28, 0.5], "rotation": 180, "texture": "#3"},
				"up": {"uv": [0, 0, 0, 0], "rotation": 180, "texture": "#3"},
				"down": {"uv": [0, 0, 1.59, 0.28], "rotation": 180, "texture": "#3"}
			}
		},
		{
			"name": "Handle",
			"from": [1.49631, 12.79248, 0.49],
			"to": [1.68631, 13.04248, 0.77],
			"rotation": {"angle": 0, "axis": "z", "origin": [1.54131, 12.66748, 0.63]},
			"faces": {
				"north": {"uv": [0, 0, 1.59, 0.5], "rotation": 180, "texture": "#3"},
				"east": {"uv": [0, 0, 0.28, 0.5], "rotation": 180, "texture": "#3"},
				"south": {"uv": [0, 0, 1.59, 0.5], "rotation": 180, "texture": "#3"},
				"west": {"uv": [0, 0, 0.28, 0.5], "rotation": 180, "texture": "#3"},
				"up": {"uv": [0, 0, 0, 0], "rotation": 180, "texture": "#3"},
				"down": {"uv": [0, 0, 1.59, 0.28], "rotation": 180, "texture": "#3"}
			}
		},
		{
			"name": "Handle",
			"from": [0.19213, 14.52173, 0.49],
			"to": [0.73213, 15.07173, 0.77],
			"rotation": {"angle": -45, "axis": "z", "origin": [1.24963, 14.29673, 0.63]},
			"faces": {
				"north": {"uv": [0, 0, 1.59, 0.5], "rotation": 180, "texture": "#3"},
				"east": {"uv": [0, 0, 0.28, 0.5], "rotation": 180, "texture": "#3"},
				"south": {"uv": [0, 0, 1.59, 0.5], "rotation": 180, "texture": "#3"},
				"west": {"uv": [0, 0, 0.28, 0.5], "rotation": 180, "texture": "#3"},
				"up": {"uv": [0, 0, 0, 0], "rotation": 180, "texture": "#3"},
				"down": {"uv": [0, 0, 1.59, 0.28], "rotation": 180, "texture": "#3"}
			}
		},
		{
			"name": "Handle",
			"from": [1.37435, 15.02051, 0.49],
			"to": [1.66435, 15.82051, 0.77],
			"rotation": {"angle": 45, "axis": "z", "origin": [1.59435, 15.29551, 0.63]},
			"faces": {
				"north": {"uv": [0, 0, 1.59, 0.5], "rotation": 180, "texture": "#3"},
				"east": {"uv": [0, 0, 0.28, 0.5], "rotation": 180, "texture": "#3"},
				"south": {"uv": [0, 0, 1.59, 0.5], "rotation": 180, "texture": "#3"},
				"west": {"uv": [0, 0, 0.28, 0.5], "rotation": 180, "texture": "#3"},
				"up": {"uv": [0, 0, 0, 0], "rotation": 180, "texture": "#3"},
				"down": {"uv": [0, 0, 1.59, 0.28], "rotation": 180, "texture": "#3"}
			}
		},
		{
			"name": "Handle",
			"from": [1.62131, 14.94248, 0.49],
			"to": [1.91131, 16.01748, 0.77],
			"rotation": {"angle": 0, "axis": "z", "origin": [1.54131, 15.24248, 0.63]},
			"faces": {
				"north": {"uv": [0, 0, 1.59, 0.5], "rotation": 180, "texture": "#3"},
				"east": {"uv": [0, 0, 0.28, 0.5], "rotation": 180, "texture": "#3"},
				"south": {"uv": [0, 0, 1.59, 0.5], "rotation": 180, "texture": "#3"},
				"west": {"uv": [0, 0, 0.28, 0.5], "rotation": 180, "texture": "#3"},
				"up": {"uv": [0, 0, 0, 0], "rotation": 180, "texture": "#3"},
				"down": {"uv": [0, 0, 1.59, 0.28], "rotation": 180, "texture": "#3"}
			}
		},
		{
			"name": "Handle",
			"from": [1.37435, 15.40449, 0.49],
			"to": [1.66435, 15.95449, 0.77],
			"rotation": {"angle": -45, "axis": "z", "origin": [1.59435, 15.67949, 0.63]},
			"faces": {
				"north": {"uv": [0, 0.5, 1.59, 0], "rotation": 180, "texture": "#3"},
				"east": {"uv": [0, 0.5, 0.28, 0], "rotation": 180, "texture": "#3"},
				"south": {"uv": [0, 0.5, 1.59, 0], "rotation": 180, "texture": "#3"},
				"west": {"uv": [0, 0.5, 0.28, 0], "rotation": 180, "texture": "#3"},
				"up": {"uv": [0, 0.28, 1.59, 0], "rotation": 180, "texture": "#3"},
				"down": {"uv": [0, 0, 0, 0], "rotation": 180, "texture": "#3"}
			}
		},
		{
			"name": "Handle",
			"from": [1.49631, 15.36748, 0.49],
			"to": [1.68631, 15.61748, 0.77],
			"rotation": {"angle": 0, "axis": "z", "origin": [1.54131, 15.24248, 0.63]},
			"faces": {
				"north": {"uv": [0, 0, 1.59, 0.5], "rotation": 180, "texture": "#3"},
				"east": {"uv": [0, 0, 0.28, 0.5], "rotation": 180, "texture": "#3"},
				"south": {"uv": [0, 0, 1.59, 0.5], "rotation": 180, "texture": "#3"},
				"west": {"uv": [0, 0, 0.28, 0.5], "rotation": 180, "texture": "#3"},
				"up": {"uv": [0, 0, 0, 0], "rotation": 180, "texture": "#3"},
				"down": {"uv": [0, 0, 1.59, 0.28], "rotation": 180, "texture": "#3"}
			}
		},
		{
			"name": "Handle",
			"from": [0.19213, 15.90327, 0.49],
			"to": [0.73213, 16.45327, 0.77],
			"rotation": {"angle": 45, "axis": "z", "origin": [1.24963, 16.67827, 0.63]},
			"faces": {
				"north": {"uv": [0, 0.5, 1.59, 0], "rotation": 180, "texture": "#3"},
				"east": {"uv": [0, 0.5, 0.28, 0], "rotation": 180, "texture": "#3"},
				"south": {"uv": [0, 0.5, 1.59, 0], "rotation": 180, "texture": "#3"},
				"west": {"uv": [0, 0.5, 0.28, 0], "rotation": 180, "texture": "#3"},
				"up": {"uv": [0, 0.28, 1.59, 0], "rotation": 180, "texture": "#3"},
				"down": {"uv": [0, 0, 0, 0], "rotation": 180, "texture": "#3"}
			}
		},
		{
			"name": "Handle",
			"from": [0.19213, 3.02827, 0.49],
			"to": [0.73213, 3.57827, 0.77],
			"rotation": {"angle": 45, "axis": "z", "origin": [1.24963, 3.80327, 0.63]},
			"faces": {
				"north": {"uv": [0, 0.5, 1.59, 0], "rotation": 180, "texture": "#3"},
				"east": {"uv": [0, 0.5, 0.28, 0], "rotation": 180, "texture": "#3"},
				"south": {"uv": [0, 0.5, 1.59, 0], "rotation": 180, "texture": "#3"},
				"west": {"uv": [0, 0.5, 0.28, 0], "rotation": 180, "texture": "#3"},
				"up": {"uv": [0, 0.28, 1.59, 0], "rotation": 180, "texture": "#3"},
				"down": {"uv": [0, 0, 0, 0], "rotation": 180, "texture": "#3"}
			}
		},
		{
			"name": "Handle",
			"from": [0.19213, 1.64673, 0.49],
			"to": [0.73213, 2.19673, 0.77],
			"rotation": {"angle": -45, "axis": "z", "origin": [1.24963, 1.42173, 0.63]},
			"faces": {
				"north": {"uv": [0, 0, 1.59, 0.5], "rotation": 180, "texture": "#3"},
				"east": {"uv": [0, 0, 0.28, 0.5], "rotation": 180, "texture": "#3"},
				"south": {"uv": [0, 0, 1.59, 0.5], "rotation": 180, "texture": "#3"},
				"west": {"uv": [0, 0, 0.28, 0.5], "rotation": 180, "texture": "#3"},
				"up": {"uv": [0, 0, 0, 0], "rotation": 180, "texture": "#3"},
				"down": {"uv": [0, 0, 1.59, 0.28], "rotation": 180, "texture": "#3"}
			}
		},
		{
			"name": "Handle",
			"from": [1.37435, 2.52949, 0.49],
			"to": [1.66435, 3.07949, 0.77],
			"rotation": {"angle": -45, "axis": "z", "origin": [1.59435, 2.80449, 0.63]},
			"faces": {
				"north": {"uv": [0, 0.5, 1.59, 0], "rotation": 180, "texture": "#3"},
				"east": {"uv": [0, 0.5, 0.28, 0], "rotation": 180, "texture": "#3"},
				"south": {"uv": [0, 0.5, 1.59, 0], "rotation": 180, "texture": "#3"},
				"west": {"uv": [0, 0.5, 0.28, 0], "rotation": 180, "texture": "#3"},
				"up": {"uv": [0, 0.28, 1.59, 0], "rotation": 180, "texture": "#3"},
				"down": {"uv": [0, 0, 0, 0], "rotation": 180, "texture": "#3"}
			}
		},
		{
			"name": "Handle",
			"from": [1.37435, 2.14551, 0.49],
			"to": [1.66435, 2.94551, 0.77],
			"rotation": {"angle": 45, "axis": "z", "origin": [1.59435, 2.42051, 0.63]},
			"faces": {
				"north": {"uv": [0, 0, 1.59, 0.5], "rotation": 180, "texture": "#3"},
				"east": {"uv": [0, 0, 0.28, 0.5], "rotation": 180, "texture": "#3"},
				"south": {"uv": [0, 0, 1.59, 0.5], "rotation": 180, "texture": "#3"},
				"west": {"uv": [0, 0, 0.28, 0.5], "rotation": 180, "texture": "#3"},
				"up": {"uv": [0, 0, 0, 0], "rotation": 180, "texture": "#3"},
				"down": {"uv": [0, 0, 1.59, 0.28], "rotation": 180, "texture": "#3"}
			}
		},
		{
			"name": "Handle",
			"from": [1.62131, 2.06748, 0.49],
			"to": [1.91131, 3.14248, 0.77],
			"rotation": {"angle": 0, "axis": "z", "origin": [1.54131, 2.36748, 0.63]},
			"faces": {
				"north": {"uv": [0, 0, 1.59, 0.5], "rotation": 180, "texture": "#3"},
				"east": {"uv": [0, 0, 0.28, 0.5], "rotation": 180, "texture": "#3"},
				"south": {"uv": [0, 0, 1.59, 0.5], "rotation": 180, "texture": "#3"},
				"west": {"uv": [0, 0, 0.28, 0.5], "rotation": 180, "texture": "#3"},
				"up": {"uv": [0, 0, 0, 0], "rotation": 180, "texture": "#3"},
				"down": {"uv": [0, 0, 1.59, 0.28], "rotation": 180, "texture": "#3"}
			}
		},
		{
			"name": "Handle",
			"from": [1.49631, 2.49248, 0.49],
			"to": [1.68631, 2.74248, 0.77],
			"rotation": {"angle": 0, "axis": "z", "origin": [1.54131, 2.36748, 0.63]},
			"faces": {
				"north": {"uv": [0, 0, 1.59, 0.5], "rotation": 180, "texture": "#3"},
				"east": {"uv": [0, 0, 0.28, 0.5], "rotation": 180, "texture": "#3"},
				"south": {"uv": [0, 0, 1.59, 0.5], "rotation": 180, "texture": "#3"},
				"west": {"uv": [0, 0, 0.28, 0.5], "rotation": 180, "texture": "#3"},
				"up": {"uv": [0, 0, 0, 0], "rotation": 180, "texture": "#3"},
				"down": {"uv": [0, 0, 1.59, 0.28], "rotation": 180, "texture": "#3"}
			}
		},
		{
			"name": "Handle",
			"from": [0.19213, 1.64673, 0.49],
			"to": [0.73213, 2.19673, 0.77],
			"rotation": {"angle": -45, "axis": "z", "origin": [1.24963, 1.42173, 0.63]},
			"faces": {
				"north": {"uv": [0, 0, 1.59, 0.5], "rotation": 180, "texture": "#3"},
				"east": {"uv": [0, 0, 0.28, 0.5], "rotation": 180, "texture": "#3"},
				"south": {"uv": [0, 0, 1.59, 0.5], "rotation": 180, "texture": "#3"},
				"west": {"uv": [0, 0, 0.28, 0.5], "rotation": 180, "texture": "#3"},
				"up": {"uv": [0, 0, 0, 0], "rotation": 180, "texture": "#3"},
				"down": {"uv": [0, 0, 1.59, 0.28], "rotation": 180, "texture": "#3"}
			}
		},
		{
			"name": "Handle",
			"from": [1.37435, 2.14551, 0.49],
			"to": [1.66435, 2.94551, 0.77],
			"rotation": {"angle": 45, "axis": "z", "origin": [1.59435, 2.42051, 0.63]},
			"faces": {
				"north": {"uv": [0, 0, 1.59, 0.5], "rotation": 180, "texture": "#3"},
				"east": {"uv": [0, 0, 0.28, 0.5], "rotation": 180, "texture": "#3"},
				"south": {"uv": [0, 0, 1.59, 0.5], "rotation": 180, "texture": "#3"},
				"west": {"uv": [0, 0, 0.28, 0.5], "rotation": 180, "texture": "#3"},
				"up": {"uv": [0, 0, 0, 0], "rotation": 180, "texture": "#3"},
				"down": {"uv": [0, 0, 1.59, 0.28], "rotation": 180, "texture": "#3"}
			}
		},
		{
			"name": "Handle",
			"from": [1.62131, 2.06748, 0.49],
			"to": [1.91131, 3.14248, 0.77],
			"rotation": {"angle": 0, "axis": "z", "origin": [1.54131, 2.36748, 0.63]},
			"faces": {
				"north": {"uv": [0, 0, 1.59, 0.5], "rotation": 180, "texture": "#3"},
				"east": {"uv": [0, 0, 0.28, 0.5], "rotation": 180, "texture": "#3"},
				"south": {"uv": [0, 0, 1.59, 0.5], "rotation": 180, "texture": "#3"},
				"west": {"uv": [0, 0, 0.28, 0.5], "rotation": 180, "texture": "#3"},
				"up": {"uv": [0, 0, 0, 0], "rotation": 180, "texture": "#3"},
				"down": {"uv": [0, 0, 1.59, 0.28], "rotation": 180, "texture": "#3"}
			}
		},
		{
			"name": "Handle",
			"from": [0.19213, 3.02827, 0.49],
			"to": [0.73213, 3.57827, 0.77],
			"rotation": {"angle": 45, "axis": "z", "origin": [1.24963, 3.80327, 0.63]},
			"faces": {
				"north": {"uv": [0, 0.5, 1.59, 0], "rotation": 180, "texture": "#3"},
				"east": {"uv": [0, 0.5, 0.28, 0], "rotation": 180, "texture": "#3"},
				"south": {"uv": [0, 0.5, 1.59, 0], "rotation": 180, "texture": "#3"},
				"west": {"uv": [0, 0.5, 0.28, 0], "rotation": 180, "texture": "#3"},
				"up": {"uv": [0, 0.28, 1.59, 0], "rotation": 180, "texture": "#3"},
				"down": {"uv": [0, 0, 0, 0], "rotation": 180, "texture": "#3"}
			}
		},
		{
			"name": "Handle",
			"from": [1.37435, 2.52949, 0.49],
			"to": [1.66435, 3.07949, 0.77],
			"rotation": {"angle": -45, "axis": "z", "origin": [1.59435, 2.80449, 0.63]},
			"faces": {
				"north": {"uv": [0, 0.5, 1.59, 0], "rotation": 180, "texture": "#3"},
				"east": {"uv": [0, 0.5, 0.28, 0], "rotation": 180, "texture": "#3"},
				"south": {"uv": [0, 0.5, 1.59, 0], "rotation": 180, "texture": "#3"},
				"west": {"uv": [0, 0.5, 0.28, 0], "rotation": 180, "texture": "#3"},
				"up": {"uv": [0, 0.28, 1.59, 0], "rotation": 180, "texture": "#3"},
				"down": {"uv": [0, 0, 0, 0], "rotation": 180, "texture": "#3"}
			}
		},
		{
			"name": "Handle",
			"from": [1.49631, 2.49248, 0.49],
			"to": [1.68631, 2.74248, 0.77],
			"rotation": {"angle": 0, "axis": "z", "origin": [1.54131, 2.36748, 0.63]},
			"faces": {
				"north": {"uv": [0, 0, 1.59, 0.5], "rotation": 180, "texture": "#3"},
				"east": {"uv": [0, 0, 0.28, 0.5], "rotation": 180, "texture": "#3"},
				"south": {"uv": [0, 0, 1.59, 0.5], "rotation": 180, "texture": "#3"},
				"west": {"uv": [0, 0, 0.28, 0.5], "rotation": 180, "texture": "#3"},
				"up": {"uv": [0, 0, 0, 0], "rotation": 180, "texture": "#3"},
				"down": {"uv": [0, 0, 1.59, 0.28], "rotation": 180, "texture": "#3"}
			}
		},
		{
			"name": "Handle",
			"from": [1.49631, 2.49248, 0.49],
			"to": [1.68631, 2.74248, 0.77],
			"rotation": {"angle": 0, "axis": "z", "origin": [1.54131, 2.36748, 0.63]},
			"faces": {
				"north": {"uv": [0, 0, 1.59, 0.5], "rotation": 180, "texture": "#3"},
				"east": {"uv": [0, 0, 0.28, 0.5], "rotation": 180, "texture": "#3"},
				"south": {"uv": [0, 0, 1.59, 0.5], "rotation": 180, "texture": "#3"},
				"west": {"uv": [0, 0, 0.28, 0.5], "rotation": 180, "texture": "#3"},
				"up": {"uv": [0, 0, 0, 0], "rotation": 180, "texture": "#3"},
				"down": {"uv": [0, 0, 1.59, 0.28], "rotation": 180, "texture": "#3"}
			}
		},
		{
			"name": "Handle",
			"from": [1.62131, 2.06748, 0.49],
			"to": [1.91131, 3.14248, 0.77],
			"rotation": {"angle": 0, "axis": "z", "origin": [1.54131, 2.36748, 0.63]},
			"faces": {
				"north": {"uv": [0, 0, 1.59, 0.5], "rotation": 180, "texture": "#3"},
				"east": {"uv": [0, 0, 0.28, 0.5], "rotation": 180, "texture": "#3"},
				"south": {"uv": [0, 0, 1.59, 0.5], "rotation": 180, "texture": "#3"},
				"west": {"uv": [0, 0, 0.28, 0.5], "rotation": 180, "texture": "#3"},
				"up": {"uv": [0, 0, 0, 0], "rotation": 180, "texture": "#3"},
				"down": {"uv": [0, 0, 1.59, 0.28], "rotation": 180, "texture": "#3"}
			}
		},
		{
			"name": "Handle",
			"from": [1.37435, 2.14551, 0.49],
			"to": [1.66435, 2.94551, 0.77],
			"rotation": {"angle": 45, "axis": "z", "origin": [1.59435, 2.42051, 0.63]},
			"faces": {
				"north": {"uv": [0, 0, 1.59, 0.5], "rotation": 180, "texture": "#3"},
				"east": {"uv": [0, 0, 0.28, 0.5], "rotation": 180, "texture": "#3"},
				"south": {"uv": [0, 0, 1.59, 0.5], "rotation": 180, "texture": "#3"},
				"west": {"uv": [0, 0, 0.28, 0.5], "rotation": 180, "texture": "#3"},
				"up": {"uv": [0, 0, 0, 0], "rotation": 180, "texture": "#3"},
				"down": {"uv": [0, 0, 1.59, 0.28], "rotation": 180, "texture": "#3"}
			}
		},
		{
			"name": "Handle",
			"from": [1.37435, 2.52949, 0.49],
			"to": [1.66435, 3.07949, 0.77],
			"rotation": {"angle": -45, "axis": "z", "origin": [1.59435, 2.80449, 0.63]},
			"faces": {
				"north": {"uv": [0, 0.5, 1.59, 0], "rotation": 180, "texture": "#3"},
				"east": {"uv": [0, 0.5, 0.28, 0], "rotation": 180, "texture": "#3"},
				"south": {"uv": [0, 0.5, 1.59, 0], "rotation": 180, "texture": "#3"},
				"west": {"uv": [0, 0.5, 0.28, 0], "rotation": 180, "texture": "#3"},
				"up": {"uv": [0, 0.28, 1.59, 0], "rotation": 180, "texture": "#3"},
				"down": {"uv": [0, 0, 0, 0], "rotation": 180, "texture": "#3"}
			}
		},
		{
			"name": "Handle",
			"from": [0.19213, 1.64673, 0.49],
			"to": [0.73213, 2.19673, 0.77],
			"rotation": {"angle": -45, "axis": "z", "origin": [1.24963, 1.42173, 0.63]},
			"faces": {
				"north": {"uv": [0, 0, 1.59, 0.5], "rotation": 180, "texture": "#3"},
				"east": {"uv": [0, 0, 0.28, 0.5], "rotation": 180, "texture": "#3"},
				"south": {"uv": [0, 0, 1.59, 0.5], "rotation": 180, "texture": "#3"},
				"west": {"uv": [0, 0, 0.28, 0.5], "rotation": 180, "texture": "#3"},
				"up": {"uv": [0, 0, 0, 0], "rotation": 180, "texture": "#3"},
				"down": {"uv": [0, 0, 1.59, 0.28], "rotation": 180, "texture": "#3"}
			}
		},
		{
			"name": "Handle",
			"from": [0.19213, 3.02827, 0.49],
			"to": [0.73213, 3.57827, 0.77],
			"rotation": {"angle": 45, "axis": "z", "origin": [1.24963, 3.80327, 0.63]},
			"faces": {
				"north": {"uv": [0, 0.5, 1.59, 0], "rotation": 180, "texture": "#3"},
				"east": {"uv": [0, 0.5, 0.28, 0], "rotation": 180, "texture": "#3"},
				"south": {"uv": [0, 0.5, 1.59, 0], "rotation": 180, "texture": "#3"},
				"west": {"uv": [0, 0.5, 0.28, 0], "rotation": 180, "texture": "#3"},
				"up": {"uv": [0, 0.28, 1.59, 0], "rotation": 180, "texture": "#3"},
				"down": {"uv": [0, 0, 0, 0], "rotation": 180, "texture": "#3"}
			}
		},
		{
			"name": "Handle",
			"from": [1.58, -0.17, 0.49],
			"to": [1.695, -0.045, 0.77],
			"rotation": {"angle": 45, "axis": "z", "origin": [1.0375, 0.255, 0.63]},
			"faces": {
				"north": {"uv": [0, 0, 1.59, 0.5], "texture": "#3"},
				"east": {"uv": [0, 0, 0.28, 0.5], "texture": "#3"},
				"south": {"uv": [0, 0, 1.59, 0.5], "texture": "#3"},
				"west": {"uv": [0, 0, 0.28, 0.5], "texture": "#3"},
				"up": {"uv": [0, 0, 1.59, 0.28], "texture": "#4"},
				"down": {"uv": [0, 0, 0, 0], "texture": "#3"}
			}
		},
		{
			"name": "Handle",
			"from": [0.275, 0.38, 0.49],
			"to": [1.05, 26.055, 0.77],
			"rotation": {"angle": 0, "axis": "y", "origin": [0.025, -4.55, 0]},
			"faces": {
				"north": {"uv": [0, 0, 1.15, 16], "texture": "#3"},
				"east": {"uv": [0, 0, 0.18, 16], "texture": "#4"},
				"south": {"uv": [0, 0, 1.15, 16], "texture": "#3"},
				"west": {"uv": [0, 0, 0.18, 16], "texture": "#3"},
				"up": {"uv": [0, 0, 1.15, 0.18], "texture": "#3"},
				"down": {"uv": [0, 0, 0, 0], "texture": "#3"}
			}
		},
		{
			"name": "Handle",
			"from": [1.025, 22.33, 0.49],
			"to": [1.9, 24.955, 0.77],
			"rotation": {"angle": 0, "axis": "y", "origin": [0.025, -4.55, 0]},
			"faces": {
				"north": {"uv": [0, 0, 1.15, 16], "texture": "#3"},
				"east": {"uv": [0, 0, 0.18, 16], "texture": "#3"},
				"south": {"uv": [0, 0, 1.15, 16], "texture": "#3"},
				"west": {"uv": [0, 0, 0.18, 16], "texture": "#3"},
				"up": {"uv": [0, 0, 1.15, 0.18], "texture": "#3"},
				"down": {"uv": [0, 0, 0, 0], "texture": "#3"}
			}
		},
		{
			"name": "Handle",
			"from": [0.8, 24.62, 0.49],
			"to": [1.71, 25.22, 0.77],
			"rotation": {"angle": 0, "axis": "y", "origin": [0.55, -4.55, 0]},
			"faces": {
				"north": {"uv": [0, 0, 0.91, 0.6], "texture": "#3"},
				"east": {"uv": [0, 0, 0.18, 0.6], "texture": "#3"},
				"south": {"uv": [0, 0, 0.91, 0.6], "texture": "#3"},
				"west": {"uv": [0, 0, 0.18, 0.6], "texture": "#3"},
				"up": {"uv": [0, 0, 0.91, 0.18], "texture": "#3"},
				"down": {"uv": [0, 0, 0, 0], "texture": "#3"}
			}
		},
		{
			"name": "Handle",
			"from": [9.636, 25.69, 0.49],
			"to": [10.559, 26.29, 0.77],
			"rotation": {"angle": 22.5, "axis": "z", "origin": [8.55, 3.45, 8]},
			"faces": {
				"north": {"uv": [0, 0, 0.923, 0.75], "texture": "#3"},
				"east": {"uv": [0, 0, 0.18, 0.75], "texture": "#3"},
				"south": {"uv": [0, 0, 0.923, 0.75], "texture": "#3"},
				"west": {"uv": [0, 0, 0.18, 0.75], "texture": "#3"},
				"up": {"uv": [0, 0, 0.923, 0.18], "texture": "#3"},
				"down": {"uv": [0, 0, 0.923, 0.18], "texture": "#3"}
			}
		},
		{
			"name": "Handle",
			"from": [18.626, 23.78, 0.49],
			"to": [19.149, 24.42, 0.77],
			"rotation": {"angle": 45, "axis": "z", "origin": [8.55, 3.45, 8]},
			"faces": {
				"north": {"uv": [0, 0, 0.523, 0.64], "texture": "#3"},
				"east": {"uv": [0, 0, 0.18, 0.64], "texture": "#3"},
				"south": {"uv": [0, 0, 0.523, 0.64], "texture": "#3"},
				"west": {"uv": [0, 0, 0.18, 0.64], "texture": "#3"},
				"up": {"uv": [0, 0, 0.523, 0.18], "texture": "#3"},
				"down": {"uv": [0, 0, 0.523, 0.18], "texture": "#3"}
			}
		},
		{
			"name": "Handle",
			"from": [0.8, 25.17, 0.49],
			"to": [1.21, 25.77, 0.77],
			"rotation": {"angle": 0, "axis": "y", "origin": [0.55, -4.55, 0]},
			"faces": {
				"north": {"uv": [0, 0, 0.41, 0.6], "texture": "#3"},
				"east": {"uv": [0, 0, 0.18, 0.6], "texture": "#3"},
				"south": {"uv": [0, 0, 0.41, 0.6], "texture": "#3"},
				"west": {"uv": [0, 0, 0.18, 0.6], "texture": "#3"},
				"up": {"uv": [0, 0, 0.41, 0.18], "texture": "#3"},
				"down": {"uv": [0, 0, 0, 0], "texture": "#3"}
			}
		},
		{
			"name": "Handle",
			"from": [0.8, 25.767, 0.54],
			"to": [1.06, 25.927, 0.72],
			"rotation": {"angle": 0, "axis": "y", "origin": [0.55, -4.55, 0]},
			"faces": {
				"north": {"uv": [0, 0, 0.26, 0.16], "texture": "#3"},
				"east": {"uv": [0, 0, 0.18, 0.16], "texture": "#3"},
				"south": {"uv": [0, 0, 0.26, 0.16], "texture": "#3"},
				"west": {"uv": [0, 0, 0.18, 0.16], "texture": "#3"},
				"up": {"uv": [0, 0, 0.26, 0.18], "texture": "#3"},
				"down": {"uv": [0, 0, 0, 0], "texture": "#3"}
			}
		},
		{
			"name": "Handle",
			"from": [18.98, 24.397, 0.49],
			"to": [19.15, 24.837, 0.77],
			"rotation": {"angle": 45, "axis": "z", "origin": [8.55, 3.45, 8]},
			"faces": {
				"north": {"uv": [0, 0, 0.17, 0.44], "texture": "#3"},
				"east": {"uv": [0, 0, 0.18, 0.44], "texture": "#3"},
				"south": {"uv": [0, 0, 0.17, 0.44], "texture": "#3"},
				"west": {"uv": [0, 0, 0.18, 0.44], "texture": "#3"},
				"up": {"uv": [0, 0, 0.17, 0.18], "texture": "#3"},
				"down": {"uv": [0, 0, 0.17, 0.18], "texture": "#3"}
			}
		},
		{
			"name": "Handle",
			"from": [0.8, 25.907, 0.49],
			"to": [0.92, 26.067, 0.77],
			"rotation": {"angle": 0, "axis": "y", "origin": [0.55, -4.55, 0]},
			"faces": {
				"north": {"uv": [0, 0, 0.12, 0.16], "texture": "#3"},
				"east": {"uv": [0, 0, 0.18, 0.16], "texture": "#3"},
				"south": {"uv": [0, 0, 0.12, 0.16], "texture": "#3"},
				"west": {"uv": [0, 0, 0.18, 0.16], "texture": "#3"},
				"up": {"uv": [0, 0, 0.12, 0.18], "texture": "#3"},
				"down": {"uv": [0, 0, 0, 0], "texture": "#3"}
			}
		},
		{
			"name": "White",
			"from": [0.31, -11.55, 0.4],
			"to": [1.8, 0.075, 0.9],
			"rotation": {"angle": 0, "axis": "y", "origin": [0, -12.55, 0]},
			"faces": {
				"north": {"uv": [0, 0, 1.49, 11], "texture": "#white_concrete"},
				"east": {"uv": [0, 0, 0.5, 11], "texture": "#white_concrete"},
				"south": {"uv": [0, 0, 1.49, 11], "texture": "#white_concrete"},
				"west": {"uv": [0, 0, 0.5, 11], "texture": "#white_concrete"},
				"up": {"uv": [0, 0, 0, 0], "texture": "#white_concrete"},
				"down": {"uv": [0, 0, 0, 0], "texture": "#white_concrete"}
			}
		},
		{
			"name": "White",
			"from": [7.58, -11.55, -2.46],
			"to": [8.38, 0.075, -2.18],
			"rotation": {"angle": 45, "axis": "y", "origin": [8, -4.55, 8]},
			"faces": {
				"north": {"uv": [0, 0, 0.8, 11], "texture": "#white_concrete"},
				"east": {"uv": [0, 0, 0.28, 11], "texture": "#white_concrete"},
				"south": {"uv": [0, 0, 0.8, 11], "texture": "#white_concrete"},
				"west": {"uv": [0, 0, 0.28, 11], "texture": "#white_concrete"},
				"up": {"uv": [0, 0, 0.8, 0.28], "texture": "#white_concrete"},
				"down": {"uv": [0, 0, 0.8, 0.28], "texture": "#white_concrete"}
			}
		},
		{
			"name": "White",
			"from": [8.578, -11.55, -2.04],
			"to": [8.988, 0.075, -1.76],
			"rotation": {"angle": 45, "axis": "y", "origin": [8, -4.55, 8]},
			"faces": {
				"north": {"uv": [0, 0, 0.41, 11], "texture": "#white_concrete"},
				"east": {"uv": [0, 0, 0.28, 11], "texture": "#white_concrete"},
				"south": {"uv": [0, 0, 0.41, 11], "texture": "#white_concrete"},
				"west": {"uv": [0, 0, 0.28, 11], "texture": "#white_concrete"},
				"up": {"uv": [0, 0, 0.41, 0.28], "texture": "#white_concrete"},
				"down": {"uv": [0, 0, 0.41, 0.28], "texture": "#white_concrete"}
			}
		},
		{
			"name": "White",
			"from": [-2.21, -11.55, 7.33],
			"to": [-1.41, 0.075, 7.61],
			"rotation": {"angle": -45, "axis": "y", "origin": [8, -4.55, 8]},
			"faces": {
				"north": {"uv": [0, 0, 0.8, 11], "texture": "#white_concrete"},
				"east": {"uv": [0, 0, 0.28, 11], "texture": "#white_concrete"},
				"south": {"uv": [0, 0, 0.8, 11], "texture": "#white_concrete"},
				"west": {"uv": [0, 0, 0.28, 11], "texture": "#white_concrete"},
				"up": {"uv": [0, 0, 0.8, 0.28], "texture": "#white_concrete"},
				"down": {"uv": [0, 0, 0.8, 0.28], "texture": "#white_concrete"}
			}
		},
		{
			"name": "White",
			"from": [-2.81, -11.55, 7.78],
			"to": [-2.01, 0.075, 8.06],
			"rotation": {"angle": -45, "axis": "y", "origin": [8, -4.55, 8]},
			"faces": {
				"north": {"uv": [0, 0, 0.8, 11], "texture": "#white_concrete"},
				"east": {"uv": [0, 0, 0.28, 11], "texture": "#white_concrete"},
				"south": {"uv": [0, 0, 0.8, 11], "texture": "#white_concrete"},
				"west": {"uv": [0, 0, 0.28, 11], "texture": "#white_concrete"},
				"up": {"uv": [0, 0, 0.8, 0.28], "texture": "#white_concrete"},
				"down": {"uv": [0, 0, 0.8, 0.28], "texture": "#white_concrete"}
			}
		},
		{
			"name": "White",
			"from": [0.51, -11, 0.15],
			"to": [1.6, -10.5, 1.15],
			"rotation": {"angle": 0, "axis": "y", "origin": [0, -12.55, 0]},
			"faces": {
				"north": {"uv": [0, 0, 1.09, 11], "texture": "#white_concrete"},
				"east": {"uv": [0, 0, 0.9, 11], "texture": "#white_concrete"},
				"south": {"uv": [0, 0, 1.09, 11], "texture": "#white_concrete"},
				"west": {"uv": [0, 0, 0.9, 11], "texture": "#white_concrete"},
				"up": {"uv": [0, 0, 0, 0], "texture": "#white_concrete"},
				"down": {"uv": [0, 0, 0, 0], "texture": "#white_concrete"}
			}
		},
		{
			"name": "White",
			"from": [0.51, -10.025, 0.15],
			"to": [1.6, -9.525, 1.15],
			"rotation": {"angle": 0, "axis": "y", "origin": [0, -12.55, 0]},
			"faces": {
				"north": {"uv": [0, 0, 1.09, 11], "texture": "#white_concrete"},
				"east": {"uv": [0, 0, 0.9, 11], "texture": "#white_concrete"},
				"south": {"uv": [0, 0, 1.09, 11], "texture": "#white_concrete"},
				"west": {"uv": [0, 0, 0.9, 11], "texture": "#white_concrete"},
				"up": {"uv": [0, 0, 0, 0], "texture": "#white_concrete"},
				"down": {"uv": [0, 0, 0, 0], "texture": "#white_concrete"}
			}
		},
		{
			"name": "White",
			"from": [0.51, -8.9, 0.15],
			"to": [1.6, -8.4, 1.15],
			"rotation": {"angle": 0, "axis": "y", "origin": [0, -12.55, 0]},
			"faces": {
				"north": {"uv": [0, 0, 1.09, 11], "texture": "#white_concrete"},
				"east": {"uv": [0, 0, 0.9, 11], "texture": "#white_concrete"},
				"south": {"uv": [0, 0, 1.09, 11], "texture": "#white_concrete"},
				"west": {"uv": [0, 0, 0.9, 11], "texture": "#white_concrete"},
				"up": {"uv": [0, 0, 0, 0], "texture": "#white_concrete"},
				"down": {"uv": [0, 0, 0, 0], "texture": "#white_concrete"}
			}
		},
		{
			"name": "White",
			"from": [0.51, -7.3, 0.15],
			"to": [1.6, -6.8, 1.15],
			"rotation": {"angle": 0, "axis": "y", "origin": [0, -12.55, 0]},
			"faces": {
				"north": {"uv": [0, 0, 1.09, 11], "texture": "#white_concrete"},
				"east": {"uv": [0, 0, 0.9, 11], "texture": "#white_concrete"},
				"south": {"uv": [0, 0, 1.09, 11], "texture": "#white_concrete"},
				"west": {"uv": [0, 0, 0.9, 11], "texture": "#white_concrete"},
				"up": {"uv": [0, 0, 0, 0], "texture": "#white_concrete"},
				"down": {"uv": [0, 0, 0, 0], "texture": "#white_concrete"}
			}
		},
		{
			"name": "White",
			"from": [0.51, -5.5, 0.15],
			"to": [1.6, -5, 1.15],
			"rotation": {"angle": 0, "axis": "y", "origin": [0, -12.55, 0]},
			"faces": {
				"north": {"uv": [0, 0, 1.09, 11], "texture": "#white_concrete"},
				"east": {"uv": [0, 0, 0.9, 11], "texture": "#white_concrete"},
				"south": {"uv": [0, 0, 1.09, 11], "texture": "#white_concrete"},
				"west": {"uv": [0, 0, 0.9, 11], "texture": "#white_concrete"},
				"up": {"uv": [0, 0, 0, 0], "texture": "#white_concrete"},
				"down": {"uv": [0, 0, 0, 0], "texture": "#white_concrete"}
			}
		},
		{
			"name": "White",
			"from": [0.51, -4.3, 0.15],
			"to": [1.6, -3.8, 1.15],
			"rotation": {"angle": 0, "axis": "y", "origin": [0, -12.55, 0]},
			"faces": {
				"north": {"uv": [0, 0, 1.09, 11], "texture": "#white_concrete"},
				"east": {"uv": [0, 0, 0.9, 11], "texture": "#white_concrete"},
				"south": {"uv": [0, 0, 1.09, 11], "texture": "#white_concrete"},
				"west": {"uv": [0, 0, 0.9, 11], "texture": "#white_concrete"},
				"up": {"uv": [0, 0, 0, 0], "texture": "#white_concrete"},
				"down": {"uv": [0, 0, 0, 0], "texture": "#white_concrete"}
			}
		},
		{
			"name": "White",
			"from": [0.51, -3.1, 0.15],
			"to": [1.6, -2.6, 1.15],
			"rotation": {"angle": 0, "axis": "y", "origin": [0, -12.55, 0]},
			"faces": {
				"north": {"uv": [0, 0, 1.09, 11], "texture": "#white_concrete"},
				"east": {"uv": [0, 0, 0.9, 11], "texture": "#white_concrete"},
				"south": {"uv": [0, 0, 1.09, 11], "texture": "#white_concrete"},
				"west": {"uv": [0, 0, 0.9, 11], "texture": "#white_concrete"},
				"up": {"uv": [0, 0, 0, 0], "texture": "#white_concrete"},
				"down": {"uv": [0, 0, 0, 0], "texture": "#white_concrete"}
			}
		},
		{
			"name": "White",
			"from": [0.51, -1.8, 0.15],
			"to": [1.6, -1.3, 1.15],
			"rotation": {"angle": 0, "axis": "y", "origin": [0, -12.55, 0]},
			"faces": {
				"north": {"uv": [0, 0, 1.09, 11], "texture": "#white_concrete"},
				"east": {"uv": [0, 0, 0.9, 11], "texture": "#white_concrete"},
				"south": {"uv": [0, 0, 1.09, 11], "texture": "#white_concrete"},
				"west": {"uv": [0, 0, 0.9, 11], "texture": "#white_concrete"},
				"up": {"uv": [0, 0, 0, 0], "texture": "#white_concrete"},
				"down": {"uv": [0, 0, 0, 0], "texture": "#white_concrete"}
			}
		},
		{
			"name": "White",
			"from": [0.51, -0.9, 0.15],
			"to": [1.6, -0.4, 1.15],
			"rotation": {"angle": 0, "axis": "y", "origin": [0, -12.55, 0]},
			"faces": {
				"north": {"uv": [0, 0, 1.09, 11], "texture": "#white_concrete"},
				"east": {"uv": [0, 0, 0.9, 11], "texture": "#white_concrete"},
				"south": {"uv": [0, 0, 1.09, 11], "texture": "#white_concrete"},
				"west": {"uv": [0, 0, 0.9, 11], "texture": "#white_concrete"},
				"up": {"uv": [0, 0, 0, 0], "texture": "#white_concrete"},
				"down": {"uv": [0, 0, 0, 0], "texture": "#white_concrete"}
			}
		},
		{
			"name": "White",
			"from": [0.51, -2.4, 0.15],
			"to": [1.6, -1.9, 1.15],
			"rotation": {"angle": 0, "axis": "y", "origin": [0, -12.55, 0]},
			"faces": {
				"north": {"uv": [0, 0, 1.09, 11], "texture": "#white_concrete"},
				"east": {"uv": [0, 0, 0.9, 11], "texture": "#white_concrete"},
				"south": {"uv": [0, 0, 1.09, 11], "texture": "#white_concrete"},
				"west": {"uv": [0, 0, 0.9, 11], "texture": "#white_concrete"},
				"up": {"uv": [0, 0, 0, 0], "texture": "#white_concrete"},
				"down": {"uv": [0, 0, 0, 0], "texture": "#white_concrete"}
			}
		},
		{
			"name": "White",
			"from": [0.51, -5, 0.15],
			"to": [1.6, -4.5, 1.15],
			"rotation": {"angle": 0, "axis": "y", "origin": [0, -12.55, 0]},
			"faces": {
				"north": {"uv": [0, 0, 1.09, 11], "texture": "#white_concrete"},
				"east": {"uv": [0, 0, 0.9, 11], "texture": "#white_concrete"},
				"south": {"uv": [0, 0, 1.09, 11], "texture": "#white_concrete"},
				"west": {"uv": [0, 0, 0.9, 11], "texture": "#white_concrete"},
				"up": {"uv": [0, 0, 0, 0], "texture": "#white_concrete"},
				"down": {"uv": [0, 0, 0, 0], "texture": "#white_concrete"}
			}
		},
		{
			"name": "White",
			"from": [0.51, -6.4, 0.15],
			"to": [1.6, -5.9, 1.15],
			"rotation": {"angle": 0, "axis": "y", "origin": [0, -12.55, 0]},
			"faces": {
				"north": {"uv": [0, 0, 1.09, 11], "texture": "#white_concrete"},
				"east": {"uv": [0, 0, 0.9, 11], "texture": "#white_concrete"},
				"south": {"uv": [0, 0, 1.09, 11], "texture": "#white_concrete"},
				"west": {"uv": [0, 0, 0.9, 11], "texture": "#white_concrete"},
				"up": {"uv": [0, 0, 0, 0], "texture": "#white_concrete"},
				"down": {"uv": [0, 0, 0, 0], "texture": "#white_concrete"}
			}
		},
		{
			"name": "White",
			"from": [0.51, -8.1, 0.15],
			"to": [1.6, -7.6, 1.15],
			"rotation": {"angle": 0, "axis": "y", "origin": [0, -12.55, 0]},
			"faces": {
				"north": {"uv": [0, 0, 1.09, 11], "texture": "#white_concrete"},
				"east": {"uv": [0, 0, 0.9, 11], "texture": "#white_concrete"},
				"south": {"uv": [0, 0, 1.09, 11], "texture": "#white_concrete"},
				"west": {"uv": [0, 0, 0.9, 11], "texture": "#white_concrete"},
				"up": {"uv": [0, 0, 0, 0], "texture": "#white_concrete"},
				"down": {"uv": [0, 0, 0, 0], "texture": "#white_concrete"}
			}
		},
		{
			"name": "White",
			"from": [0.51, -9.5, 0.15],
			"to": [1.6, -9, 1.15],
			"rotation": {"angle": 0, "axis": "y", "origin": [0, -12.55, 0]},
			"faces": {
				"north": {"uv": [0, 0, 1.09, 11], "texture": "#white_concrete"},
				"east": {"uv": [0, 0, 0.9, 11], "texture": "#white_concrete"},
				"south": {"uv": [0, 0, 1.09, 11], "texture": "#white_concrete"},
				"west": {"uv": [0, 0, 0.9, 11], "texture": "#white_concrete"},
				"up": {"uv": [0, 0, 0, 0], "texture": "#white_concrete"},
				"down": {"uv": [0, 0, 0, 0], "texture": "#white_concrete"}
			}
		},
		{
			"name": "White",
			"from": [8.603, -12, -2.04],
			"to": [9.063, -11, -1.735],
			"rotation": {"angle": 45, "axis": "y", "origin": [8, -4.5, 8]},
			"faces": {
				"north": {"uv": [0, 0, 0.41, 11], "texture": "#3"},
				"east": {"uv": [0, 0, 0.28, 11], "texture": "#3"},
				"south": {"uv": [0, 0, 0.41, 11], "texture": "#3"},
				"west": {"uv": [0, 0, 0.28, 11], "texture": "#3"},
				"up": {"uv": [0, 0, 0.41, 0.28], "texture": "#3"},
				"down": {"uv": [0, 0, 0.41, 0.28], "texture": "#3"}
			}
		},
		{
			"from": [0.475, -12, 0.165],
			"to": [1.65, -11, 1.135],
			"faces": {
				"north": {"uv": [0, 0, 1.175, 1], "texture": "#3"},
				"east": {"uv": [0, 0, 0.97, 1], "texture": "#3"},
				"south": {"uv": [0, 0, 1.175, 1], "texture": "#3"},
				"west": {"uv": [0, 0, 0.97, 1], "texture": "#3"},
				"up": {"uv": [0, 0, 1.175, 0.97], "texture": "#3"},
				"down": {"uv": [0, 0, 1.175, 0.97], "texture": "#3"}
			}
		},
		{
			"name": "White",
			"from": [-2.86, -12, 7.78],
			"to": [-2.06, -11, 8.06],
			"rotation": {"angle": -45, "axis": "y", "origin": [8, -4.5, 8]},
			"faces": {
				"north": {"uv": [0, 0, 0.8, 11], "texture": "#3"},
				"east": {"uv": [0, 0, 0.28, 11], "texture": "#3"},
				"south": {"uv": [0, 0, 0.8, 11], "texture": "#3"},
				"west": {"uv": [0, 0, 0.28, 11], "texture": "#3"},
				"up": {"uv": [0, 0, 0.8, 0.28], "texture": "#3"},
				"down": {"uv": [0, 0, 0.8, 0.28], "texture": "#3"}
			}
		},
		{
			"from": [0.275, -12, 0.365],
			"to": [1.875, -11, 0.935],
			"faces": {
				"north": {"uv": [0, 0, 1.6, 1], "texture": "#3"},
				"east": {"uv": [0, 0, 0.57, 1], "texture": "#3"},
				"south": {"uv": [0, 0, 1.6, 1], "texture": "#3"},
				"west": {"uv": [0, 0, 0.57, 1], "texture": "#3"},
				"up": {"uv": [0, 0, 1.6, 0.57], "texture": "#3"},
				"down": {"uv": [0, 0, 1.6, 0.57], "texture": "#3"}
			}
		},
		{
			"name": "White",
			"from": [7.53, -12, -2.46],
			"to": [8.33, -11, -2.18],
			"rotation": {"angle": 45, "axis": "y", "origin": [8, -4.5, 8]},
			"faces": {
				"north": {"uv": [0, 0, 0.8, 11], "texture": "#3"},
				"east": {"uv": [0, 0, 0.28, 11], "texture": "#3"},
				"south": {"uv": [0, 0, 0.8, 11], "texture": "#3"},
				"west": {"uv": [0, 0, 0.28, 11], "texture": "#3"},
				"up": {"uv": [0, 0, 0.8, 0.28], "texture": "#3"},
				"down": {"uv": [0, 0, 0.8, 0.28], "texture": "#3"}
			}
		},
		{
			"name": "White",
			"from": [1.08805, -12, 0.54852],
			"to": [1.91305, -11, 0.85352],
			"rotation": {"angle": -45, "axis": "y", "origin": [1.43805, -6, 0.68852]},
			"faces": {
				"north": {"uv": [0, 0, 0.8, 11], "texture": "#3"},
				"east": {"uv": [0, 0, 0.28, 11], "texture": "#3"},
				"south": {"uv": [0, 0, 0.8, 11], "texture": "#3"},
				"west": {"uv": [0, 0, 0.28, 11], "texture": "#3"},
				"up": {"uv": [0, 0, 0.8, 0.28], "texture": "#3"},
				"down": {"uv": [0, 0, 0.8, 0.28], "texture": "#3"}
			}
		},
		{
			"name": "Handle",
			"from": [1.9, 22.33, 0.55],
			"to": [2.17, 24.705, 0.71],
			"rotation": {"angle": 0, "axis": "y", "origin": [0.525, -12.55, 0]},
			"faces": {
				"north": {"uv": [0, 0, 0.27, 16], "texture": "#4"},
				"east": {"uv": [0, 0, 0.16, 16], "texture": "#4"},
				"south": {"uv": [0, 0, 0.27, 16], "texture": "#4"},
				"west": {"uv": [0, 0, 0, 0], "texture": "#4"},
				"up": {"uv": [0, 0, 0.27, 0.16], "texture": "#4"},
				"down": {"uv": [0, 0, 0, 0], "texture": "#4"}
			}
		},
		{
			"name": "Handle",
			"from": [10.535, 25.515, 0.55],
			"to": [10.785, 26.32, 0.71],
			"rotation": {"angle": 22.5, "axis": "z", "origin": [8.525, 3.45, 8]},
			"faces": {
				"north": {"uv": [0, 0, 0.25, 0.88], "texture": "#4"},
				"east": {"uv": [0, 0, 0.16, 0.88], "texture": "#4"},
				"south": {"uv": [0, 0, 0.25, 0.88], "texture": "#4"},
				"west": {"uv": [0, 0, 0.16, 0.88], "texture": "#4"},
				"up": {"uv": [0, 0, 0.25, 0.16], "texture": "#4"},
				"down": {"uv": [0, 0, 0.25, 0.16], "texture": "#4"}
			}
		},
		{
			"name": "Handle",
			"from": [19.123, 23.7, 0.55],
			"to": [19.363, 24.88, 0.71],
			"rotation": {"angle": 45, "axis": "z", "origin": [8.525, 3.45, 8]},
			"faces": {
				"north": {"uv": [0, 0, 0.24, 1.18], "texture": "#4"},
				"east": {"uv": [0, 0, 0.16, 1.18], "texture": "#4"},
				"south": {"uv": [0, 0, 0.24, 1.18], "texture": "#4"},
				"west": {"uv": [0, 0, 0.16, 1.18], "texture": "#4"},
				"up": {"uv": [0, 0, 0.24, 0.16], "texture": "#4"},
				"down": {"uv": [0, 0, 0.24, 0.16], "texture": "#4"}
			}
		},
		{
			"name": "Handle",
			"from": [0.273, 26.042, 0.55],
			"to": [1.033, 26.267, 0.71],
			"rotation": {"angle": 0, "axis": "y", "origin": [0.525, -4.55, 0]},
			"faces": {
				"north": {"uv": [0, 0, 0.26, 0.2], "texture": "#4"},
				"east": {"uv": [0, 0, 0.16, 0.2], "texture": "#4"},
				"south": {"uv": [0, 0, 0.26, 0.2], "texture": "#4"},
				"west": {"uv": [0, 0, 0.16, 0.2], "texture": "#4"},
				"up": {"uv": [0, 0, 0.26, 0.16], "texture": "#4"},
				"down": {"uv": [0, 0, 0.26, 0.16], "texture": "#4"}
			}
		}
	],
	"display": {
		"thirdperson_righthand": {
			"rotation": [0, 90, 0],
			"translation": [7.8, 8.45, -5],
			"scale": [1.075, 0.975, 1.075]
		},
		"thirdperson_lefthand": {
			"rotation": [0, -90, 0],
			"translation": [-7.5, 8.5, -5.5]
		},
		"firstperson_righthand": {
			"rotation": [0, 108, 0],
			"translation": [0.7, 8.5, -1.5],
			"scale": [0.5, 0.7, 0.5]
		},
		"firstperson_lefthand": {
			"rotation": [0, -85, 0],
			"translation": [-4.5, 8.5, -0.5],
			"scale": [0.5, 0.7, 0.5]
		},
		"ground": {
			"rotation": [-180, 0, 0],
			"translation": [7.5, -5.25, -7.5]
		},
		"gui": {
			"rotation": [2.39, 7.21, -43.92],
			"translation": [4, -2.5, -0.1],
			"scale": [0.62, 0.62, 0.62]
		},
		"head": {
			"rotation": [0, 180, 0]
		},
		"fixed": {
			"rotation": [-180, 0, 90],
			"translation": [5.75, -28.75, -32],
			"scale": [4, 4, 4]
		}
	},
	"groups": [
		{
			"name": "Blade most",
			"origin": [0, 0, 0],
			"color": 0,
			"children": [
				0,
				1,
				{
					"name": "group",
					"origin": [1.24963, 3.80327, 0.63],
					"color": 0,
					"children": [2, 3, 4, 5, 6, 7, 8, 9, 10, 11, 12, 13, 14, 15, 16, 17, 18, 19, 20, 21, 22, 23, 24, 25, 26, 27, 28, 29, 30, 31, 32, 33, 34, 35, 36, 37, 38, 39, 40, 41, 42, 43, 44, 45, 46, 47, 48, 49, 50, 51, 52, 53, 54, 55, 56, 57, 58, 59, 60, 61, 62, 63, 64, 65, 66, 67, 68]
				},
				69,
				{
					"name": "grip",
					"origin": [1.5875, 0.63, 0.63],
					"color": 0,
					"children": []
				},
				{
					"name": "grip",
					"origin": [1.5875, 0.63, 0.63],
					"color": 0,
					"children": []
				},
				70,
				71,
				72,
				73,
				74,
				75,
				76,
				77,
				78
			]
		},
		{
			"name": "Thing to blade to handle",
			"origin": [8, 8, 8],
			"color": 0,
			"children": [79, 80, 81, 82, 83]
		},
		{
			"name": "Handle",
			"origin": [8, 8, 8],
			"color": 0,
			"children": [84, 85, 86, 87, 88, 89, 90, 91, 92, 93, 94, 95, 96, 97]
		},
		{
			"name": "the nichirin",
			"origin": [8, 8, 8],
			"color": 0,
			"children": [
				{
					"name": "botton",
					"origin": [0, -12.5, 0],
					"color": 0,
					"children": [98, 99, 100, 101, 102, 103]
				}
			]
		},
		{
			"name": "Blade edge",
			"origin": [0, -4.55, 0],
			"color": 0,
			"children": [104, 105, 106, 107]
		}
	]
}