{
	"credit": "Made with Blockbench",
	"textures": {
		"4": "blocks/red_concrete",
		"particle": "blocks/red_concrete",
		"gray_concrete": "blocks/gray_concrete",
		"black_concrete": "blocks/black_concrete",
		"white_concrete": "blocks/white_concrete"
	},
	"elements": [
		{
			"name": "White",
			"from": [0.51, -11.55, 0.2],
			"to": [1.6, -0.55, 1.1],
			"rotation": {"angle": 0, "axis": "y", "origin": [0, -12.55, 0]},
			"faces": {
				"north": {"uv": [0, 0, 1.09, 11], "texture": "#black_concrete"},
				"east": {"uv": [0, 0, 0.9, 11], "texture": "#black_concrete"},
				"south": {"uv": [0, 0, 1.09, 11], "texture": "#black_concrete"},
				"west": {"uv": [0, 0, 0.9, 11], "texture": "#black_concrete"},
				"up": {"uv": [0, 0, 0, 0], "texture": "#black_concrete"},
				"down": {"uv": [0, 0, 0, 0], "texture": "#black_concrete"}
			}
		},
		{
			"name": "Handle",
			"from": [0.18, -0.07, 0.49],
			"to": [1.695, 0.43, 0.77],
			"rotation": {"angle": 0, "axis": "y", "origin": [0, -12.55, 0]},
			"faces": {
				"north": {"uv": [0, 0, 1.59, 0.5], "texture": "#white_concrete"},
				"east": {"uv": [0, 0, 0.28, 0.5], "texture": "#white_concrete"},
				"south": {"uv": [0, 0, 1.59, 0.5], "texture": "#white_concrete"},
				"west": {"uv": [0, 0, 0.28, 0.5], "texture": "#white_concrete"},
				"up": {"uv": [0, 0, 1.59, 0.28], "texture": "#white_concrete"},
				"down": {"uv": [0, 0, 0, 0], "texture": "#white_concrete"}
			}
		},
		{
			"name": "Handle",
			"from": [0.25, 0.38, 0.54],
			"to": [1.4, 24.63, 0.72],
			"rotation": {"angle": 0, "axis": "y", "origin": [0, -4.55, 0]},
			"faces": {
				"north": {"uv": [0, 0, 1.15, 16], "texture": "#black_concrete"},
				"east": {"uv": [0, 0, 0.18, 16], "texture": "#black_concrete"},
				"south": {"uv": [0, 0, 1.15, 16], "texture": "#black_concrete"},
				"west": {"uv": [0, 0, 0.18, 16], "texture": "#black_concrete"},
				"up": {"uv": [0, 0, 1.15, 0.18], "texture": "#black_concrete"},
				"down": {"uv": [0, 0, 0, 0], "texture": "#black_concrete"}
			}
		},
		{
			"name": "Handle",
			"from": [1.375, 0.33, 0.55],
			"to": [1.645, 24.705, 0.71],
			"rotation": {"angle": 0, "axis": "y", "origin": [0, -12.55, 0]},
			"faces": {
				"north": {"uv": [0, 0, 0.27, 16], "texture": "#gray_concrete"},
				"east": {"uv": [0, 0, 0.16, 16], "texture": "#gray_concrete"},
				"south": {"uv": [0, 0, 0.27, 16], "texture": "#gray_concrete"},
				"west": {"uv": [0, 0, 0, 0], "texture": "#gray_concrete"},
				"up": {"uv": [0, 0, 0.27, 0.16], "texture": "#gray_concrete"},
				"down": {"uv": [0, 0, 0, 0], "texture": "#gray_concrete"}
			}
		},
		{
			"name": "Handle",
			"from": [10.01, 25.515, 0.55],
			"to": [10.26, 26.32, 0.71],
			"rotation": {"angle": 22.5, "axis": "z", "origin": [8, 3.45, 8]},
			"faces": {
				"north": {"uv": [0, 0, 0.25, 0.88], "texture": "#gray_concrete"},
				"east": {"uv": [0, 0, 0.16, 0.88], "texture": "#gray_concrete"},
				"south": {"uv": [0, 0, 0.25, 0.88], "texture": "#gray_concrete"},
				"west": {"uv": [0, 0, 0.16, 0.88], "texture": "#gray_concrete"},
				"up": {"uv": [0, 0, 0.25, 0.16], "texture": "#gray_concrete"},
				"down": {"uv": [0, 0, 0.25, 0.16], "texture": "#gray_concrete"}
			}
		},
		{
			"name": "Handle",
			"from": [18.598, 23.7, 0.55],
			"to": [18.838, 24.88, 0.71],
			"rotation": {"angle": 45, "axis": "z", "origin": [8, 3.45, 8]},
			"faces": {
				"north": {"uv": [0, 0, 0.24, 1.18], "texture": "#gray_concrete"},
				"east": {"uv": [0, 0, 0.16, 1.18], "texture": "#gray_concrete"},
				"south": {"uv": [0, 0, 0.24, 1.18], "texture": "#gray_concrete"},
				"west": {"uv": [0, 0, 0.16, 1.18], "texture": "#gray_concrete"},
				"up": {"uv": [0, 0, 0.24, 0.16], "texture": "#gray_concrete"},
				"down": {"uv": [0, 0, 0.24, 0.16], "texture": "#gray_concrete"}
			}
		},
		{
			"name": "Handle",
			"from": [0.25, 24.62, 0.54],
			"to": [1.16, 25.22, 0.72],
			"rotation": {"angle": 0, "axis": "y", "origin": [0, -4.55, 0]},
			"faces": {
				"north": {"uv": [0, 0, 0.91, 0.6], "texture": "#black_concrete"},
				"east": {"uv": [0, 0, 0.18, 0.6], "texture": "#black_concrete"},
				"south": {"uv": [0, 0, 0.91, 0.6], "texture": "#black_concrete"},
				"west": {"uv": [0, 0, 0.18, 0.6], "texture": "#black_concrete"},
				"up": {"uv": [0, 0, 0.91, 0.18], "texture": "#black_concrete"},
				"down": {"uv": [0, 0, 0, 0], "texture": "#black_concrete"}
			}
		},
		{
			"name": "Handle",
			"from": [9.086, 25.54, 0.54],
			"to": [10.009, 26.29, 0.72],
			"rotation": {"angle": 22.5, "axis": "z", "origin": [8, 3.45, 8]},
			"faces": {
				"north": {"uv": [0, 0, 0.923, 0.75], "texture": "#black_concrete"},
				"east": {"uv": [0, 0, 0.18, 0.75], "texture": "#black_concrete"},
				"south": {"uv": [0, 0, 0.923, 0.75], "texture": "#black_concrete"},
				"west": {"uv": [0, 0, 0.18, 0.75], "texture": "#black_concrete"},
				"up": {"uv": [0, 0, 0.923, 0.18], "texture": "#black_concrete"},
				"down": {"uv": [0, 0, 0.923, 0.18], "texture": "#black_concrete"}
			}
		},
		{
			"name": "Handle",
			"from": [18.076, 23.78, 0.54],
			"to": [18.599, 24.42, 0.72],
			"rotation": {"angle": 45, "axis": "z", "origin": [8, 3.45, 8]},
			"faces": {
				"north": {"uv": [0, 0, 0.523, 0.64], "texture": "#black_concrete"},
				"east": {"uv": [0, 0, 0.18, 0.64], "texture": "#black_concrete"},
				"south": {"uv": [0, 0, 0.523, 0.64], "texture": "#black_concrete"},
				"west": {"uv": [0, 0, 0.18, 0.64], "texture": "#black_concrete"},
				"up": {"uv": [0, 0, 0.523, 0.18], "texture": "#black_concrete"},
				"down": {"uv": [0, 0, 0.523, 0.18], "texture": "#black_concrete"}
			}
		},
		{
			"name": "Handle",
			"from": [0.25, 25.17, 0.54],
			"to": [0.66, 25.77, 0.72],
			"rotation": {"angle": 0, "axis": "y", "origin": [0, -4.55, 0]},
			"faces": {
				"north": {"uv": [0, 0, 0.41, 0.6], "texture": "#black_concrete"},
				"east": {"uv": [0, 0, 0.18, 0.6], "texture": "#black_concrete"},
				"south": {"uv": [0, 0, 0.41, 0.6], "texture": "#black_concrete"},
				"west": {"uv": [0, 0, 0.18, 0.6], "texture": "#black_concrete"},
				"up": {"uv": [0, 0, 0.41, 0.18], "texture": "#black_concrete"},
				"down": {"uv": [0, 0, 0, 0], "texture": "#black_concrete"}
			}
		},
		{
			"name": "Handle",
			"from": [0.248, 26.067, 0.55],
			"to": [0.508, 26.267, 0.71],
			"rotation": {"angle": 0, "axis": "y", "origin": [0, -4.55, 0]},
			"faces": {
				"north": {"uv": [0, 0, 0.26, 0.2], "texture": "#gray_concrete"},
				"east": {"uv": [0, 0, 0.16, 0.2], "texture": "#gray_concrete"},
				"south": {"uv": [0, 0, 0.26, 0.2], "texture": "#gray_concrete"},
				"west": {"uv": [0, 0, 0.16, 0.2], "texture": "#gray_concrete"},
				"up": {"uv": [0, 0, 0.26, 0.16], "texture": "#gray_concrete"},
				"down": {"uv": [0, 0, 0.26, 0.16], "texture": "#gray_concrete"}
			}
		},
		{
			"name": "Handle",
			"from": [0.25, 25.767, 0.54],
			"to": [0.51, 25.927, 0.72],
			"rotation": {"angle": 0, "axis": "y", "origin": [0, -4.55, 0]},
			"faces": {
				"north": {"uv": [0, 0, 0.26, 0.16], "texture": "#black_concrete"},
				"east": {"uv": [0, 0, 0.18, 0.16], "texture": "#black_concrete"},
				"south": {"uv": [0, 0, 0.26, 0.16], "texture": "#black_concrete"},
				"west": {"uv": [0, 0, 0.18, 0.16], "texture": "#black_concrete"},
				"up": {"uv": [0, 0, 0.26, 0.18], "texture": "#black_concrete"},
				"down": {"uv": [0, 0, 0, 0], "texture": "#black_concrete"}
			}
		},
		{
			"name": "Handle",
			"from": [18.43, 24.397, 0.54],
			"to": [18.6, 24.837, 0.72],
			"rotation": {"angle": 45, "axis": "z", "origin": [8, 3.45, 8]},
			"faces": {
				"north": {"uv": [0, 0, 0.17, 0.44], "texture": "#black_concrete"},
				"east": {"uv": [0, 0, 0.18, 0.44], "texture": "#black_concrete"},
				"south": {"uv": [0, 0, 0.17, 0.44], "texture": "#black_concrete"},
				"west": {"uv": [0, 0, 0.18, 0.44], "texture": "#black_concrete"},
				"up": {"uv": [0, 0, 0.17, 0.18], "texture": "#black_concrete"},
				"down": {"uv": [0, 0, 0.17, 0.18], "texture": "#black_concrete"}
			}
		},
		{
			"name": "Handle",
			"from": [0.25, 25.907, 0.54],
			"to": [0.37, 26.067, 0.72],
			"rotation": {"angle": 0, "axis": "y", "origin": [0, -4.55, 0]},
			"faces": {
				"north": {"uv": [0, 0, 0.12, 0.16], "texture": "#black_concrete"},
				"east": {"uv": [0, 0, 0.18, 0.16], "texture": "#black_concrete"},
				"south": {"uv": [0, 0, 0.12, 0.16], "texture": "#black_concrete"},
				"west": {"uv": [0, 0, 0.18, 0.16], "texture": "#black_concrete"},
				"up": {"uv": [0, 0, 0.12, 0.18], "texture": "#black_concrete"},
				"down": {"uv": [0, 0, 0, 0], "texture": "#black_concrete"}
			}
		},
		{
			"name": "Handle",
			"from": [8.34, -0.55, -1.61],
			"to": [9.04, -0.05, -0.71],
			"rotation": {"angle": 45, "axis": "y", "origin": [8, -4.55, 8]},
			"faces": {
				"north": {"uv": [0, 0, 0.7, 0.5], "texture": "#black_concrete"},
				"east": {"uv": [0, 0, 0.9, 0.5], "texture": "#black_concrete"},
				"south": {"uv": [0, 0, 0.7, 0.5], "texture": "#black_concrete"},
				"west": {"uv": [0, 0, 0.9, 0.5], "texture": "#black_concrete"},
				"up": {"uv": [0, 0, 3.19, 0.9], "texture": "#black_concrete"},
				"down": {"uv": [0, 0, 3.19, 0.9], "texture": "#black_concrete"}
			}
		},
		{
			"name": "White",
			"from": [8.603, -12, -2.04],
			"to": [9.063, -11, -1.735],
			"rotation": {"angle": 45, "axis": "y", "origin": [8, -4.5, 8]},
			"faces": {
				"north": {"uv": [0, 0, 0.41, 11], "texture": "#white_concrete"},
				"east": {"uv": [0, 0, 0.28, 11], "texture": "#white_concrete"},
				"south": {"uv": [0, 0, 0.41, 11], "texture": "#white_concrete"},
				"west": {"uv": [0, 0, 0.28, 11], "texture": "#white_concrete"},
				"up": {"uv": [0, 0, 0.41, 0.28], "texture": "#white_concrete"},
				"down": {"uv": [0, 0, 0.41, 0.28], "texture": "#white_concrete"}
			}
		},
		{
			"from": [0.475, -12, 0.165],
			"to": [1.65, -11, 1.135],
			"faces": {
				"north": {"uv": [0, 0, 1.175, 1], "texture": "#white_concrete"},
				"east": {"uv": [0, 0, 0.97, 1], "texture": "#white_concrete"},
				"south": {"uv": [0, 0, 1.175, 1], "texture": "#white_concrete"},
				"west": {"uv": [0, 0, 0.97, 1], "texture": "#white_concrete"},
				"up": {"uv": [0, 0, 1.175, 0.97], "texture": "#white_concrete"},
				"down": {"uv": [0, 0, 1.175, 0.97], "texture": "#white_concrete"}
			}
		},
		{
			"name": "White",
			"from": [-2.86, -12, 7.78],
			"to": [-2.06, -11, 8.06],
			"rotation": {"angle": -45, "axis": "y", "origin": [8, -4.5, 8]},
			"faces": {
				"north": {"uv": [0, 0, 0.8, 11], "texture": "#white_concrete"},
				"east": {"uv": [0, 0, 0.28, 11], "texture": "#white_concrete"},
				"south": {"uv": [0, 0, 0.8, 11], "texture": "#white_concrete"},
				"west": {"uv": [0, 0, 0.28, 11], "texture": "#white_concrete"},
				"up": {"uv": [0, 0, 0.8, 0.28], "texture": "#white_concrete"},
				"down": {"uv": [0, 0, 0.8, 0.28], "texture": "#white_concrete"}
			}
		},
		{
			"from": [0.275, -12, 0.365],
			"to": [1.875, -11, 0.935],
			"faces": {
				"north": {"uv": [0, 0, 1.6, 1], "texture": "#white_concrete"},
				"east": {"uv": [0, 0, 0.57, 1], "texture": "#white_concrete"},
				"south": {"uv": [0, 0, 1.6, 1], "texture": "#white_concrete"},
				"west": {"uv": [0, 0, 0.57, 1], "texture": "#white_concrete"},
				"up": {"uv": [0, 0, 1.6, 0.57], "texture": "#white_concrete"},
				"down": {"uv": [0, 0, 1.6, 0.57], "texture": "#white_concrete"}
			}
		},
		{
			"name": "White",
			"from": [7.53, -12, -2.46],
			"to": [8.33, -11, -2.18],
			"rotation": {"angle": 45, "axis": "y", "origin": [8, -4.5, 8]},
			"faces": {
				"north": {"uv": [0, 0, 0.8, 11], "texture": "#white_concrete"},
				"east": {"uv": [0, 0, 0.28, 11], "texture": "#white_concrete"},
				"south": {"uv": [0, 0, 0.8, 11], "texture": "#white_concrete"},
				"west": {"uv": [0, 0, 0.28, 11], "texture": "#white_concrete"},
				"up": {"uv": [0, 0, 0.8, 0.28], "texture": "#white_concrete"},
				"down": {"uv": [0, 0, 0.8, 0.28], "texture": "#white_concrete"}
			}
		},
		{
			"name": "White",
			"from": [1.08805, -12, 0.54852],
			"to": [1.91305, -11, 0.85352],
			"rotation": {"angle": -45, "axis": "y", "origin": [1.43805, -6, 0.68852]},
			"faces": {
				"north": {"uv": [0, 0, 0.8, 11], "texture": "#white_concrete"},
				"east": {"uv": [0, 0, 0.28, 11], "texture": "#white_concrete"},
				"south": {"uv": [0, 0, 0.8, 11], "texture": "#white_concrete"},
				"west": {"uv": [0, 0, 0.28, 11], "texture": "#white_concrete"},
				"up": {"uv": [0, 0, 0.8, 0.28], "texture": "#white_concrete"},
				"down": {"uv": [0, 0, 0.8, 0.28], "texture": "#white_concrete"}
			}
		},
		{
			"name": "White",
			"from": [0.31, -11.55, 0.4],
			"to": [1.8, -0.55, 0.9],
			"rotation": {"angle": 0, "axis": "y", "origin": [0, -12.55, 0]},
			"faces": {
				"north": {"uv": [0, 0, 1.49, 11], "texture": "#black_concrete"},
				"east": {"uv": [0, 0, 0.5, 11], "texture": "#black_concrete"},
				"south": {"uv": [0, 0, 1.49, 11], "texture": "#black_concrete"},
				"west": {"uv": [0, 0, 0.5, 11], "texture": "#black_concrete"},
				"up": {"uv": [0, 0, 0, 0], "texture": "#black_concrete"},
				"down": {"uv": [0, 0, 0, 0], "texture": "#black_concrete"}
			}
		},
		{
			"name": "White",
			"from": [7.58, -11.55, -2.46],
			"to": [8.38, -0.55, -2.18],
			"rotation": {"angle": 45, "axis": "y", "origin": [8, -4.55, 8]},
			"faces": {
				"north": {"uv": [0, 0, 0.8, 11], "texture": "#black_concrete"},
				"east": {"uv": [0, 0, 0.28, 11], "texture": "#black_concrete"},
				"south": {"uv": [0, 0, 0.8, 11], "texture": "#black_concrete"},
				"west": {"uv": [0, 0, 0.28, 11], "texture": "#black_concrete"},
				"up": {"uv": [0, 0, 0.8, 0.28], "texture": "#black_concrete"},
				"down": {"uv": [0, 0, 0.8, 0.28], "texture": "#black_concrete"}
			}
		},
		{
			"name": "White",
			"from": [8.578, -11.55, -2.04],
			"to": [8.988, -0.55, -1.76],
			"rotation": {"angle": 45, "axis": "y", "origin": [8, -4.55, 8]},
			"faces": {
				"north": {"uv": [0, 0, 0.41, 11], "texture": "#black_concrete"},
				"east": {"uv": [0, 0, 0.28, 11], "texture": "#black_concrete"},
				"south": {"uv": [0, 0, 0.41, 11], "texture": "#black_concrete"},
				"west": {"uv": [0, 0, 0.28, 11], "texture": "#black_concrete"},
				"up": {"uv": [0, 0, 0.41, 0.28], "texture": "#black_concrete"},
				"down": {"uv": [0, 0, 0.41, 0.28], "texture": "#black_concrete"}
			}
		},
		{
			"name": "White",
			"from": [-2.21, -11.55, 7.33],
			"to": [-1.41, -0.55, 7.61],
			"rotation": {"angle": -45, "axis": "y", "origin": [8, -4.55, 8]},
			"faces": {
				"north": {"uv": [0, 0, 0.8, 11], "texture": "#black_concrete"},
				"east": {"uv": [0, 0, 0.28, 11], "texture": "#black_concrete"},
				"south": {"uv": [0, 0, 0.8, 11], "texture": "#black_concrete"},
				"west": {"uv": [0, 0, 0.28, 11], "texture": "#black_concrete"},
				"up": {"uv": [0, 0, 0.8, 0.28], "texture": "#black_concrete"},
				"down": {"uv": [0, 0, 0.8, 0.28], "texture": "#black_concrete"}
			}
		},
		{
			"name": "White",
			"from": [-2.81, -11.55, 7.78],
			"to": [-2.01, -0.55, 8.06],
			"rotation": {"angle": -45, "axis": "y", "origin": [8, -4.55, 8]},
			"faces": {
				"north": {"uv": [0, 0, 0.8, 11], "texture": "#black_concrete"},
				"east": {"uv": [0, 0, 0.28, 11], "texture": "#black_concrete"},
				"south": {"uv": [0, 0, 0.8, 11], "texture": "#black_concrete"},
				"west": {"uv": [0, 0, 0.28, 11], "texture": "#black_concrete"},
				"up": {"uv": [0, 0, 0.8, 0.28], "texture": "#black_concrete"},
				"down": {"uv": [0, 0, 0.8, 0.28], "texture": "#black_concrete"}
			}
		},
		{
			"name": "Yellow",
			"from": [0.62, -11.075, 0.14],
			"to": [1.42, -10.775, 1.16],
			"rotation": {"angle": 0, "axis": "y", "origin": [0, -12.55, 0]},
			"faces": {
				"north": {"uv": [0, 0, 0.8, 0.3], "texture": "#4"},
				"east": {"uv": [0, 0, 0.92, 0.3], "texture": "#4"},
				"south": {"uv": [0, 0, 0.8, 0.3], "texture": "#4"},
				"west": {"uv": [0, 0, 0.92, 0.3], "texture": "#4"},
				"up": {"uv": [0, 0, 0.8, 0.92], "texture": "#4"},
				"down": {"uv": [0, 0, 0.8, 0.92], "texture": "#4"}
			}
		},
		{
			"name": "Yellow",
			"from": [0.62, -10.075, 0.14],
			"to": [1.42, -9.775, 1.16],
			"rotation": {"angle": 0, "axis": "y", "origin": [0, -12.55, 0]},
			"faces": {
				"north": {"uv": [0, 0, 0.8, 0.3], "texture": "#4"},
				"east": {"uv": [0, 0, 0.92, 0.3], "texture": "#4"},
				"south": {"uv": [0, 0, 0.8, 0.3], "texture": "#4"},
				"west": {"uv": [0, 0, 0.92, 0.3], "texture": "#4"},
				"up": {"uv": [0, 0, 0.8, 0.92], "texture": "#4"},
				"down": {"uv": [0, 0, 0.8, 0.92], "texture": "#4"}
			}
		},
		{
			"name": "Yellow",
			"from": [0.62, -9.075, 0.14],
			"to": [1.42, -8.775, 1.16],
			"rotation": {"angle": 0, "axis": "y", "origin": [0, -12.55, 0]},
			"faces": {
				"north": {"uv": [0, 0, 0.8, 0.3], "texture": "#4"},
				"east": {"uv": [0, 0, 0.92, 0.3], "texture": "#4"},
				"south": {"uv": [0, 0, 0.8, 0.3], "texture": "#4"},
				"west": {"uv": [0, 0, 0.92, 0.3], "texture": "#4"},
				"up": {"uv": [0, 0, 0.8, 0.92], "texture": "#4"},
				"down": {"uv": [0, 0, 0.8, 0.92], "texture": "#4"}
			}
		},
		{
			"name": "Yellow",
			"from": [0.62, -8.075, 0.14],
			"to": [1.42, -7.775, 1.16],
			"rotation": {"angle": 0, "axis": "y", "origin": [0, -12.55, 0]},
			"faces": {
				"north": {"uv": [0, 0, 0.8, 0.3], "texture": "#4"},
				"east": {"uv": [0, 0, 0.92, 0.3], "texture": "#4"},
				"south": {"uv": [0, 0, 0.8, 0.3], "texture": "#4"},
				"west": {"uv": [0, 0, 0.92, 0.3], "texture": "#4"},
				"up": {"uv": [0, 0, 0.8, 0.92], "texture": "#4"},
				"down": {"uv": [0, 0, 0.8, 0.92], "texture": "#4"}
			}
		},
		{
			"name": "Yellow",
			"from": [0.62, -7.075, 0.14],
			"to": [1.42, -6.775, 1.16],
			"rotation": {"angle": 0, "axis": "y", "origin": [0, -12.55, 0]},
			"faces": {
				"north": {"uv": [0, 0, 0.8, 0.3], "texture": "#4"},
				"east": {"uv": [0, 0, 0.92, 0.3], "texture": "#4"},
				"south": {"uv": [0, 0, 0.8, 0.3], "texture": "#4"},
				"west": {"uv": [0, 0, 0.92, 0.3], "texture": "#4"},
				"up": {"uv": [0, 0, 0.8, 0.92], "texture": "#4"},
				"down": {"uv": [0, 0, 0.8, 0.92], "texture": "#4"}
			}
		},
		{
			"name": "Yellow",
			"from": [0.62, -3.75, 0.14],
			"to": [1.42, -3.45, 1.16],
			"rotation": {"angle": 0, "axis": "y", "origin": [0, -12.55, 0]},
			"faces": {
				"north": {"uv": [0, 0, 0.8, 0.3], "texture": "#4"},
				"east": {"uv": [0, 0, 0.92, 0.3], "texture": "#4"},
				"south": {"uv": [0, 0, 0.8, 0.3], "texture": "#4"},
				"west": {"uv": [0, 0, 0.92, 0.3], "texture": "#4"},
				"up": {"uv": [0, 0, 0.8, 0.92], "texture": "#4"},
				"down": {"uv": [0, 0, 0.8, 0.92], "texture": "#4"}
			}
		},
		{
			"name": "Yellow",
			"from": [0.62, -2.75, 0.14],
			"to": [1.42, -2.45, 1.16],
			"rotation": {"angle": 0, "axis": "y", "origin": [0, -12.55, 0]},
			"faces": {
				"north": {"uv": [0, 0, 0.8, 0.3], "texture": "#4"},
				"east": {"uv": [0, 0, 0.92, 0.3], "texture": "#4"},
				"south": {"uv": [0, 0, 0.8, 0.3], "texture": "#4"},
				"west": {"uv": [0, 0, 0.92, 0.3], "texture": "#4"},
				"up": {"uv": [0, 0, 0.8, 0.92], "texture": "#4"},
				"down": {"uv": [0, 0, 0.8, 0.92], "texture": "#4"}
			}
		},
		{
			"name": "Yellow",
			"from": [0.62, -1.75, 0.14],
			"to": [1.42, -1.45, 1.16],
			"rotation": {"angle": 0, "axis": "y", "origin": [0, -12.55, 0]},
			"faces": {
				"north": {"uv": [0, 0, 0.8, 0.3], "texture": "#4"},
				"east": {"uv": [0, 0, 0.92, 0.3], "texture": "#4"},
				"south": {"uv": [0, 0, 0.8, 0.3], "texture": "#4"},
				"west": {"uv": [0, 0, 0.92, 0.3], "texture": "#4"},
				"up": {"uv": [0, 0, 0.8, 0.92], "texture": "#4"},
				"down": {"uv": [0, 0, 0.8, 0.92], "texture": "#4"}
			}
		},
		{
			"name": "Yellow",
			"from": [0.62, -0.95, 0.14],
			"to": [1.42, -0.65, 1.16],
			"rotation": {"angle": 0, "axis": "y", "origin": [0, -12.55, 0]},
			"faces": {
				"north": {"uv": [0, 0, 0.8, 0.3], "texture": "#4"},
				"east": {"uv": [0, 0, 0.92, 0.3], "texture": "#4"},
				"south": {"uv": [0, 0, 0.8, 0.3], "texture": "#4"},
				"west": {"uv": [0, 0, 0.92, 0.3], "texture": "#4"},
				"up": {"uv": [0, 0, 0.8, 0.92], "texture": "#4"},
				"down": {"uv": [0, 0, 0.8, 0.92], "texture": "#4"}
			}
		},
		{
			"name": "Handle",
			"from": [-0.61, -0.55, 0.2],
			"to": [2.6, -0.05, 1.1],
			"rotation": {"angle": 0, "axis": "y", "origin": [0, -12.55, 0]},
			"faces": {
				"north": {"uv": [0, 0, 3.21, 0.5], "texture": "#black_concrete"},
				"east": {"uv": [0, 0, 0.9, 0.5], "texture": "#black_concrete"},
				"south": {"uv": [0, 0, 3.21, 0.5], "texture": "#black_concrete"},
				"west": {"uv": [0, 0, 0.9, 0.5], "texture": "#black_concrete"},
				"up": {"uv": [0, 0, 3.19, 0.9], "texture": "#black_concrete"},
				"down": {"uv": [0, 0, 3.19, 0.9], "texture": "#black_concrete"}
			}
		},
		{
			"name": "Handle",
			"from": [4.29, -0.55, -1.07],
			"to": [4.98, -0.05, -0.17],
			"rotation": {"angle": 22.5, "axis": "y", "origin": [8, -4.55, 8]},
			"faces": {
				"north": {"uv": [0, 0, 0.69, 0.5], "texture": "#black_concrete"},
				"east": {"uv": [0, 0, 0.9, 0.5], "texture": "#black_concrete"},
				"south": {"uv": [0, 0, 0.69, 0.5], "texture": "#black_concrete"},
				"west": {"uv": [0, 0, 0.9, 0.5], "texture": "#black_concrete"},
				"up": {"uv": [0, 0, 3.19, 0.9], "texture": "#black_concrete"},
				"down": {"uv": [0, 0, 3.19, 0.9], "texture": "#black_concrete"}
			}
		},
		{
			"name": "Handle",
			"from": [0.54, -0.55, -0.58],
			"to": [1.44, -0.05, 1.88],
			"rotation": {"angle": 0, "axis": "y", "origin": [0, -12.55, 0]},
			"faces": {
				"north": {"uv": [0, 0, 0.9, 0.5], "texture": "#black_concrete"},
				"east": {"uv": [0, 0, 0.9, 0.5], "texture": "#black_concrete"},
				"south": {"uv": [0, 0, 0.9, 0.5], "texture": "#black_concrete"},
				"west": {"uv": [0, 0, 0.9, 0.5], "texture": "#black_concrete"},
				"up": {"uv": [0, 0, 3.19, 0.9], "texture": "#black_concrete"},
				"down": {"uv": [0, 0, 3.19, 0.9], "texture": "#black_concrete"}
			}
		},
		{
			"name": "Handle",
			"from": [-2.96, -0.55, 8.3],
			"to": [-2.26, -0.05, 9.22],
			"rotation": {"angle": -45, "axis": "y", "origin": [8, -4.55, 8]},
			"faces": {
				"north": {"uv": [0, 0, 0.7, 0.5], "texture": "#black_concrete"},
				"east": {"uv": [0, 0, 0.9, 0.5], "texture": "#black_concrete"},
				"south": {"uv": [0, 0, 0.7, 0.5], "texture": "#black_concrete"},
				"west": {"uv": [0, 0, 0.9, 0.5], "texture": "#black_concrete"},
				"up": {"uv": [0, 0, 3.19, 0.9], "texture": "#black_concrete"},
				"down": {"uv": [0, 0, 3.19, 0.9], "texture": "#black_concrete"}
			}
		},
		{
			"name": "Handle",
			"from": [-1.96, -0.55, 4.27],
			"to": [-1.26, -0.05, 5.2],
			"rotation": {"angle": -22.5, "axis": "y", "origin": [8, -4.55, 8]},
			"faces": {
				"north": {"uv": [0, 0, 0.7, 0.5], "texture": "#black_concrete"},
				"east": {"uv": [0, 0, 0.9, 0.5], "texture": "#black_concrete"},
				"south": {"uv": [0, 0, 0.7, 0.5], "texture": "#black_concrete"},
				"west": {"uv": [0, 0, 0.9, 0.5], "texture": "#black_concrete"},
				"up": {"uv": [0, 0, 3.19, 0.9], "texture": "#black_concrete"},
				"down": {"uv": [0, 0, 3.19, 0.9], "texture": "#black_concrete"}
			}
		},
		{
			"name": "Handle",
			"from": [7.44, -0.55, -3.61],
			"to": [8.14, -0.05, -2.69],
			"rotation": {"angle": 45, "axis": "y", "origin": [8, -4.55, 8]},
			"faces": {
				"north": {"uv": [0, 0, 0.7, 0.5], "texture": "#black_concrete"},
				"east": {"uv": [0, 0, 0.9, 0.5], "texture": "#black_concrete"},
				"south": {"uv": [0, 0, 0.7, 0.5], "texture": "#black_concrete"},
				"west": {"uv": [0, 0, 0.9, 0.5], "texture": "#black_concrete"},
				"up": {"uv": [0, 0, 3.19, 0.9], "texture": "#black_concrete"},
				"down": {"uv": [0, 0, 3.19, 0.9], "texture": "#black_concrete"}
			}
		},
		{
			"name": "Handle",
			"from": [3.67, -0.55, -2.79],
			"to": [4.39, -0.05, -1.87],
			"rotation": {"angle": 22.5, "axis": "y", "origin": [8, -4.55, 8]},
			"faces": {
				"north": {"uv": [0, 0, 0.72, 0.5], "texture": "#black_concrete"},
				"east": {"uv": [0, 0, 0.9, 0.5], "texture": "#black_concrete"},
				"south": {"uv": [0, 0, 0.72, 0.5], "texture": "#black_concrete"},
				"west": {"uv": [0, 0, 0.9, 0.5], "texture": "#black_concrete"},
				"up": {"uv": [0, 0, 3.19, 0.9], "texture": "#black_concrete"},
				"down": {"uv": [0, 0, 3.19, 0.9], "texture": "#black_concrete"}
			}
		},
		{
			"name": "Handle",
			"from": [8.96, -0.55, -2.27],
			"to": [9.68, -0.05, -1.35],
			"rotation": {"angle": 45, "axis": "y", "origin": [8, -4.55, 8]},
			"faces": {
				"north": {"uv": [0, 0, 0.72, 0.5], "texture": "#black_concrete"},
				"east": {"uv": [0, 0, 0.9, 0.5], "texture": "#black_concrete"},
				"south": {"uv": [0, 0, 0.72, 0.5], "texture": "#black_concrete"},
				"west": {"uv": [0, 0, 0.9, 0.5], "texture": "#black_concrete"},
				"up": {"uv": [0, 0, 3.19, 0.9], "texture": "#black_concrete"},
				"down": {"uv": [0, 0, 3.19, 0.9], "texture": "#black_concrete"}
			}
		},
		{
			"name": "Handle",
			"from": [-1.35, -0.55, 2.58],
			"to": [-0.83, -0.05, 3.5],
			"rotation": {"angle": -22.5, "axis": "y", "origin": [8, -4.55, 8]},
			"faces": {
				"north": {"uv": [0, 0, 0.52, 0.5], "texture": "#black_concrete"},
				"east": {"uv": [0, 0, 0.9, 0.5], "texture": "#black_concrete"},
				"south": {"uv": [0, 0, 0.52, 0.5], "texture": "#black_concrete"},
				"west": {"uv": [0, 0, 0.9, 0.5], "texture": "#black_concrete"},
				"up": {"uv": [0, 0, 3.19, 0.9], "texture": "#black_concrete"},
				"down": {"uv": [0, 0, 3.19, 0.9], "texture": "#black_concrete"}
			}
		}
	],
	"display": {
		"thirdperson_righthand": {
			"rotation": [0, 90, 0],
			"translation": [7.8, 8.7, -5],
			"scale": [1.075, 0.975, 1.075]
		},
		"thirdperson_lefthand": {
			"rotation": [0, -90, 0],
			"translation": [-7.5, 8.5, -5.5]
		},
		"firstperson_righthand": {
			"rotation": [0, 108, 0],
			"translation": [0.7, 8.5, -1.5],
			"scale": [0.5, 0.7, 0.5]
		},
		"firstperson_lefthand": {
			"rotation": [0, -85, 0],
			"translation": [-4.5, 8.5, -0.5],
			"scale": [0.5, 0.7, 0.5]
		},
		"ground": {
			"rotation": [-180, 0, 0],
			"translation": [7.25, -4.5, -8.5]
		},
		"gui": {
			"rotation": [2.39, 7.21, -43.92],
			"translation": [4.5, -2.25, -0.1],
			"scale": [0.62, 0.62, 0.62]
		},
		"head": {
			"rotation": [0, 180, 0]
		},
		"fixed": {
			"rotation": [-180, 0, 90],
			"translation": [5.75, -28.75, -32],
			"scale": [4, 4, 4]
		}
	},
	"groups": [
		{
			"name": "the nichirin",
			"origin": [8, 8, 8],
			"color": 0,
			"children": [
				0,
				1,
				2,
				3,
				4,
				5,
				6,
				7,
				8,
				9,
				10,
				11,
				12,
				13,
				14,
				{
					"name": "botton",
					"origin": [0, -12.5, 0],
					"color": 0,
					"children": [15, 16, 17, 18, 19, 20]
				},
				21,
				22,
				23,
				24,
				25,
				26,
				27,
				28,
				29,
				30,
				31,
				32,
				33,
				34,
				35,
				36,
				37,
				38,
				39,
				40,
				41,
				42,
				43
			]
		}
	]
}