{
	"credit": "Made with Blockbench",
	"textures": {
		"4": "block/red_concrete_powder",
		"5": "block/yellow_concrete",
		"cyan_concrete": "block/cyan_concrete",
		"gray_concrete": "block/gray_concrete",
		"white_concrete": "block/white_concrete",
		"particle": "block/red_concrete_powder"
	},
	"elements": [
		{
			"name": "White",
			"from": [0.51, -11.5, 0.2],
			"to": [1.6, -0.175, 1.1],
			"rotation": {"angle": 0, "axis": "y", "origin": [0, -12.5, 0]},
			"faces": {
				"north": {"uv": [0, 0, 1.09, 11], "texture": "#white_concrete"},
				"east": {"uv": [0, 0, 0.9, 11], "texture": "#white_concrete"},
				"south": {"uv": [0, 0, 1.09, 11], "texture": "#white_concrete"},
				"west": {"uv": [0, 0, 0.9, 11], "texture": "#white_concrete"}
			}
		},
		{
			"name": "Handle",
			"from": [0.18, -0.02, 0.49],
			"to": [1.77, 1.48, 0.77],
			"rotation": {"angle": 0, "axis": "y", "origin": [0, -12.5, 0]},
			"faces": {
				"north": {"uv": [0, 0, 1.59, 0.5], "texture": "#5"},
				"east": {"uv": [0, 0, 0.28, 0.5], "texture": "#5"},
				"south": {"uv": [0, 0, 1.59, 0.5], "texture": "#5"},
				"west": {"uv": [0, 0, 0.28, 0.5], "texture": "#5"},
				"up": {"uv": [0, 0, 1.59, 0.28], "texture": "#5"},
				"down": {"uv": [0, 0, 0, 0], "texture": "#5"}
			}
		},
		{
			"name": "Handle",
			"from": [0.25, 0.38, 0.54],
			"to": [1.4, 24.68, 0.72],
			"rotation": {"angle": 0, "axis": "y", "origin": [0, -12.5, 0]},
			"faces": {
				"north": {"uv": [0, 0, 1.15, 16], "texture": "#gray_concrete"},
				"east": {"uv": [0, 0, 0.18, 16], "texture": "#gray_concrete"},
				"south": {"uv": [0, 0, 1.15, 16], "texture": "#gray_concrete"},
				"west": {"uv": [0, 0, 0.18, 16], "texture": "#gray_concrete"},
				"up": {"uv": [0, 0, 1.15, 0.18], "texture": "#gray_concrete"}
			}
		},
		{
			"name": "Handle",
			"from": [1.4, 0.38, 0.55],
			"to": [1.67, 24.68, 0.71],
			"rotation": {"angle": 0, "axis": "y", "origin": [0, -12.5, 0]},
			"faces": {
				"north": {"uv": [0, 0, 0.27, 16], "texture": "#white_concrete"},
				"east": {"uv": [0, 0, 0.16, 16], "texture": "#white_concrete"},
				"south": {"uv": [0, 0, 0.27, 16], "texture": "#white_concrete"},
				"west": {"uv": [0, 0, 0, 0], "texture": "#white_concrete"},
				"up": {"uv": [0, 0, 0.27, 0.16], "texture": "#white_concrete"},
				"down": {"uv": [0, 0, 0, 0], "texture": "#white_concrete"}
			}
		},
		{
			"name": "Handle",
			"from": [10.01, 25.465, 0.55],
			"to": [10.26, 26.345, 0.71],
			"rotation": {"angle": 22.5, "axis": "z", "origin": [8, 3.475, 8]},
			"faces": {
				"north": {"uv": [0, 0, 0.25, 0.88], "texture": "#white_concrete"},
				"east": {"uv": [0, 0, 0.16, 0.88], "texture": "#white_concrete"},
				"south": {"uv": [0, 0, 0.25, 0.88], "texture": "#white_concrete"},
				"west": {"uv": [0, 0, 0.16, 0.88], "texture": "#white_concrete"},
				"up": {"uv": [0, 0, 0.25, 0.16], "texture": "#white_concrete"},
				"down": {"uv": [0, 0, 0.25, 0.16], "texture": "#white_concrete"}
			}
		},
		{
			"name": "Handle",
			"from": [18.598, 23.725, 0.55],
			"to": [18.838, 24.905, 0.71],
			"rotation": {"angle": 45, "axis": "z", "origin": [8, 3.475, 8]},
			"faces": {
				"north": {"uv": [0, 0, 0.24, 1.18], "texture": "#white_concrete"},
				"east": {"uv": [0, 0, 0.16, 1.18], "texture": "#white_concrete"},
				"south": {"uv": [0, 0, 0.24, 1.18], "texture": "#white_concrete"},
				"west": {"uv": [0, 0, 0.16, 1.18], "texture": "#white_concrete"},
				"up": {"uv": [0, 0, 0.24, 0.16], "texture": "#white_concrete"},
				"down": {"uv": [0, 0, 0.24, 0.16], "texture": "#white_concrete"}
			}
		},
		{
			"name": "Handle",
			"from": [0.25, 24.645, 0.54],
			"to": [1.16, 25.245, 0.72],
			"rotation": {"angle": 0, "axis": "y", "origin": [0, -4.525, 0]},
			"faces": {
				"north": {"uv": [0, 0, 0.91, 0.6], "texture": "#gray_concrete"},
				"east": {"uv": [0, 0, 0.18, 0.6], "texture": "#gray_concrete"},
				"south": {"uv": [0, 0, 0.91, 0.6], "texture": "#gray_concrete"},
				"west": {"uv": [0, 0, 0.18, 0.6], "texture": "#gray_concrete"},
				"up": {"uv": [0, 0, 0.91, 0.18], "texture": "#gray_concrete"}
			}
		},
		{
			"name": "Handle",
			"from": [9.086, 25.565, 0.54],
			"to": [10.009, 26.315, 0.72],
			"rotation": {"angle": 22.5, "axis": "z", "origin": [8, 3.475, 8]},
			"faces": {
				"north": {"uv": [0, 0, 0.923, 0.75], "texture": "#gray_concrete"},
				"east": {"uv": [0, 0, 0.18, 0.75], "texture": "#gray_concrete"},
				"south": {"uv": [0, 0, 0.923, 0.75], "texture": "#gray_concrete"},
				"west": {"uv": [0, 0, 0.18, 0.75], "texture": "#gray_concrete"},
				"up": {"uv": [0, 0, 0.923, 0.18], "texture": "#gray_concrete"},
				"down": {"uv": [0, 0, 0.923, 0.18], "texture": "#gray_concrete"}
			}
		},
		{
			"name": "Handle",
			"from": [18.076, 23.805, 0.54],
			"to": [18.599, 24.445, 0.72],
			"rotation": {"angle": 45, "axis": "z", "origin": [8, 3.475, 8]},
			"faces": {
				"north": {"uv": [0, 0, 0.523, 0.64], "texture": "#gray_concrete"},
				"east": {"uv": [0, 0, 0.18, 0.64], "texture": "#gray_concrete"},
				"south": {"uv": [0, 0, 0.523, 0.64], "texture": "#gray_concrete"},
				"west": {"uv": [0, 0, 0.18, 0.64], "texture": "#gray_concrete"},
				"up": {"uv": [0, 0, 0.523, 0.18], "texture": "#gray_concrete"},
				"down": {"uv": [0, 0, 0.523, 0.18], "texture": "#gray_concrete"}
			}
		},
		{
			"name": "Handle",
			"from": [0.25, 25.195, 0.54],
			"to": [0.66, 25.795, 0.72],
			"rotation": {"angle": 0, "axis": "y", "origin": [0, -4.525, 0]},
			"faces": {
				"north": {"uv": [0, 0, 0.41, 0.6], "texture": "#gray_concrete"},
				"east": {"uv": [0, 0, 0.18, 0.6], "texture": "#gray_concrete"},
				"south": {"uv": [0, 0, 0.41, 0.6], "texture": "#gray_concrete"},
				"west": {"uv": [0, 0, 0.18, 0.6], "texture": "#gray_concrete"},
				"up": {"uv": [0, 0, 0.41, 0.18], "texture": "#gray_concrete"}
			}
		},
		{
			"name": "Handle",
			"from": [0.248, 26.092, 0.55],
			"to": [0.508, 26.292, 0.71],
			"rotation": {"angle": 0, "axis": "y", "origin": [0, -4.525, 0]},
			"faces": {
				"north": {"uv": [0, 0, 0.26, 0.2], "texture": "#white_concrete"},
				"east": {"uv": [0, 0, 0.16, 0.2], "texture": "#white_concrete"},
				"south": {"uv": [0, 0, 0.26, 0.2], "texture": "#white_concrete"},
				"west": {"uv": [0, 0, 0.16, 0.2], "texture": "#white_concrete"},
				"up": {"uv": [0, 0, 0.26, 0.16], "texture": "#white_concrete"},
				"down": {"uv": [0, 0, 0.26, 0.16], "texture": "#white_concrete"}
			}
		},
		{
			"name": "Handle",
			"from": [1.125, 0.38, 0.5],
			"to": [1.395, 24.68, 0.735],
			"rotation": {"angle": 0, "axis": "y", "origin": [-0.275, -12.5, 0]},
			"faces": {
				"north": {"uv": [0, 0, 0.27, 16], "texture": "#cyan_concrete"},
				"east": {"uv": [0, 0, 0.16, 16], "texture": "#cyan_concrete"},
				"south": {"uv": [0, 0, 0.27, 16], "texture": "#cyan_concrete"},
				"west": {"uv": [0, 0, 0, 0], "texture": "#cyan_concrete"},
				"up": {"uv": [0, 0, 0.27, 0.16], "texture": "#cyan_concrete"},
				"down": {"uv": [0, 0, 0, 0], "texture": "#cyan_concrete"}
			}
		},
		{
			"name": "Handle",
			"from": [9.735, 25.465, 0.5],
			"to": [9.985, 26.345, 0.735],
			"rotation": {"angle": 22.5, "axis": "z", "origin": [7.725, 3.475, 8]},
			"faces": {
				"north": {"uv": [0, 0, 0.25, 0.88], "texture": "#cyan_concrete"},
				"east": {"uv": [0, 0, 0.16, 0.88], "texture": "#cyan_concrete"},
				"south": {"uv": [0, 0, 0.25, 0.88], "texture": "#cyan_concrete"},
				"west": {"uv": [0, 0, 0.16, 0.88], "texture": "#cyan_concrete"},
				"up": {"uv": [0, 0, 0.25, 0.16], "texture": "#cyan_concrete"},
				"down": {"uv": [0, 0, 0.25, 0.16], "texture": "#cyan_concrete"}
			}
		},
		{
			"name": "Handle",
			"from": [18.323, 23.725, 0.5],
			"to": [18.563, 24.63, 0.735],
			"rotation": {"angle": 45, "axis": "z", "origin": [7.725, 3.475, 8]},
			"faces": {
				"north": {"uv": [0, 0, 0.24, 1.18], "texture": "#cyan_concrete"},
				"east": {"uv": [0, 0, 0.16, 1.18], "texture": "#cyan_concrete"},
				"south": {"uv": [0, 0, 0.24, 1.18], "texture": "#cyan_concrete"},
				"west": {"uv": [0, 0, 0.16, 1.18], "texture": "#cyan_concrete"},
				"up": {"uv": [0, 0, 0.24, 0.16], "texture": "#cyan_concrete"},
				"down": {"uv": [0, 0, 0.24, 0.16], "texture": "#cyan_concrete"}
			}
		},
		{
			"name": "Handle",
			"from": [0.248, 25.917, 0.5],
			"to": [0.433, 26.117, 0.735],
			"rotation": {"angle": 0, "axis": "y", "origin": [-0.275, -4.525, 0]},
			"faces": {
				"north": {"uv": [0, 0, 0.26, 0.2], "texture": "#cyan_concrete"},
				"east": {"uv": [0, 0, 0.16, 0.2], "texture": "#cyan_concrete"},
				"south": {"uv": [0, 0, 0.26, 0.2], "texture": "#cyan_concrete"},
				"west": {"uv": [0, 0, 0.16, 0.2], "texture": "#cyan_concrete"},
				"up": {"uv": [0, 0, 0.26, 0.16], "texture": "#cyan_concrete"},
				"down": {"uv": [0, 0, 0.26, 0.16], "texture": "#cyan_concrete"}
			}
		},
		{
			"name": "Handle",
			"from": [0.25, 25.792, 0.54],
			"to": [0.51, 25.952, 0.72],
			"rotation": {"angle": 0, "axis": "y", "origin": [0, -4.525, 0]},
			"faces": {
				"north": {"uv": [0, 0, 0.26, 0.16], "texture": "#gray_concrete"},
				"east": {"uv": [0, 0, 0.18, 0.16], "texture": "#gray_concrete"},
				"south": {"uv": [0, 0, 0.26, 0.16], "texture": "#gray_concrete"},
				"west": {"uv": [0, 0, 0.18, 0.16], "texture": "#gray_concrete"},
				"up": {"uv": [0, 0, 0.26, 0.18], "texture": "#gray_concrete"}
			}
		},
		{
			"name": "Handle",
			"from": [18.43, 16.447, 0.54],
			"to": [18.6, 16.887, 0.72],
			"rotation": {"angle": 45, "axis": "z", "origin": [8, -4.5, 8]},
			"faces": {
				"north": {"uv": [0, 0, 0.17, 0.44], "texture": "#gray_concrete"},
				"east": {"uv": [0, 0, 0.18, 0.44], "texture": "#gray_concrete"},
				"south": {"uv": [0, 0, 0.17, 0.44], "texture": "#gray_concrete"},
				"west": {"uv": [0, 0, 0.18, 0.44], "texture": "#gray_concrete"},
				"up": {"uv": [0, 0, 0.17, 0.18], "texture": "#gray_concrete"},
				"down": {"uv": [0, 0, 0.17, 0.18], "texture": "#gray_concrete"}
			}
		},
		{
			"name": "Handle",
			"from": [0.25, 17.957, 0.54],
			"to": [0.37, 18.117, 0.72],
			"rotation": {"angle": 0, "axis": "y", "origin": [0, -12.5, 0]},
			"faces": {
				"north": {"uv": [0, 0, 0.12, 0.16], "texture": "#gray_concrete"},
				"east": {"uv": [0, 0, 0.18, 0.16], "texture": "#gray_concrete"},
				"south": {"uv": [0, 0, 0.12, 0.16], "texture": "#gray_concrete"},
				"west": {"uv": [0, 0, 0.18, 0.16], "texture": "#gray_concrete"},
				"up": {"uv": [0, 0, 0.12, 0.18], "texture": "#gray_concrete"}
			}
		},
		{
			"name": "White",
			"from": [0.31, -11.5, 0.4],
			"to": [1.8, -0.175, 0.9],
			"rotation": {"angle": 0, "axis": "y", "origin": [0, -12.5, 0]},
			"faces": {
				"north": {"uv": [0, 0, 1.49, 11], "texture": "#white_concrete"},
				"east": {"uv": [0, 0, 0.5, 11], "texture": "#white_concrete"},
				"south": {"uv": [0, 0, 1.49, 11], "texture": "#white_concrete"},
				"west": {"uv": [0, 0, 0.5, 11], "texture": "#white_concrete"}
			}
		},
		{
			"name": "White",
			"from": [7.58, -11.5, -2.46],
			"to": [8.38, -0.175, -2.18],
			"rotation": {"angle": 45, "axis": "y", "origin": [8, -4.5, 8]},
			"faces": {
				"north": {"uv": [0, 0, 0.8, 11], "texture": "#white_concrete"},
				"east": {"uv": [0, 0, 0.28, 11], "texture": "#white_concrete"},
				"south": {"uv": [0, 0, 0.8, 11], "texture": "#white_concrete"},
				"west": {"uv": [0, 0, 0.28, 11], "texture": "#white_concrete"},
				"up": {"uv": [0, 0, 0.8, 0.28], "texture": "#white_concrete"},
				"down": {"uv": [0, 0, 0.8, 0.28], "texture": "#white_concrete"}
			}
		},
		{
			"name": "White",
			"from": [8.578, -11.5, -2.04],
			"to": [8.988, -0.175, -1.76],
			"rotation": {"angle": 45, "axis": "y", "origin": [8, -4.5, 8]},
			"faces": {
				"north": {"uv": [0, 0, 0.41, 11], "texture": "#white_concrete"},
				"east": {"uv": [0, 0, 0.28, 11], "texture": "#white_concrete"},
				"south": {"uv": [0, 0, 0.41, 11], "texture": "#white_concrete"},
				"west": {"uv": [0, 0, 0.28, 11], "texture": "#white_concrete"},
				"up": {"uv": [0, 0, 0.41, 0.28], "texture": "#white_concrete"},
				"down": {"uv": [0, 0, 0.41, 0.28], "texture": "#white_concrete"}
			}
		},
		{
			"name": "White",
			"from": [1.03805, -11.5, 0.57352],
			"to": [1.83805, -0.175, 0.85352],
			"rotation": {"angle": -45, "axis": "y", "origin": [1.43805, -6, 0.68852]},
			"faces": {
				"north": {"uv": [0, 0, 0.8, 11], "texture": "#white_concrete"},
				"east": {"uv": [0, 0, 0.28, 11], "texture": "#white_concrete"},
				"south": {"uv": [0, 0, 0.8, 11], "texture": "#white_concrete"},
				"west": {"uv": [0, 0, 0.28, 11], "texture": "#white_concrete"},
				"up": {"uv": [0, 0, 0.8, 0.28], "texture": "#white_concrete"},
				"down": {"uv": [0, 0, 0.8, 0.28], "texture": "#white_concrete"}
			}
		},
		{
			"name": "White",
			"from": [-2.81, -11.5, 7.78],
			"to": [-2.01, -0.175, 8.06],
			"rotation": {"angle": -45, "axis": "y", "origin": [8, -4.5, 8]},
			"faces": {
				"north": {"uv": [0, 0, 0.8, 11], "texture": "#white_concrete"},
				"east": {"uv": [0, 0, 0.28, 11], "texture": "#white_concrete"},
				"south": {"uv": [0, 0, 0.8, 11], "texture": "#white_concrete"},
				"west": {"uv": [0, 0, 0.28, 11], "texture": "#white_concrete"},
				"up": {"uv": [0, 0, 0.8, 0.28], "texture": "#white_concrete"},
				"down": {"uv": [0, 0, 0.8, 0.28], "texture": "#white_concrete"}
			}
		},
		{
			"name": "Yellow",
			"from": [0.62, -10.7, 0.19],
			"to": [1.42, -10.4, 1.11],
			"rotation": {"angle": 0, "axis": "y", "origin": [0, -12.5, 0]},
			"faces": {
				"north": {"uv": [0, 0, 0.8, 0.3], "texture": "#cyan_concrete"},
				"east": {"uv": [0, 0, 0.92, 0.3], "texture": "#cyan_concrete"},
				"south": {"uv": [0, 0, 0.8, 0.3], "texture": "#cyan_concrete"},
				"west": {"uv": [0, 0, 0.92, 0.3], "texture": "#cyan_concrete"},
				"up": {"uv": [0, 0, 0.8, 0.92], "texture": "#cyan_concrete"},
				"down": {"uv": [0, 0, 0.8, 0.92], "texture": "#cyan_concrete"}
			}
		},
		{
			"name": "Yellow",
			"from": [0.62, -9.7, 0.19],
			"to": [1.42, -9.4, 1.11],
			"rotation": {"angle": 0, "axis": "y", "origin": [0, -12.5, 0]},
			"faces": {
				"north": {"uv": [0, 0, 0.8, 0.3], "texture": "#cyan_concrete"},
				"east": {"uv": [0, 0, 0.92, 0.3], "texture": "#cyan_concrete"},
				"south": {"uv": [0, 0, 0.8, 0.3], "texture": "#cyan_concrete"},
				"west": {"uv": [0, 0, 0.92, 0.3], "texture": "#cyan_concrete"},
				"up": {"uv": [0, 0, 0.8, 0.92], "texture": "#cyan_concrete"},
				"down": {"uv": [0, 0, 0.8, 0.92], "texture": "#cyan_concrete"}
			}
		},
		{
			"name": "Yellow",
			"from": [0.62, -8.7, 0.19],
			"to": [1.42, -8.4, 1.11],
			"rotation": {"angle": 0, "axis": "y", "origin": [0, -12.5, 0]},
			"faces": {
				"north": {"uv": [0, 0, 0.8, 0.3], "texture": "#cyan_concrete"},
				"east": {"uv": [0, 0, 0.92, 0.3], "texture": "#cyan_concrete"},
				"south": {"uv": [0, 0, 0.8, 0.3], "texture": "#cyan_concrete"},
				"west": {"uv": [0, 0, 0.92, 0.3], "texture": "#cyan_concrete"},
				"up": {"uv": [0, 0, 0.8, 0.92], "texture": "#cyan_concrete"},
				"down": {"uv": [0, 0, 0.8, 0.92], "texture": "#cyan_concrete"}
			}
		},
		{
			"name": "Yellow",
			"from": [0.62, -7.7, 0.19],
			"to": [1.42, -7.4, 1.11],
			"rotation": {"angle": 0, "axis": "y", "origin": [0, -12.5, 0]},
			"faces": {
				"north": {"uv": [0, 0, 0.8, 0.3], "texture": "#cyan_concrete"},
				"east": {"uv": [0, 0, 0.92, 0.3], "texture": "#cyan_concrete"},
				"south": {"uv": [0, 0, 0.8, 0.3], "texture": "#cyan_concrete"},
				"west": {"uv": [0, 0, 0.92, 0.3], "texture": "#cyan_concrete"},
				"up": {"uv": [0, 0, 0.8, 0.92], "texture": "#cyan_concrete"},
				"down": {"uv": [0, 0, 0.8, 0.92], "texture": "#cyan_concrete"}
			}
		},
		{
			"name": "Yellow",
			"from": [0.62, -6.7, 0.19],
			"to": [1.42, -6.4, 1.11],
			"rotation": {"angle": 0, "axis": "y", "origin": [0, -12.5, 0]},
			"faces": {
				"north": {"uv": [0, 0, 0.8, 0.3], "texture": "#cyan_concrete"},
				"east": {"uv": [0, 0, 0.92, 0.3], "texture": "#cyan_concrete"},
				"south": {"uv": [0, 0, 0.8, 0.3], "texture": "#cyan_concrete"},
				"west": {"uv": [0, 0, 0.92, 0.3], "texture": "#cyan_concrete"},
				"up": {"uv": [0, 0, 0.8, 0.92], "texture": "#cyan_concrete"},
				"down": {"uv": [0, 0, 0.8, 0.92], "texture": "#cyan_concrete"}
			}
		},
		{
			"name": "Yellow",
			"from": [0.62, -5.7, 0.19],
			"to": [1.42, -5.4, 1.11],
			"rotation": {"angle": 0, "axis": "y", "origin": [0, -12.5, 0]},
			"faces": {
				"north": {"uv": [0, 0, 0.8, 0.3], "texture": "#cyan_concrete"},
				"east": {"uv": [0, 0, 0.92, 0.3], "texture": "#cyan_concrete"},
				"south": {"uv": [0, 0, 0.8, 0.3], "texture": "#cyan_concrete"},
				"west": {"uv": [0, 0, 0.92, 0.3], "texture": "#cyan_concrete"},
				"up": {"uv": [0, 0, 0.8, 0.92], "texture": "#cyan_concrete"},
				"down": {"uv": [0, 0, 0.8, 0.92], "texture": "#cyan_concrete"}
			}
		},
		{
			"name": "Yellow",
			"from": [0.62, -4.7, 0.19],
			"to": [1.42, -4.4, 1.11],
			"rotation": {"angle": 0, "axis": "y", "origin": [0, -12.5, 0]},
			"faces": {
				"north": {"uv": [0, 0, 0.8, 0.3], "texture": "#cyan_concrete"},
				"east": {"uv": [0, 0, 0.92, 0.3], "texture": "#cyan_concrete"},
				"south": {"uv": [0, 0, 0.8, 0.3], "texture": "#cyan_concrete"},
				"west": {"uv": [0, 0, 0.92, 0.3], "texture": "#cyan_concrete"},
				"up": {"uv": [0, 0, 0.8, 0.92], "texture": "#cyan_concrete"},
				"down": {"uv": [0, 0, 0.8, 0.92], "texture": "#cyan_concrete"}
			}
		},
		{
			"name": "Yellow",
			"from": [0.62, -3.7, 0.19],
			"to": [1.42, -3.4, 1.11],
			"rotation": {"angle": 0, "axis": "y", "origin": [0, -12.5, 0]},
			"faces": {
				"north": {"uv": [0, 0, 0.8, 0.3], "texture": "#cyan_concrete"},
				"east": {"uv": [0, 0, 0.92, 0.3], "texture": "#cyan_concrete"},
				"south": {"uv": [0, 0, 0.8, 0.3], "texture": "#cyan_concrete"},
				"west": {"uv": [0, 0, 0.92, 0.3], "texture": "#cyan_concrete"},
				"up": {"uv": [0, 0, 0.8, 0.92], "texture": "#cyan_concrete"},
				"down": {"uv": [0, 0, 0.8, 0.92], "texture": "#cyan_concrete"}
			}
		},
		{
			"name": "Yellow",
			"from": [0.62, -2.7, 0.19],
			"to": [1.42, -2.4, 1.11],
			"rotation": {"angle": 0, "axis": "y", "origin": [0, -12.5, 0]},
			"faces": {
				"north": {"uv": [0, 0, 0.8, 0.3], "texture": "#cyan_concrete"},
				"east": {"uv": [0, 0, 0.92, 0.3], "texture": "#cyan_concrete"},
				"south": {"uv": [0, 0, 0.8, 0.3], "texture": "#cyan_concrete"},
				"west": {"uv": [0, 0, 0.92, 0.3], "texture": "#cyan_concrete"},
				"up": {"uv": [0, 0, 0.8, 0.92], "texture": "#cyan_concrete"},
				"down": {"uv": [0, 0, 0.8, 0.92], "texture": "#cyan_concrete"}
			}
		},
		{
			"name": "Yellow",
			"from": [0.62, -1.7, 0.19],
			"to": [1.42, -1.4, 1.11],
			"rotation": {"angle": 0, "axis": "y", "origin": [0, -12.5, 0]},
			"faces": {
				"north": {"uv": [0, 0, 0.8, 0.3], "texture": "#cyan_concrete"},
				"east": {"uv": [0, 0, 0.92, 0.3], "texture": "#cyan_concrete"},
				"south": {"uv": [0, 0, 0.8, 0.3], "texture": "#cyan_concrete"},
				"west": {"uv": [0, 0, 0.92, 0.3], "texture": "#cyan_concrete"},
				"up": {"uv": [0, 0, 0.8, 0.92], "texture": "#cyan_concrete"},
				"down": {"uv": [0, 0, 0.8, 0.92], "texture": "#cyan_concrete"}
			}
		},
		{
			"name": "Handle",
			"from": [-0.05759, -0.2, 1.25389],
			"to": [2.11741, 0, 1.54389],
			"rotation": {"angle": 0, "axis": "y", "origin": [1.59241, -0.25, 1.29889]},
			"faces": {
				"north": {"uv": [0, 0, 0.9, 0.5], "texture": "#4"},
				"east": {"uv": [0, 0, 0.69, 0.5], "texture": "#4"},
				"south": {"uv": [0, 0, 0.9, 0.5], "texture": "#4"},
				"west": {"uv": [0, 0, 0.69, 0.5], "texture": "#4"},
				"up": {"uv": [0, 0, 3.19, 0.9], "rotation": 270, "texture": "#4"},
				"down": {"uv": [0, 0, 3.19, 0.9], "rotation": 90, "texture": "#4"}
			}
		},
		{
			"name": "Handle",
			"from": [0.15991, -0.2, -0.56361],
			"to": [0.44991, 0, 0.73639],
			"rotation": {"angle": 45, "axis": "y", "origin": [1.02991, -0.1, 1.39889]},
			"faces": {
				"north": {"uv": [0, 0, 0.69, 0.5], "texture": "#4"},
				"east": {"uv": [0, 0, 0.9, 0.5], "texture": "#4"},
				"south": {"uv": [0, 0, 0.69, 0.5], "texture": "#4"},
				"west": {"uv": [0, 0, 0.9, 0.5], "texture": "#4"},
				"up": {"uv": [0, 0, 3.19, 0.9], "texture": "#4"},
				"down": {"uv": [0, 0, 3.19, 0.9], "texture": "#4"}
			}
		},
		{
			"name": "Handle",
			"from": [1.69241, -0.2, 1.97889],
			"to": [2.99241, 0, 2.26889],
			"rotation": {"angle": 45, "axis": "y", "origin": [1.02991, -0.1, 1.39889]},
			"faces": {
				"north": {"uv": [0, 0, 0.9, 0.5], "texture": "#4"},
				"east": {"uv": [0, 0, 0.69, 0.5], "texture": "#4"},
				"south": {"uv": [0, 0, 0.9, 0.5], "texture": "#4"},
				"west": {"uv": [0, 0, 0.69, 0.5], "texture": "#4"},
				"up": {"uv": [0, 0, 3.19, 0.9], "rotation": 270, "texture": "#4"},
				"down": {"uv": [0, 0, 3.19, 0.9], "rotation": 90, "texture": "#4"}
			}
		},
		{
			"name": "Handle",
			"from": [-0.05759, -0.2, -0.29611],
			"to": [2.11741, 0, -0.00611],
			"rotation": {"angle": 0, "axis": "y", "origin": [1.59241, -0.25, 1.29889]},
			"faces": {
				"north": {"uv": [0, 0, 0.9, 0.5], "texture": "#4"},
				"east": {"uv": [0, 0, 0.69, 0.5], "texture": "#4"},
				"south": {"uv": [0, 0, 0.9, 0.5], "texture": "#4"},
				"west": {"uv": [0, 0, 0.69, 0.5], "texture": "#4"},
				"up": {"uv": [0, 0, 3.19, 0.9], "rotation": 270, "texture": "#4"},
				"down": {"uv": [0, 0, 3.19, 0.9], "rotation": 90, "texture": "#4"}
			}
		},
		{
			"name": "Handle",
			"from": [0.15991, -0.2, 0.51139],
			"to": [0.44991, 0, 1.58639],
			"rotation": {"angle": -45, "axis": "y", "origin": [1.02991, -0.1, -0.15111]},
			"faces": {
				"north": {"uv": [0, 0, 0.69, 0.5], "texture": "#4"},
				"east": {"uv": [0, 0, 0.9, 0.5], "texture": "#4"},
				"south": {"uv": [0, 0, 0.69, 0.5], "texture": "#4"},
				"west": {"uv": [0, 0, 0.9, 0.5], "texture": "#4"},
				"up": {"uv": [0, 0, 3.19, 0.9], "rotation": 180, "texture": "#4"},
				"down": {"uv": [0, 0, 3.19, 0.9], "rotation": 180, "texture": "#4"}
			}
		},
		{
			"name": "Handle",
			"from": [1.69241, -0.2, -1.02111],
			"to": [2.79241, 0, -0.73111],
			"rotation": {"angle": -45, "axis": "y", "origin": [1.02991, -0.1, -0.15111]},
			"faces": {
				"north": {"uv": [0, 0, 0.9, 0.5], "texture": "#4"},
				"east": {"uv": [0, 0, 0.69, 0.5], "texture": "#4"},
				"south": {"uv": [0, 0, 0.9, 0.5], "texture": "#4"},
				"west": {"uv": [0, 0, 0.69, 0.5], "texture": "#4"},
				"up": {"uv": [0, 0, 3.19, 0.9], "rotation": 270, "texture": "#4"},
				"down": {"uv": [0, 0, 3.19, 0.9], "rotation": 90, "texture": "#4"}
			}
		},
		{
			"name": "Handle",
			"from": [-0.18259, -0.175, -0.02111],
			"to": [2.24241, -0.025, 1.29389],
			"rotation": {"angle": 0, "axis": "y", "origin": [1.59241, -0.25, 1.32389]},
			"faces": {
				"north": {"uv": [0, 0, 0.9, 0.5], "texture": "#white_concrete"},
				"east": {"uv": [0, 0, 0.69, 0.5], "texture": "#white_concrete"},
				"south": {"uv": [0, 0, 0.9, 0.5], "texture": "#white_concrete"},
				"west": {"uv": [0, 0, 0.69, 0.5], "texture": "#white_concrete"},
				"up": {"uv": [0, 0, 3.19, 0.9], "rotation": 270, "texture": "#white_concrete"},
				"down": {"uv": [0, 0, 3.19, 0.9], "rotation": 90, "texture": "#white_concrete"}
			}
		},
		{
			"name": "Handle",
			"from": [0.06741, -0.15, 0.30389],
			"to": [1.96741, 0, 0.91889],
			"rotation": {"angle": 0, "axis": "y", "origin": [1.59241, -0.25, 1.32389]},
			"faces": {
				"north": {"uv": [0, 0, 0.9, 0.5], "texture": "#white_concrete"},
				"east": {"uv": [0, 0, 0.69, 0.5], "texture": "#white_concrete"},
				"south": {"uv": [0, 0, 0.9, 0.5], "texture": "#white_concrete"},
				"west": {"uv": [0, 0, 0.69, 0.5], "texture": "#white_concrete"},
				"up": {"uv": [0, 0, 3.19, 0.9], "rotation": 270, "texture": "#5"},
				"down": {"uv": [0, 0, 3.19, 0.9], "rotation": 90, "texture": "#white_concrete"}
			}
		},
		{
			"name": "Handle",
			"from": [-0.55759, -0.175, 0.22889],
			"to": [2.61741, -0.025, 1.01889],
			"rotation": {"angle": 0, "axis": "y", "origin": [1.59241, -0.25, 1.32389]},
			"faces": {
				"north": {"uv": [0, 0, 0.9, 0.5], "texture": "#white_concrete"},
				"east": {"uv": [0, 0, 0.69, 0.5], "texture": "#white_concrete"},
				"south": {"uv": [0, 0, 0.9, 0.5], "texture": "#white_concrete"},
				"west": {"uv": [0, 0, 0.69, 0.5], "texture": "#white_concrete"},
				"up": {"uv": [0, 0, 3.19, 0.9], "rotation": 270, "texture": "#white_concrete"},
				"down": {"uv": [0, 0, 3.19, 0.9], "rotation": 90, "texture": "#white_concrete"}
			}
		},
		{
			"name": "Yellow",
			"from": [0.62, -0.9, 0.19],
			"to": [1.42, -0.6, 1.11],
			"rotation": {"angle": 0, "axis": "y", "origin": [0, -12.5, 0]},
			"faces": {
				"north": {"uv": [0, 0, 0.8, 0.3], "texture": "#cyan_concrete"},
				"east": {"uv": [0, 0, 0.92, 0.3], "texture": "#cyan_concrete"},
				"south": {"uv": [0, 0, 0.8, 0.3], "texture": "#cyan_concrete"},
				"west": {"uv": [0, 0, 0.92, 0.3], "texture": "#cyan_concrete"},
				"up": {"uv": [0, 0, 0.8, 0.92], "texture": "#cyan_concrete"},
				"down": {"uv": [0, 0, 0.8, 0.92], "texture": "#cyan_concrete"}
			}
		},
		{
			"name": "White",
			"from": [8.603, -12, -2.04],
			"to": [9.063, -11, -1.735],
			"rotation": {"angle": 45, "axis": "y", "origin": [8, -4.5, 8]},
			"faces": {
				"north": {"uv": [0, 0, 0.41, 11], "texture": "#4"},
				"east": {"uv": [0, 0, 0.28, 11], "texture": "#4"},
				"south": {"uv": [0, 0, 0.41, 11], "texture": "#4"},
				"west": {"uv": [0, 0, 0.28, 11], "texture": "#4"},
				"up": {"uv": [0, 0, 0.41, 0.28], "texture": "#4"},
				"down": {"uv": [0, 0, 0.41, 0.28], "texture": "#4"}
			}
		},
		{
			"from": [0.475, -12, 0.165],
			"to": [1.65, -11, 1.135],
			"faces": {
				"north": {"uv": [0, 0, 1.175, 1], "texture": "#4"},
				"east": {"uv": [0, 0, 0.97, 1], "texture": "#4"},
				"south": {"uv": [0, 0, 1.175, 1], "texture": "#4"},
				"west": {"uv": [0, 0, 0.97, 1], "texture": "#4"},
				"up": {"uv": [0, 0, 1.175, 0.97], "texture": "#4"},
				"down": {"uv": [0, 0, 1.175, 0.97], "texture": "#4"}
			}
		},
		{
			"name": "White",
			"from": [-2.86, -12, 7.78],
			"to": [-2.06, -11, 8.06],
			"rotation": {"angle": -45, "axis": "y", "origin": [8, -4.5, 8]},
			"faces": {
				"north": {"uv": [0, 0, 0.8, 11], "texture": "#4"},
				"east": {"uv": [0, 0, 0.28, 11], "texture": "#4"},
				"south": {"uv": [0, 0, 0.8, 11], "texture": "#4"},
				"west": {"uv": [0, 0, 0.28, 11], "texture": "#4"},
				"up": {"uv": [0, 0, 0.8, 0.28], "texture": "#4"},
				"down": {"uv": [0, 0, 0.8, 0.28], "texture": "#4"}
			}
		},
		{
			"from": [0.275, -12, 0.365],
			"to": [1.875, -11, 0.935],
			"faces": {
				"north": {"uv": [0, 0, 1.6, 1], "texture": "#4"},
				"east": {"uv": [0, 0, 0.57, 1], "texture": "#4"},
				"south": {"uv": [0, 0, 1.6, 1], "texture": "#4"},
				"west": {"uv": [0, 0, 0.57, 1], "texture": "#4"},
				"up": {"uv": [0, 0, 1.6, 0.57], "texture": "#4"},
				"down": {"uv": [0, 0, 1.6, 0.57], "texture": "#4"}
			}
		},
		{
			"name": "White",
			"from": [7.53, -12, -2.46],
			"to": [8.33, -11, -2.18],
			"rotation": {"angle": 45, "axis": "y", "origin": [8, -4.5, 8]},
			"faces": {
				"north": {"uv": [0, 0, 0.8, 11], "texture": "#4"},
				"east": {"uv": [0, 0, 0.28, 11], "texture": "#4"},
				"south": {"uv": [0, 0, 0.8, 11], "texture": "#4"},
				"west": {"uv": [0, 0, 0.28, 11], "texture": "#4"},
				"up": {"uv": [0, 0, 0.8, 0.28], "texture": "#4"},
				"down": {"uv": [0, 0, 0.8, 0.28], "texture": "#4"}
			}
		},
		{
			"name": "White",
			"from": [1.08805, -12, 0.54852],
			"to": [1.91305, -11, 0.85352],
			"rotation": {"angle": -45, "axis": "y", "origin": [1.43805, -6, 0.68852]},
			"faces": {
				"north": {"uv": [0, 0, 0.8, 11], "texture": "#4"},
				"east": {"uv": [0, 0, 0.28, 11], "texture": "#4"},
				"south": {"uv": [0, 0, 0.8, 11], "texture": "#4"},
				"west": {"uv": [0, 0, 0.28, 11], "texture": "#4"},
				"up": {"uv": [0, 0, 0.8, 0.28], "texture": "#4"},
				"down": {"uv": [0, 0, 0.8, 0.28], "texture": "#4"}
			}
		}
	],
	"display": {
		"thirdperson_righthand": {
			"rotation": [0, 90, 0],
			"translation": [8.8, 7.95, -6],
			"scale": [1.075, 0.975, 1.075]
		},
		"thirdperson_lefthand": {
			"rotation": [0, -90, 0],
			"translation": [-7.5, 8.25, -5.5]
		},
		"firstperson_righthand": {
			"rotation": [0, 108, 0],
			"translation": [0.7, 9, -1.5],
			"scale": [0.5, 0.7, 0.5]
		},
		"firstperson_lefthand": {
			"rotation": [0, -85, 0],
			"translation": [-4.5, 9, -0.5],
			"scale": [0.5, 0.7, 0.5]
		},
		"ground": {
			"rotation": [-180, 0, 0],
			"translation": [8.25, -5.25, -7.75]
		},
		"gui": {
			"rotation": [2.39, 7.21, -43.92],
			"translation": [3.5, -2.5, -0.1],
			"scale": [0.58, 0.58, 0.58]
		},
		"head": {
			"rotation": [0, 180, 0]
		},
		"fixed": {
			"rotation": [-180, 0, 90],
			"translation": [-36.25, -28, -32.5],
			"scale": [4, 4, 4]
		}
	},
	"groups": [
		0,
		1,
		2,
		3,
		4,
		5,
		6,
		7,
		8,
		9,
		10,
		11,
		12,
		13,
		14,
		15,
		16,
		17,
		18,
		19,
		20,
		21,
		22,
		23,
		24,
		25,
		26,
		27,
		28,
		29,
		30,
		31,
		32,
		33,
		34,
		35,
		36,
		37,
		38,
		39,
		40,
		41,
		{
			"name": "botton",
			"origin": [0, -12.5, 0],
			"color": 0,
			"children": [42, 43, 44, 45, 46, 47, 48]
		}
	]
}