{
    "__comment": "Model generated using MrCrayfish's Model Creator (https://mrcrayfish.com/tools?id=mc)",
    "textures": {
        "cyan_concrete": "minecraft:blocks/cyan_concrete",
        "gray_concrete": "minecraft:blocks/gray_concrete",
        "black_concrete": "minecraft:blocks/black_concrete",
        "white_concrete": "minecraft:blocks/white_concrete"

    },
    "display": {
        "gui": {
            "rotation": [ 10, 0, 270 ],
            "translation": [ 16, -21, -0.1 ],
            "scale": [ 2.425, 2.725, 1.525 ]
        },
        "ground": {
            "rotation": [ 90, 0, 0 ],
            "translation": [ 0, -11, 0 ],
            "scale": [ 1.25, 1.25, 1.25 ]
        },
        "fixed": {
            "rotation": [ 0, 180, 0 ],
            "translation": [ 0, 0, 0 ],
            "scale": [ 1, 1, 1 ]
        },
        "head": {
            "rotation": [ 0, 180, 0 ],
            "translation": [ 0, 0, 0 ],
            "scale": [ 1, 1, 1 ]
        },
        "firstperson_righthand": {
            "rotation": [ 0, 108, 0 ],
            "translation": [ 0.7, 1.5, -1.5 ],
            "scale": [ 0.5, 0.7, 0.5 ]
        },
        "thirdperson_righthand": {
            "rotation": [ 0, 90, 0 ],
            "translation": [ 8.8, -0.3, -6 ],
            "scale": [ 1.075, 0.975, 1.075 ]
        }
    },
    "elements": [
        {
            "name": "Yellow",
            "from": [ 0.05, 0, 0 ], 
            "to": [ 2.05, 1, 1.3 ], 
            "faces": {
                "north": { "texture": "#black_concrete", "uv": [ 0, 0, 2, 1 ] },
                "east": { "texture": "#black_concrete", "uv": [ 0, 0, 1.3, 1 ] },
                "south": { "texture": "#black_concrete", "uv": [ 0, 0, 2, 1 ] },
                "west": { "texture": "#black_concrete", "uv": [ 0, 0, 1.3, 1 ] },
                "up": { "texture": "#black_concrete", "uv": [ 0, 0, 2, 1.3 ] },
                "down": { "texture": "#black_concrete", "uv": [ 0, 0, 2, 1.3 ] }
            }
        },
        {
            "name": "White",
            "from": [ 0.51, 1, 0.2 ], 
            "to": [ 1.6, 12, 1.1 ], 
            "faces": {
                "north": { "texture": "#white_concrete", "uv": [ 0, 0, 1.09, 11 ] },
                "east": { "texture": "#white_concrete", "uv": [ 0, 0, 0.9, 11 ] },
                "south": { "texture": "#white_concrete", "uv": [ 0, 0, 1.09, 11 ] },
                "west": { "texture": "#white_concrete", "uv": [ 0, 0, 0.9, 11 ] }
            }
        },
        {
            "name": "Handle",
            "from": [ 0.18, 12.48, 0.49 ], 
            "to": [ 1.77, 12.98, 0.77 ], 
            "faces": {
                "north": { "texture": "#white_concrete", "uv": [ 0, 0, 1.59, 0.5 ] },
                "east": { "texture": "#white_concrete", "uv": [ 0, 0, 0.28, 0.5 ] },
                "south": { "texture": "#white_concrete", "uv": [ 0, 0, 1.59, 0.5 ] },
                "west": { "texture": "#white_concrete", "uv": [ 0, 0, 0.28, 0.5 ] },
                "up": { "texture": "#white_concrete", "uv": [ 0, 0, 1.59, 0.28 ] }
            }
        },
        {
            "name": "Handle",
            "from": [ 0.25, 12.88, 0.54 ], 
            "to": [ 1.4, 29.18, 0.72 ], 
            "faces": {
                "north": { "texture": "#gray_concrete", "uv": [ 0, 0, 1.15, 16 ] },
                "east": { "texture": "#gray_concrete", "uv": [ 0, 0, 0.18, 16 ] },
                "south": { "texture": "#gray_concrete", "uv": [ 0, 0, 1.15, 16 ] },
                "west": { "texture": "#gray_concrete", "uv": [ 0, 0, 0.18, 16 ] },
                "up": { "texture": "#gray_concrete", "uv": [ 0, 0, 1.15, 0.18 ] }
            }
        },
        {
            "name": "Handle",
            "from": [ 1.4, 12.88, 0.55 ], 
            "to": [ 1.67, 29.18, 0.71 ], 
            "faces": {
                "north": { "texture": "#cyan_concrete", "uv": [ 0, 0, 0.27, 16 ] },
                "east": { "texture": "#cyan_concrete", "uv": [ 0, 0, 0.16, 16 ] },
                "south": { "texture": "#cyan_concrete", "uv": [ 0, 0, 0.27, 16 ] },
                "up": { "texture": "#cyan_concrete", "uv": [ 0, 0, 0.27, 0.16 ] }
            }
        },
        {
            "name": "Handle",
            "from": [ 10.01, 29.99, 0.55 ], 
            "to": [ 10.26, 30.87, 0.71 ], 
            "rotation": { "origin": [ 8, 8, 8 ], "axis": "z", "angle": 22.5 },
            "faces": {
                "north": { "texture": "#cyan_concrete", "uv": [ 0, 0, 0.25, 0.88 ] },
                "east": { "texture": "#cyan_concrete", "uv": [ 0, 0, 0.16, 0.88 ] },
                "south": { "texture": "#cyan_concrete", "uv": [ 0, 0, 0.25, 0.88 ] },
                "west": { "texture": "#cyan_concrete", "uv": [ 0, 0, 0.16, 0.88 ] },
                "up": { "texture": "#cyan_concrete", "uv": [ 0, 0, 0.25, 0.16 ] },
                "down": { "texture": "#cyan_concrete", "uv": [ 0, 0, 0.25, 0.16 ] }
            }
        },
        {
            "name": "Handle",
            "from": [ 18.598, 28.25, 0.55 ], 
            "to": [ 18.838, 29.43, 0.71 ], 
            "rotation": { "origin": [ 8, 8, 8 ], "axis": "z", "angle": 45.0 },
            "faces": {
                "north": { "texture": "#cyan_concrete", "uv": [ 0, 0, 0.24, 1.18 ] },
                "east": { "texture": "#cyan_concrete", "uv": [ 0, 0, 0.16, 1.18 ] },
                "south": { "texture": "#cyan_concrete", "uv": [ 0, 0, 0.24, 1.18 ] },
                "west": { "texture": "#cyan_concrete", "uv": [ 0, 0, 0.16, 1.18 ] },
                "up": { "texture": "#cyan_concrete", "uv": [ 0, 0, 0.24, 0.16 ] },
                "down": { "texture": "#cyan_concrete", "uv": [ 0, 0, 0.24, 0.16 ] }
            }
        },
        {
            "name": "Handle",
            "from": [ 0.25, 29.17, 0.54 ], 
            "to": [ 1.16, 29.77, 0.72 ], 
            "faces": {
                "north": { "texture": "#gray_concrete", "uv": [ 0, 0, 0.91, 0.6 ] },
                "east": { "texture": "#gray_concrete", "uv": [ 0, 0, 0.18, 0.6 ] },
                "south": { "texture": "#gray_concrete", "uv": [ 0, 0, 0.91, 0.6 ] },
                "west": { "texture": "#gray_concrete", "uv": [ 0, 0, 0.18, 0.6 ] },
                "up": { "texture": "#gray_concrete", "uv": [ 0, 0, 0.91, 0.18 ] }
            }
        },
        {
            "name": "Handle",
            "from": [ 9.086, 30.09, 0.54 ], 
            "to": [ 10.009, 30.84, 0.72 ], 
            "rotation": { "origin": [ 8, 8, 8 ], "axis": "z", "angle": 22.5 },
            "faces": {
                "north": { "texture": "#gray_concrete", "uv": [ 0, 0, 0.923, 0.75 ] },
                "east": { "texture": "#gray_concrete", "uv": [ 0, 0, 0.18, 0.75 ] },
                "south": { "texture": "#gray_concrete", "uv": [ 0, 0, 0.923, 0.75 ] },
                "west": { "texture": "#gray_concrete", "uv": [ 0, 0, 0.18, 0.75 ] },
                "up": { "texture": "#gray_concrete", "uv": [ 0, 0, 0.923, 0.18 ] },
                "down": { "texture": "#gray_concrete", "uv": [ 0, 0, 0.923, 0.18 ] }
            }
        },
        {
            "name": "Handle",
            "from": [ 18.076, 28.33, 0.54 ], 
            "to": [ 18.599, 28.97, 0.72 ], 
            "rotation": { "origin": [ 8, 8, 8 ], "axis": "z", "angle": 45.0 },
            "faces": {
                "north": { "texture": "#gray_concrete", "uv": [ 0, 0, 0.523, 0.64 ] },
                "east": { "texture": "#gray_concrete", "uv": [ 0, 0, 0.18, 0.64 ] },
                "south": { "texture": "#gray_concrete", "uv": [ 0, 0, 0.523, 0.64 ] },
                "west": { "texture": "#gray_concrete", "uv": [ 0, 0, 0.18, 0.64 ] },
                "up": { "texture": "#gray_concrete", "uv": [ 0, 0, 0.523, 0.18 ] },
                "down": { "texture": "#gray_concrete", "uv": [ 0, 0, 0.523, 0.18 ] }
            }
        },
        {
            "name": "Handle",
            "from": [ 0.25, 29.72, 0.54 ], 
            "to": [ 0.66, 30.32, 0.72 ], 
            "faces": {
                "north": { "texture": "#gray_concrete", "uv": [ 0, 0, 0.41, 0.6 ] },
                "east": { "texture": "#gray_concrete", "uv": [ 0, 0, 0.18, 0.6 ] },
                "south": { "texture": "#gray_concrete", "uv": [ 0, 0, 0.41, 0.6 ] },
                "west": { "texture": "#gray_concrete", "uv": [ 0, 0, 0.18, 0.6 ] },
                "up": { "texture": "#gray_concrete", "uv": [ 0, 0, 0.41, 0.18 ] }
            }
        },
        {
            "name": "Handle",
            "from": [ 0.248, 30.617, 0.55 ], 
            "to": [ 0.508, 30.817, 0.71 ], 
            "faces": {
                "north": { "texture": "#cyan_concrete", "uv": [ 0, 0, 0.26, 0.2 ] },
                "east": { "texture": "#cyan_concrete", "uv": [ 0, 0, 0.16, 0.2 ] },
                "south": { "texture": "#cyan_concrete", "uv": [ 0, 0, 0.26, 0.2 ] },
                "west": { "texture": "#cyan_concrete", "uv": [ 0, 0, 0.16, 0.2 ] },
                "up": { "texture": "#cyan_concrete", "uv": [ 0, 0, 0.26, 0.16 ] },
                "down": { "texture": "#cyan_concrete", "uv": [ 0, 0, 0.26, 0.16 ] }
            }
        },
        {
            "name": "Handle",
            "from": [ 0.25, 30.317, 0.54 ], 
            "to": [ 0.51, 30.477, 0.72 ], 
            "faces": {
                "north": { "texture": "#gray_concrete", "uv": [ 0, 0, 0.26, 0.16 ] },
                "east": { "texture": "#gray_concrete", "uv": [ 0, 0, 0.18, 0.16 ] },
                "south": { "texture": "#gray_concrete", "uv": [ 0, 0, 0.26, 0.16 ] },
                "west": { "texture": "#gray_concrete", "uv": [ 0, 0, 0.18, 0.16 ] },
                "up": { "texture": "#gray_concrete", "uv": [ 0, 0, 0.26, 0.18 ] }
            }
        },
        {
            "name": "Handle",
            "from": [ 18.43, 28.947, 0.54 ], 
            "to": [ 18.6, 29.387, 0.72 ], 
            "rotation": { "origin": [ 8, 8, 8 ], "axis": "z", "angle": 45.0 },
            "faces": {
                "north": { "texture": "#gray_concrete", "uv": [ 0, 0, 0.17, 0.44 ] },
                "east": { "texture": "#gray_concrete", "uv": [ 0, 0, 0.18, 0.44 ] },
                "south": { "texture": "#gray_concrete", "uv": [ 0, 0, 0.17, 0.44 ] },
                "west": { "texture": "#gray_concrete", "uv": [ 0, 0, 0.18, 0.44 ] },
                "up": { "texture": "#gray_concrete", "uv": [ 0, 0, 0.17, 0.18 ] },
                "down": { "texture": "#gray_concrete", "uv": [ 0, 0, 0.17, 0.18 ] }
            }
        },
        {
            "name": "Handle",
            "from": [ 0.25, 30.457, 0.54 ], 
            "to": [ 0.37, 30.617, 0.72 ], 
            "faces": {
                "north": { "texture": "#gray_concrete", "uv": [ 0, 0, 0.12, 0.16 ] },
                "east": { "texture": "#gray_concrete", "uv": [ 0, 0, 0.18, 0.16 ] },
                "south": { "texture": "#gray_concrete", "uv": [ 0, 0, 0.12, 0.16 ] },
                "west": { "texture": "#gray_concrete", "uv": [ 0, 0, 0.18, 0.16 ] },
                "up": { "texture": "#gray_concrete", "uv": [ 0, 0, 0.12, 0.18 ] }
            }
        },
        {
            "name": "Handle",
            "from": [ 8.34, 12, -1.61 ], 
            "to": [ 9.04, 12.5, -0.71 ], 
            "rotation": { "origin": [ 8, 8, 8 ], "axis": "y", "angle": 45.0 },
            "faces": {
                "north": { "texture": "#black_concrete", "uv": [ 0, 0, 0.7, 0.5 ] },
                "east": { "texture": "#black_concrete", "uv": [ 0, 0, 0.9, 0.5 ] },
                "south": { "texture": "#black_concrete", "uv": [ 0, 0, 0.7, 0.5 ] },
                "west": { "texture": "#black_concrete", "uv": [ 0, 0, 0.9, 0.5 ] },
                "up": { "texture": "#black_concrete", "uv": [ 0, 0, 3.19, 0.9 ] },
                "down": { "texture": "#black_concrete", "uv": [ 0, 0, 3.19, 0.9 ] }
            }
        },
        {
            "name": "White",
            "from": [ 0.31, 1, 0.4 ], 
            "to": [ 1.8, 12, 0.9 ], 
            "faces": {
                "north": { "texture": "#white_concrete", "uv": [ 0, 0, 1.49, 11 ] },
                "east": { "texture": "#white_concrete", "uv": [ 0, 0, 0.5, 11 ] },
                "south": { "texture": "#white_concrete", "uv": [ 0, 0, 1.49, 11 ] },
                "west": { "texture": "#white_concrete", "uv": [ 0, 0, 0.5, 11 ] }
            }
        },
        {
            "name": "White",
            "from": [ 7.58, 1, -2.46 ], 
            "to": [ 8.38, 12, -2.18 ], 
            "rotation": { "origin": [ 8, 8, 8 ], "axis": "y", "angle": 45.0 },
            "faces": {
                "north": { "texture": "#white_concrete", "uv": [ 0, 0, 0.8, 11 ] },
                "east": { "texture": "#white_concrete", "uv": [ 0, 0, 0.28, 11 ] },
                "south": { "texture": "#white_concrete", "uv": [ 0, 0, 0.8, 11 ] },
                "west": { "texture": "#white_concrete", "uv": [ 0, 0, 0.28, 11 ] },
                "up": { "texture": "#white_concrete", "uv": [ 0, 0, 0.8, 0.28 ] },
                "down": { "texture": "#white_concrete", "uv": [ 0, 0, 0.8, 0.28 ] }
            }
        },
        {
            "name": "White",
            "from": [ 8.578, 1, -2.04 ], 
            "to": [ 8.988, 12, -1.76 ], 
            "rotation": { "origin": [ 8, 8, 8 ], "axis": "y", "angle": 45.0 },
            "faces": {
                "north": { "texture": "#white_concrete", "uv": [ 0, 0, 0.41, 11 ] },
                "east": { "texture": "#white_concrete", "uv": [ 0, 0, 0.28, 11 ] },
                "south": { "texture": "#white_concrete", "uv": [ 0, 0, 0.41, 11 ] },
                "west": { "texture": "#white_concrete", "uv": [ 0, 0, 0.28, 11 ] },
                "up": { "texture": "#white_concrete", "uv": [ 0, 0, 0.41, 0.28 ] },
                "down": { "texture": "#white_concrete", "uv": [ 0, 0, 0.41, 0.28 ] }
            }
        },
        {
            "name": "White",
            "from": [ -2.21, 1, 7.33 ], 
            "to": [ -1.41, 12, 7.61 ], 
            "rotation": { "origin": [ 8, 8, 8 ], "axis": "y", "angle": -45.0 },
            "faces": {
                "north": { "texture": "#white_concrete", "uv": [ 0, 0, 0.8, 11 ] },
                "east": { "texture": "#white_concrete", "uv": [ 0, 0, 0.28, 11 ] },
                "south": { "texture": "#white_concrete", "uv": [ 0, 0, 0.8, 11 ] },
                "west": { "texture": "#white_concrete", "uv": [ 0, 0, 0.28, 11 ] },
                "up": { "texture": "#white_concrete", "uv": [ 0, 0, 0.8, 0.28 ] },
                "down": { "texture": "#white_concrete", "uv": [ 0, 0, 0.8, 0.28 ] }
            }
        },
        {
            "name": "White",
            "from": [ -2.81, 1, 7.78 ], 
            "to": [ -2.01, 12, 8.06 ], 
            "rotation": { "origin": [ 8, 8, 8 ], "axis": "y", "angle": -45.0 },
            "faces": {
                "north": { "texture": "#white_concrete", "uv": [ 0, 0, 0.8, 11 ] },
                "east": { "texture": "#white_concrete", "uv": [ 0, 0, 0.28, 11 ] },
                "south": { "texture": "#white_concrete", "uv": [ 0, 0, 0.8, 11 ] },
                "west": { "texture": "#white_concrete", "uv": [ 0, 0, 0.28, 11 ] },
                "up": { "texture": "#white_concrete", "uv": [ 0, 0, 0.8, 0.28 ] },
                "down": { "texture": "#white_concrete", "uv": [ 0, 0, 0.8, 0.28 ] }
            }
        },
        {
            "name": "Yellow",
            "from": [ 0.62, 1.8, 0.19 ], 
            "to": [ 1.42, 2.1, 1.11 ], 
            "faces": {
                "north": { "texture": "#cyan_concrete", "uv": [ 0, 0, 0.8, 0.3 ] },
                "east": { "texture": "#cyan_concrete", "uv": [ 0, 0, 0.92, 0.3 ] },
                "south": { "texture": "#cyan_concrete", "uv": [ 0, 0, 0.8, 0.3 ] },
                "west": { "texture": "#cyan_concrete", "uv": [ 0, 0, 0.92, 0.3 ] },
                "up": { "texture": "#cyan_concrete", "uv": [ 0, 0, 0.8, 0.92 ] },
                "down": { "texture": "#cyan_concrete", "uv": [ 0, 0, 0.8, 0.92 ] }
            }
        },
        {
            "name": "Yellow",
            "from": [ 0.62, 2.8, 0.19 ], 
            "to": [ 1.42, 3.1, 1.11 ], 
            "faces": {
                "north": { "texture": "#cyan_concrete", "uv": [ 0, 0, 0.8, 0.3 ] },
                "east": { "texture": "#cyan_concrete", "uv": [ 0, 0, 0.92, 0.3 ] },
                "south": { "texture": "#cyan_concrete", "uv": [ 0, 0, 0.8, 0.3 ] },
                "west": { "texture": "#cyan_concrete", "uv": [ 0, 0, 0.92, 0.3 ] },
                "up": { "texture": "#cyan_concrete", "uv": [ 0, 0, 0.8, 0.92 ] },
                "down": { "texture": "#cyan_concrete", "uv": [ 0, 0, 0.8, 0.92 ] }
            }
        },
        {
            "name": "Yellow",
            "from": [ 0.62, 3.8, 0.19 ], 
            "to": [ 1.42, 4.1, 1.11 ], 
            "faces": {
                "north": { "texture": "#cyan_concrete", "uv": [ 0, 0, 0.8, 0.3 ] },
                "east": { "texture": "#cyan_concrete", "uv": [ 0, 0, 0.92, 0.3 ] },
                "south": { "texture": "#cyan_concrete", "uv": [ 0, 0, 0.8, 0.3 ] },
                "west": { "texture": "#cyan_concrete", "uv": [ 0, 0, 0.92, 0.3 ] },
                "up": { "texture": "#cyan_concrete", "uv": [ 0, 0, 0.8, 0.92 ] },
                "down": { "texture": "#cyan_concrete", "uv": [ 0, 0, 0.8, 0.92 ] }
            }
        },
        {
            "name": "Yellow",
            "from": [ 0.62, 4.8, 0.19 ], 
            "to": [ 1.42, 5.1, 1.11 ], 
            "faces": {
                "north": { "texture": "#cyan_concrete", "uv": [ 0, 0, 0.8, 0.3 ] },
                "east": { "texture": "#cyan_concrete", "uv": [ 0, 0, 0.92, 0.3 ] },
                "south": { "texture": "#cyan_concrete", "uv": [ 0, 0, 0.8, 0.3 ] },
                "west": { "texture": "#cyan_concrete", "uv": [ 0, 0, 0.92, 0.3 ] },
                "up": { "texture": "#cyan_concrete", "uv": [ 0, 0, 0.8, 0.92 ] },
                "down": { "texture": "#cyan_concrete", "uv": [ 0, 0, 0.8, 0.92 ] }
            }
        },
        {
            "name": "Yellow",
            "from": [ 0.62, 5.8, 0.19 ], 
            "to": [ 1.42, 6.1, 1.11 ], 
            "faces": {
                "north": { "texture": "#cyan_concrete", "uv": [ 0, 0, 0.8, 0.3 ] },
                "east": { "texture": "#cyan_concrete", "uv": [ 0, 0, 0.92, 0.3 ] },
                "south": { "texture": "#cyan_concrete", "uv": [ 0, 0, 0.8, 0.3 ] },
                "west": { "texture": "#cyan_concrete", "uv": [ 0, 0, 0.92, 0.3 ] },
                "up": { "texture": "#cyan_concrete", "uv": [ 0, 0, 0.8, 0.92 ] },
                "down": { "texture": "#cyan_concrete", "uv": [ 0, 0, 0.8, 0.92 ] }
            }
        },
        {
            "name": "Yellow",
            "from": [ 0.62, 6.8, 0.19 ], 
            "to": [ 1.42, 7.1, 1.11 ], 
            "faces": {
                "north": { "texture": "#cyan_concrete", "uv": [ 0, 0, 0.8, 0.3 ] },
                "east": { "texture": "#cyan_concrete", "uv": [ 0, 0, 0.92, 0.3 ] },
                "south": { "texture": "#cyan_concrete", "uv": [ 0, 0, 0.8, 0.3 ] },
                "west": { "texture": "#cyan_concrete", "uv": [ 0, 0, 0.92, 0.3 ] },
                "up": { "texture": "#cyan_concrete", "uv": [ 0, 0, 0.8, 0.92 ] },
                "down": { "texture": "#cyan_concrete", "uv": [ 0, 0, 0.8, 0.92 ] }
            }
        },
        {
            "name": "Yellow",
            "from": [ 0.62, 7.8, 0.19 ], 
            "to": [ 1.42, 8.1, 1.11 ], 
            "faces": {
                "north": { "texture": "#cyan_concrete", "uv": [ 0, 0, 0.8, 0.3 ] },
                "east": { "texture": "#cyan_concrete", "uv": [ 0, 0, 0.92, 0.3 ] },
                "south": { "texture": "#cyan_concrete", "uv": [ 0, 0, 0.8, 0.3 ] },
                "west": { "texture": "#cyan_concrete", "uv": [ 0, 0, 0.92, 0.3 ] },
                "up": { "texture": "#cyan_concrete", "uv": [ 0, 0, 0.8, 0.92 ] },
                "down": { "texture": "#cyan_concrete", "uv": [ 0, 0, 0.8, 0.92 ] }
            }
        },
        {
            "name": "Yellow",
            "from": [ 0.62, 8.8, 0.19 ], 
            "to": [ 1.42, 9.1, 1.11 ], 
            "faces": {
                "north": { "texture": "#cyan_concrete", "uv": [ 0, 0, 0.8, 0.3 ] },
                "east": { "texture": "#cyan_concrete", "uv": [ 0, 0, 0.92, 0.3 ] },
                "south": { "texture": "#cyan_concrete", "uv": [ 0, 0, 0.8, 0.3 ] },
                "west": { "texture": "#cyan_concrete", "uv": [ 0, 0, 0.92, 0.3 ] },
                "up": { "texture": "#cyan_concrete", "uv": [ 0, 0, 0.8, 0.92 ] },
                "down": { "texture": "#cyan_concrete", "uv": [ 0, 0, 0.8, 0.92 ] }
            }
        },
        {
            "name": "Yellow",
            "from": [ 0.62, 9.8, 0.19 ], 
            "to": [ 1.42, 10.1, 1.11 ], 
            "faces": {
                "north": { "texture": "#cyan_concrete", "uv": [ 0, 0, 0.8, 0.3 ] },
                "east": { "texture": "#cyan_concrete", "uv": [ 0, 0, 0.92, 0.3 ] },
                "south": { "texture": "#cyan_concrete", "uv": [ 0, 0, 0.8, 0.3 ] },
                "west": { "texture": "#cyan_concrete", "uv": [ 0, 0, 0.92, 0.3 ] },
                "up": { "texture": "#cyan_concrete", "uv": [ 0, 0, 0.8, 0.92 ] },
                "down": { "texture": "#cyan_concrete", "uv": [ 0, 0, 0.8, 0.92 ] }
            }
        },
        {
            "name": "Yellow",
            "from": [ 0.62, 10.8, 0.19 ], 
            "to": [ 1.42, 11.1, 1.11 ], 
            "faces": {
                "north": { "texture": "#cyan_concrete", "uv": [ 0, 0, 0.8, 0.3 ] },
                "east": { "texture": "#cyan_concrete", "uv": [ 0, 0, 0.92, 0.3 ] },
                "south": { "texture": "#cyan_concrete", "uv": [ 0, 0, 0.8, 0.3 ] },
                "west": { "texture": "#cyan_concrete", "uv": [ 0, 0, 0.92, 0.3 ] },
                "up": { "texture": "#cyan_concrete", "uv": [ 0, 0, 0.8, 0.92 ] },
                "down": { "texture": "#cyan_concrete", "uv": [ 0, 0, 0.8, 0.92 ] }
            }
        },
        {
            "name": "Yellow",
            "from": [ 0.62, 11.6, 0.19 ], 
            "to": [ 1.42, 11.9, 1.11 ], 
            "faces": {
                "north": { "texture": "#cyan_concrete", "uv": [ 0, 0, 0.8, 0.3 ] },
                "east": { "texture": "#cyan_concrete", "uv": [ 0, 0, 0.92, 0.3 ] },
                "south": { "texture": "#cyan_concrete", "uv": [ 0, 0, 0.8, 0.3 ] },
                "west": { "texture": "#cyan_concrete", "uv": [ 0, 0, 0.92, 0.3 ] },
                "up": { "texture": "#cyan_concrete", "uv": [ 0, 0, 0.8, 0.92 ] },
                "down": { "texture": "#cyan_concrete", "uv": [ 0, 0, 0.8, 0.92 ] }
            }
        },
        {
            "name": "Handle",
            "from": [ -0.61, 12, 0.2 ], 
            "to": [ 2.6, 12.5, 1.1 ], 
            "faces": {
                "north": { "texture": "#black_concrete", "uv": [ 0, 0, 3.21, 0.5 ] },
                "east": { "texture": "#black_concrete", "uv": [ 0, 0, 0.9, 0.5 ] },
                "south": { "texture": "#black_concrete", "uv": [ 0, 0, 3.21, 0.5 ] },
                "west": { "texture": "#black_concrete", "uv": [ 0, 0, 0.9, 0.5 ] },
                "up": { "texture": "#black_concrete", "uv": [ 0, 0, 3.19, 0.9 ] },
                "down": { "texture": "#black_concrete", "uv": [ 0, 0, 3.19, 0.9 ] }
            }
        },
        {
            "name": "Handle",
            "from": [ 4.29, 12, -1.07 ], 
            "to": [ 4.98, 12.5, -0.17 ], 
            "rotation": { "origin": [ 8, 8, 8 ], "axis": "y", "angle": 22.5 },
            "faces": {
                "north": { "texture": "#black_concrete", "uv": [ 0, 0, 0.69, 0.5 ] },
                "east": { "texture": "#black_concrete", "uv": [ 0, 0, 0.9, 0.5 ] },
                "south": { "texture": "#black_concrete", "uv": [ 0, 0, 0.69, 0.5 ] },
                "west": { "texture": "#black_concrete", "uv": [ 0, 0, 0.9, 0.5 ] },
                "up": { "texture": "#black_concrete", "uv": [ 0, 0, 3.19, 0.9 ] },
                "down": { "texture": "#black_concrete", "uv": [ 0, 0, 3.19, 0.9 ] }
            }
        },
        {
            "name": "Handle",
            "from": [ 0.54, 12, -0.58 ], 
            "to": [ 1.44, 12.5, 1.88 ], 
            "faces": {
                "north": { "texture": "#black_concrete", "uv": [ 0, 0, 0.9, 0.5 ] },
                "east": { "texture": "#black_concrete", "uv": [ 0, 0, 0.9, 0.5 ] },
                "south": { "texture": "#black_concrete", "uv": [ 0, 0, 0.9, 0.5 ] },
                "west": { "texture": "#black_concrete", "uv": [ 0, 0, 0.9, 0.5 ] },
                "up": { "texture": "#black_concrete", "uv": [ 0, 0, 3.19, 0.9 ] },
                "down": { "texture": "#black_concrete", "uv": [ 0, 0, 3.19, 0.9 ] }
            }
        },
        {
            "name": "Handle",
            "from": [ -2.96, 12, 8.3 ], 
            "to": [ -2.26, 12.5, 9.22 ], 
            "rotation": { "origin": [ 8, 8, 8 ], "axis": "y", "angle": -45.0 },
            "faces": {
                "north": { "texture": "#black_concrete", "uv": [ 0, 0, 0.7, 0.5 ] },
                "east": { "texture": "#black_concrete", "uv": [ 0, 0, 0.9, 0.5 ] },
                "south": { "texture": "#black_concrete", "uv": [ 0, 0, 0.7, 0.5 ] },
                "west": { "texture": "#black_concrete", "uv": [ 0, 0, 0.9, 0.5 ] },
                "up": { "texture": "#black_concrete", "uv": [ 0, 0, 3.19, 0.9 ] },
                "down": { "texture": "#black_concrete", "uv": [ 0, 0, 3.19, 0.9 ] }
            }
        },
        {
            "name": "Handle",
            "from": [ -1.96, 12, 4.27 ], 
            "to": [ -1.26, 12.5, 5.2 ], 
            "rotation": { "origin": [ 8, 8, 8 ], "axis": "y", "angle": -22.5 },
            "faces": {
                "north": { "texture": "#black_concrete", "uv": [ 0, 0, 0.7, 0.5 ] },
                "east": { "texture": "#black_concrete", "uv": [ 0, 0, 0.9, 0.5 ] },
                "south": { "texture": "#black_concrete", "uv": [ 0, 0, 0.7, 0.5 ] },
                "west": { "texture": "#black_concrete", "uv": [ 0, 0, 0.9, 0.5 ] },
                "up": { "texture": "#black_concrete", "uv": [ 0, 0, 3.19, 0.9 ] },
                "down": { "texture": "#black_concrete", "uv": [ 0, 0, 3.19, 0.9 ] }
            }
        },
        {
            "name": "Handle",
            "from": [ 7.44, 12, -3.61 ], 
            "to": [ 8.14, 12.5, -2.69 ], 
            "rotation": { "origin": [ 8, 8, 8 ], "axis": "y", "angle": 45.0},
            "faces": {
                "north": { "texture": "#black_concrete", "uv": [ 0, 0, 0.7, 0.5 ] },
                "east": { "texture": "#black_concrete", "uv": [ 0, 0, 0.9, 0.5 ] },
                "south": { "texture": "#black_concrete", "uv": [ 0, 0, 0.7, 0.5 ] },
                "west": { "texture": "#black_concrete", "uv": [ 0, 0, 0.9, 0.5 ] },
                "up": { "texture": "#black_concrete", "uv": [ 0, 0, 3.19, 0.9 ] },
                "down": { "texture": "#black_concrete", "uv": [ 0, 0, 3.19, 0.9 ] }
            }
        },
        {
            "name": "Handle",
            "from": [ 3.67, 12, -2.79 ], 
            "to": [ 4.39, 12.5, -1.87 ], 
            "rotation": { "origin": [ 8, 8, 8 ], "axis": "y", "angle": 22.5},
            "faces": {
                "north": { "texture": "#black_concrete", "uv": [ 0, 0, 0.72, 0.5 ] },
                "east": { "texture": "#black_concrete", "uv": [ 0, 0, 0.9, 0.5 ] },
                "south": { "texture": "#black_concrete", "uv": [ 0, 0, 0.72, 0.5 ] },
                "west": { "texture": "#black_concrete", "uv": [ 0, 0, 0.9, 0.5 ] },
                "up": { "texture": "#black_concrete", "uv": [ 0, 0, 3.19, 0.9 ] },
                "down": { "texture": "#black_concrete", "uv": [ 0, 0, 3.19, 0.9 ] }
            }
        },
        {
            "name": "Handle",
            "from": [ 8.96, 12, -2.27 ], 
            "to": [ 9.68, 12.5, -1.35 ], 
            "rotation": { "origin": [ 8, 8, 8 ], "axis": "y", "angle": 45.0},
            "faces": {
                "north": { "texture": "#black_concrete", "uv": [ 0, 0, 0.72, 0.5 ] },
                "east": { "texture": "#black_concrete", "uv": [ 0, 0, 0.9, 0.5 ] },
                "south": { "texture": "#black_concrete", "uv": [ 0, 0, 0.72, 0.5 ] },
                "west": { "texture": "#black_concrete", "uv": [ 0, 0, 0.9, 0.5 ] },
                "up": { "texture": "#black_concrete", "uv": [ 0, 0, 3.19, 0.9 ] },
                "down": { "texture": "#black_concrete", "uv": [ 0, 0, 3.19, 0.9 ] }
            }
        },
        {
            "name": "Handle",
            "from": [ -1.35, 12, 2.58 ], 
            "to": [ -0.83, 12.5, 3.5 ], 
            "rotation": { "origin": [ 8, 8, 8 ], "axis": "y", "angle": -22.5},
            "faces": {
                "north": { "texture": "#black_concrete", "uv": [ 0, 0, 0.52, 0.5 ] },
                "east": { "texture": "#black_concrete", "uv": [ 0, 0, 0.9, 0.5 ] },
                "south": { "texture": "#black_concrete", "uv": [ 0, 0, 0.52, 0.5 ] },
                "west": { "texture": "#black_concrete", "uv": [ 0, 0, 0.9, 0.5 ] },
                "up": { "texture": "#black_concrete", "uv": [ 0, 0, 3.19, 0.9 ] },
                "down": { "texture": "#black_concrete", "uv": [ 0, 0, 3.19, 0.9 ] }
            }
        }
    ]
}