{
    "parent": "item/handheld",
    "textures": {
        "layer0": "item/netherite_sword"
    },

    "overrides": [
        { "predicate": { "custom_model_data": 1 }, "model": "item/nichirins/zenitsunichirin" },
        { "predicate": { "custom_model_data": 2 }, "model": "item/nichirins/tanjironichirin" },
        { "predicate": { "custom_model_data": 3 }, "model": "item/nichirins/giuynichirin" },
        { "predicate": { "custom_model_data": 100 }, "model": "item/nichirins/nonenichirin" },
        { "predicate": { "custom_model_data": 4 }, "model": "item/nichirins/flamenichirin" },
        { "predicate": { "custom_model_data": 21 }, "model": "item/nichirins/tanjironichirinkagura" }
    ]
}