{
	"credit": "Made with Blockbench",
	"textures": {
		"4": "blocks/black_concrete",
		"particle": "blocks/black_concrete",
		"yellow_concrete": "blocks/yellow_concrete",
		"white_concrete": "blocks/white_concrete"
	},
	"elements": [
		{
			"name": "White",
			"from": [0.51, -11.475, 0.2],
			"to": [1.6, -0.475, 1.1],
			"rotation": {"angle": 0, "axis": "y", "origin": [0, -12.475, 0]},
			"faces": {
				"north": {"uv": [0, 0, 1.09, 11], "texture": "#white_concrete"},
				"east": {"uv": [0, 0, 0.9, 11], "texture": "#white_concrete"},
				"south": {"uv": [0, 0, 1.09, 11], "texture": "#white_concrete"},
				"west": {"uv": [0, 0, 0.9, 11], "texture": "#white_concrete"}
			}
		},
		{
			"name": "Handle",
			"from": [-0.4, -0.475, 0],
			"to": [2.39, 0.025, 1.3],
			"rotation": {"angle": 0, "axis": "y", "origin": [0, -12.475, 0]},
			"faces": {
				"north": {"uv": [0, 0, 2.79, 0.5], "texture": "#white_concrete"},
				"east": {"uv": [0, 0, 1.3, 0.5], "texture": "#white_concrete"},
				"south": {"uv": [0, 0, 2.79, 0.5], "texture": "#white_concrete"},
				"west": {"uv": [0, 0, 1.3, 0.5], "texture": "#white_concrete"},
				"up": {"uv": [0, 0, 2.79, 1.3], "texture": "#white_concrete"},
				"down": {"uv": [0, 0, 2.79, 1.3], "texture": "#white_concrete"}
			}
		},
		{
			"name": "Handle",
			"from": [0.18, 0.005, 0.49],
			"to": [1.77, 0.83, 0.77],
			"rotation": {"angle": 0, "axis": "y", "origin": [0, -12.475, 0]},
			"faces": {
				"north": {"uv": [0, 0, 1.59, 0.5], "texture": "#white_concrete"},
				"east": {"uv": [0, 0, 0.28, 0.5], "texture": "#white_concrete"},
				"south": {"uv": [0, 0, 1.59, 0.5], "texture": "#white_concrete"},
				"west": {"uv": [0, 0, 0.28, 0.5], "texture": "#white_concrete"},
				"up": {"uv": [0, 0, 1.59, 0.28], "texture": "#white_concrete"}
			}
		},
		{
			"name": "Handle",
			"from": [0.25, 0.405, 0.54],
			"to": [1.4, 24.655, 0.72],
			"rotation": {"angle": 0, "axis": "y", "origin": [0, -12.475, 0]},
			"faces": {
				"north": {"uv": [0, 0, 1.15, 16], "texture": "#4"},
				"east": {"uv": [0, 0, 0.18, 16], "texture": "#4"},
				"south": {"uv": [0, 0, 1.15, 16], "texture": "#4"},
				"west": {"uv": [0, 0, 0.18, 16], "texture": "#4"},
				"up": {"uv": [0, 0, 1.15, 0.18], "texture": "#4"},
				"down": {"uv": [0, 0, 0, 0], "texture": "#4"}
			}
		},
		{
			"name": "Handle",
			"from": [1.4, 0.405, 0.55],
			"to": [1.67, 24.63, 0.71],
			"rotation": {"angle": 0, "axis": "y", "origin": [0, -12.475, 0]},
			"faces": {
				"north": {"uv": [0, 0, 0.27, 16], "texture": "#white_concrete"},
				"east": {"uv": [0, 0, 0.16, 16], "texture": "#white_concrete"},
				"south": {"uv": [0, 0, 0.27, 16], "texture": "#white_concrete"},
				"west": {"uv": [0, 0, 0, 0], "texture": "#white_concrete"},
				"up": {"uv": [0, 0, 0.27, 0.16], "texture": "#white_concrete"},
				"down": {"uv": [0, 0, 0, 0], "texture": "#white_concrete"}
			}
		},
		{
			"name": "Handle",
			"from": [10.01, 25.44, 0.55],
			"to": [10.26, 26.32, 0.71],
			"rotation": {"angle": 22.5, "axis": "z", "origin": [8, 3.45, 8]},
			"faces": {
				"north": {"uv": [0, 0, 0.25, 0.88], "texture": "#white_concrete"},
				"east": {"uv": [0, 0, 0.16, 0.88], "texture": "#white_concrete"},
				"south": {"uv": [0, 0, 0.25, 0.88], "texture": "#white_concrete"},
				"west": {"uv": [0, 0, 0.16, 0.88], "texture": "#white_concrete"},
				"up": {"uv": [0, 0, 0.25, 0.16], "texture": "#white_concrete"},
				"down": {"uv": [0, 0, 0.25, 0.16], "texture": "#white_concrete"}
			}
		},
		{
			"name": "Handle",
			"from": [18.598, 23.7, 0.55],
			"to": [18.838, 24.88, 0.71],
			"rotation": {"angle": 45, "axis": "z", "origin": [8, 3.45, 8]},
			"faces": {
				"north": {"uv": [0, 0, 0.24, 1.18], "texture": "#white_concrete"},
				"east": {"uv": [0, 0, 0.16, 1.18], "texture": "#white_concrete"},
				"south": {"uv": [0, 0, 0.24, 1.18], "texture": "#white_concrete"},
				"west": {"uv": [0, 0, 0.16, 1.18], "texture": "#white_concrete"},
				"up": {"uv": [0, 0, 0.24, 0.16], "texture": "#white_concrete"},
				"down": {"uv": [0, 0, 0.24, 0.16], "texture": "#white_concrete"}
			}
		},
		{
			"name": "Handle",
			"from": [0.25, 24.62, 0.54],
			"to": [1.16, 25.22, 0.72],
			"rotation": {"angle": 0, "axis": "y", "origin": [0, -4.55, 0]},
			"faces": {
				"north": {"uv": [0, 0, 0.91, 0.6], "texture": "#4"},
				"east": {"uv": [0, 0, 0.18, 0.6], "texture": "#4"},
				"south": {"uv": [0, 0, 0.91, 0.6], "texture": "#4"},
				"west": {"uv": [0, 0, 0.18, 0.6], "texture": "#4"},
				"up": {"uv": [0, 0, 0.91, 0.18], "texture": "#4"},
				"down": {"uv": [0, 0, 0, 0], "texture": "#4"}
			}
		},
		{
			"name": "Handle",
			"from": [9.086, 25.54, 0.54],
			"to": [10.009, 26.29, 0.72],
			"rotation": {"angle": 22.5, "axis": "z", "origin": [8, 3.45, 8]},
			"faces": {
				"north": {"uv": [0, 0, 0.923, 0.75], "texture": "#4"},
				"east": {"uv": [0, 0, 0.18, 0.75], "texture": "#4"},
				"south": {"uv": [0, 0, 0.923, 0.75], "texture": "#4"},
				"west": {"uv": [0, 0, 0.18, 0.75], "texture": "#4"},
				"up": {"uv": [0, 0, 0.923, 0.18], "texture": "#4"},
				"down": {"uv": [0, 0, 0.923, 0.18], "texture": "#4"}
			}
		},
		{
			"name": "Handle",
			"from": [18.076, 23.78, 0.54],
			"to": [18.599, 24.42, 0.72],
			"rotation": {"angle": 45, "axis": "z", "origin": [8, 3.45, 8]},
			"faces": {
				"north": {"uv": [0, 0, 0.523, 0.64], "texture": "#4"},
				"east": {"uv": [0, 0, 0.18, 0.64], "texture": "#4"},
				"south": {"uv": [0, 0, 0.523, 0.64], "texture": "#4"},
				"west": {"uv": [0, 0, 0.18, 0.64], "texture": "#4"},
				"up": {"uv": [0, 0, 0.523, 0.18], "texture": "#4"},
				"down": {"uv": [0, 0, 0.523, 0.18], "texture": "#4"}
			}
		},
		{
			"name": "Handle",
			"from": [0.25, 25.17, 0.54],
			"to": [0.66, 25.77, 0.72],
			"rotation": {"angle": 0, "axis": "y", "origin": [0, -4.55, 0]},
			"faces": {
				"north": {"uv": [0, 0, 0.41, 0.6], "texture": "#4"},
				"east": {"uv": [0, 0, 0.18, 0.6], "texture": "#4"},
				"south": {"uv": [0, 0, 0.41, 0.6], "texture": "#4"},
				"west": {"uv": [0, 0, 0.18, 0.6], "texture": "#4"},
				"up": {"uv": [0, 0, 0.41, 0.18], "texture": "#4"},
				"down": {"uv": [0, 0, 0, 0], "texture": "#4"}
			}
		},
		{
			"name": "Handle",
			"from": [0.248, 26.067, 0.55],
			"to": [0.508, 26.267, 0.71],
			"rotation": {"angle": 0, "axis": "y", "origin": [0, -4.55, 0]},
			"faces": {
				"north": {"uv": [0, 0, 0.26, 0.2], "texture": "#white_concrete"},
				"east": {"uv": [0, 0, 0.16, 0.2], "texture": "#white_concrete"},
				"south": {"uv": [0, 0, 0.26, 0.2], "texture": "#white_concrete"},
				"west": {"uv": [0, 0, 0.16, 0.2], "texture": "#white_concrete"},
				"up": {"uv": [0, 0, 0.26, 0.16], "texture": "#white_concrete"},
				"down": {"uv": [0, 0, 0.26, 0.16], "texture": "#white_concrete"}
			}
		},
		{
			"name": "Handle",
			"from": [0.25, 25.767, 0.54],
			"to": [0.51, 25.927, 0.72],
			"rotation": {"angle": 0, "axis": "y", "origin": [0, -4.55, 0]},
			"faces": {
				"north": {"uv": [0, 0, 0.26, 0.16], "texture": "#4"},
				"east": {"uv": [0, 0, 0.18, 0.16], "texture": "#4"},
				"south": {"uv": [0, 0, 0.26, 0.16], "texture": "#4"},
				"west": {"uv": [0, 0, 0.18, 0.16], "texture": "#4"},
				"up": {"uv": [0, 0, 0.26, 0.18], "texture": "#4"},
				"down": {"uv": [0, 0, 0, 0], "texture": "#4"}
			}
		},
		{
			"name": "Handle",
			"from": [18.43, 24.397, 0.54],
			"to": [18.6, 24.837, 0.72],
			"rotation": {"angle": 45, "axis": "z", "origin": [8, 3.45, 8]},
			"faces": {
				"north": {"uv": [0, 0, 0.17, 0.44], "texture": "#4"},
				"east": {"uv": [0, 0, 0.18, 0.44], "texture": "#4"},
				"south": {"uv": [0, 0, 0.17, 0.44], "texture": "#4"},
				"west": {"uv": [0, 0, 0.18, 0.44], "texture": "#4"},
				"up": {"uv": [0, 0, 0.17, 0.18], "texture": "#4"},
				"down": {"uv": [0, 0, 0.17, 0.18], "texture": "#4"}
			}
		},
		{
			"name": "Handle",
			"from": [0.25, 25.907, 0.54],
			"to": [0.37, 26.067, 0.72],
			"rotation": {"angle": 0, "axis": "y", "origin": [0, -4.55, 0]},
			"faces": {
				"north": {"uv": [0, 0, 0.12, 0.16], "texture": "#4"},
				"east": {"uv": [0, 0, 0.18, 0.16], "texture": "#4"},
				"south": {"uv": [0, 0, 0.12, 0.16], "texture": "#4"},
				"west": {"uv": [0, 0, 0.18, 0.16], "texture": "#4"},
				"up": {"uv": [0, 0, 0.12, 0.18], "texture": "#4"},
				"down": {"uv": [0, 0, 0, 0], "texture": "#4"}
			}
		},
		{
			"name": "Handle",
			"from": [0.29, -0.475, -0.84],
			"to": [1.7, 0.025, 2.01],
			"rotation": {"angle": 0, "axis": "y", "origin": [0, -12.475, 0]},
			"faces": {
				"north": {"uv": [0, 0, 1.41, 0.5], "texture": "#white_concrete"},
				"east": {"uv": [0, 0, 2.85, 0.5], "texture": "#white_concrete"},
				"south": {"uv": [0, 0, 1.41, 0.5], "texture": "#white_concrete"},
				"west": {"uv": [0, 0, 2.85, 0.5], "texture": "#white_concrete"},
				"up": {"uv": [0, 0, 1.41, 2.85], "texture": "#white_concrete"},
				"down": {"uv": [0, 0, 1.41, 2.85], "texture": "#white_concrete"}
			}
		},
		{
			"name": "Handle",
			"from": [0.53, -0.475, -1.1],
			"to": [1.41, 0.025, 2.32],
			"rotation": {"angle": 0, "axis": "y", "origin": [0, -12.475, 0]},
			"faces": {
				"north": {"uv": [0, 0, 0.88, 0.5], "texture": "#white_concrete"},
				"east": {"uv": [0, 0, 3.42, 0.5], "texture": "#white_concrete"},
				"south": {"uv": [0, 0, 0.88, 0.5], "texture": "#white_concrete"},
				"west": {"uv": [0, 0, 3.42, 0.5], "texture": "#white_concrete"},
				"up": {"uv": [0, 0, 0.88, 3.42], "texture": "#white_concrete"},
				"down": {"uv": [0, 0, 0.88, 3.42], "texture": "#white_concrete"}
			}
		},
		{
			"name": "Handle",
			"from": [-0.6, -0.475, 0.2],
			"to": [2.59, 0.025, 1.1],
			"rotation": {"angle": 0, "axis": "y", "origin": [0, -12.475, 0]},
			"faces": {
				"north": {"uv": [0, 0, 3.19, 0.5], "texture": "#white_concrete"},
				"east": {"uv": [0, 0, 0.9, 0.5], "texture": "#white_concrete"},
				"south": {"uv": [0, 0, 3.19, 0.5], "texture": "#white_concrete"},
				"west": {"uv": [0, 0, 0.9, 0.5], "texture": "#white_concrete"},
				"up": {"uv": [0, 0, 3.19, 0.9], "texture": "#white_concrete"},
				"down": {"uv": [0, 0, 3.19, 0.9], "texture": "#white_concrete"}
			}
		},
		{
			"name": "Handle",
			"from": [-0.72, -0.485, 0.25],
			"to": [-0.52, 0.035, 1.11],
			"rotation": {"angle": 0, "axis": "y", "origin": [0, -12.475, 0]},
			"faces": {
				"north": {"uv": [0, 0, 0.2, 0.52], "texture": "#yellow_concrete"},
				"east": {"uv": [0, 0, 0.86, 0.52], "texture": "#yellow_concrete"},
				"south": {"uv": [0, 0, 0.2, 0.52], "texture": "#yellow_concrete"},
				"west": {"uv": [0, 0, 0.86, 0.52], "texture": "#yellow_concrete"},
				"up": {"uv": [0, 0, 0.2, 0.86], "texture": "#yellow_concrete"},
				"down": {"uv": [0, 0, 0.2, 0.86], "texture": "#yellow_concrete"}
			}
		},
		{
			"name": "Handle",
			"from": [-3.65, -0.485, 8.15],
			"to": [-3.45, 0.035, 8.68],
			"rotation": {"angle": -45, "axis": "y", "origin": [8, -4.475, 8]},
			"faces": {
				"north": {"uv": [0, 0, 0.2, 0.52], "texture": "#yellow_concrete"},
				"east": {"uv": [0, 0, 0.53, 0.52], "texture": "#yellow_concrete"},
				"south": {"uv": [0, 0, 0.2, 0.52], "texture": "#yellow_concrete"},
				"west": {"uv": [0, 0, 0.53, 0.52], "texture": "#yellow_concrete"},
				"up": {"uv": [0, 0, 0.2, 0.53], "texture": "#yellow_concrete"},
				"down": {"uv": [0, 0, 0.2, 0.53], "texture": "#yellow_concrete"}
			}
		},
		{
			"name": "Handle",
			"from": [-0.35, -0.485, -0.13],
			"to": [0.21, 0.035, 0.07],
			"rotation": {"angle": 0, "axis": "y", "origin": [0, -12.475, 0]},
			"faces": {
				"north": {"uv": [0, 0, 0.56, 0.52], "texture": "#yellow_concrete"},
				"east": {"uv": [0, 0, 0.2, 0.52], "texture": "#yellow_concrete"},
				"south": {"uv": [0, 0, 0.56, 0.52], "texture": "#yellow_concrete"},
				"west": {"uv": [0, 0, 0.2, 0.52], "texture": "#yellow_concrete"},
				"up": {"uv": [0, 0, 0.56, 0.2], "texture": "#yellow_concrete"},
				"down": {"uv": [0, 0, 0.56, 0.2], "texture": "#yellow_concrete"}
			}
		},
		{
			"name": "Handle",
			"from": [0.16, -0.485, -0.74],
			"to": [0.36, 0.035, -0.069],
			"rotation": {"angle": 0, "axis": "y", "origin": [0, -12.475, 0]},
			"faces": {
				"north": {"uv": [0, 0, 0.2, 0.52], "texture": "#yellow_concrete"},
				"east": {"uv": [0, 0, 0.671, 0.52], "texture": "#yellow_concrete"},
				"south": {"uv": [0, 0, 0.2, 0.52], "texture": "#yellow_concrete"},
				"west": {"uv": [0, 0, 0.671, 0.52], "texture": "#yellow_concrete"},
				"up": {"uv": [0, 0, 0.2, 0.671], "texture": "#yellow_concrete"},
				"down": {"uv": [0, 0, 0.2, 0.671], "texture": "#yellow_concrete"}
			}
		},
		{
			"name": "Handle",
			"from": [8.1, -0.485, -3.31],
			"to": [8.3, 0.035, -3.11],
			"rotation": {"angle": 45, "axis": "y", "origin": [8, -4.475, 8]},
			"faces": {
				"north": {"uv": [0, 0, 0.2, 0.52], "texture": "#yellow_concrete"},
				"east": {"uv": [0, 0, 0.2, 0.52], "texture": "#yellow_concrete"},
				"south": {"uv": [0, 0, 0.2, 0.52], "texture": "#yellow_concrete"},
				"west": {"uv": [0, 0, 0.2, 0.52], "texture": "#yellow_concrete"},
				"up": {"uv": [0, 0, 0.2, 0.2], "texture": "#yellow_concrete"},
				"down": {"uv": [0, 0, 0.2, 0.2], "texture": "#yellow_concrete"}
			}
		},
		{
			"name": "Handle",
			"from": [-3.72, -0.485, 6.83],
			"to": [-3.52, 0.035, 7.36],
			"rotation": {"angle": -45, "axis": "y", "origin": [8, -4.475, 8]},
			"faces": {
				"north": {"uv": [0, 0, 0.2, 0.52], "texture": "#yellow_concrete"},
				"east": {"uv": [0, 0, 0.53, 0.52], "texture": "#yellow_concrete"},
				"south": {"uv": [0, 0, 0.2, 0.52], "texture": "#yellow_concrete"},
				"west": {"uv": [0, 0, 0.53, 0.52], "texture": "#yellow_concrete"},
				"up": {"uv": [0, 0, 0.2, 0.53], "texture": "#yellow_concrete"},
				"down": {"uv": [0, 0, 0.2, 0.53], "texture": "#yellow_concrete"}
			}
		},
		{
			"name": "Handle",
			"from": [0.54, -0.485, -1.11],
			"to": [1.42, 0.035, -0.91],
			"rotation": {"angle": 0, "axis": "y", "origin": [0, -12.475, 0]},
			"faces": {
				"north": {"uv": [0, 0, 0.88, 0.52], "texture": "#yellow_concrete"},
				"east": {"uv": [0, 0, 0.2, 0.52], "texture": "#yellow_concrete"},
				"south": {"uv": [0, 0, 0.88, 0.52], "texture": "#yellow_concrete"},
				"west": {"uv": [0, 0, 0.2, 0.52], "texture": "#yellow_concrete"},
				"up": {"uv": [0, 0, 0.88, 0.2], "texture": "#yellow_concrete"},
				"down": {"uv": [0, 0, 0.88, 0.2], "texture": "#yellow_concrete"}
			}
		},
		{
			"name": "Handle",
			"from": [9.59, -0.485, -3.09],
			"to": [9.79, 0.035, -2.56],
			"rotation": {"angle": 45, "axis": "y", "origin": [8, -4.475, 8]},
			"faces": {
				"north": {"uv": [0, 0, 0.2, 0.52], "texture": "#yellow_concrete"},
				"east": {"uv": [0, 0, 0.53, 0.52], "texture": "#yellow_concrete"},
				"south": {"uv": [0, 0, 0.2, 0.52], "texture": "#yellow_concrete"},
				"west": {"uv": [0, 0, 0.53, 0.52], "texture": "#yellow_concrete"},
				"up": {"uv": [0, 0, 0.2, 0.53], "texture": "#yellow_concrete"},
				"down": {"uv": [0, 0, 0.2, 0.53], "texture": "#yellow_concrete"}
			}
		},
		{
			"name": "Handle",
			"from": [1.6, -0.485, -0.74],
			"to": [1.8, 0.035, -0.069],
			"rotation": {"angle": 0, "axis": "y", "origin": [0, -12.475, 0]},
			"faces": {
				"north": {"uv": [0, 0, 0.2, 0.52], "texture": "#yellow_concrete"},
				"east": {"uv": [0, 0, 0.671, 0.52], "texture": "#yellow_concrete"},
				"south": {"uv": [0, 0, 0.2, 0.52], "texture": "#yellow_concrete"},
				"west": {"uv": [0, 0, 0.671, 0.52], "texture": "#yellow_concrete"},
				"up": {"uv": [0, 0, 0.2, 0.671], "texture": "#yellow_concrete"},
				"down": {"uv": [0, 0, 0.2, 0.671], "texture": "#yellow_concrete"}
			}
		},
		{
			"name": "Handle",
			"from": [9.18, -0.485, -2.23],
			"to": [9.38, 0.035, -2.03],
			"rotation": {"angle": 45, "axis": "y", "origin": [8, -4.475, 8]},
			"faces": {
				"north": {"uv": [0, 0, 0.2, 0.52], "texture": "#yellow_concrete"},
				"east": {"uv": [0, 0, 0.2, 0.52], "texture": "#yellow_concrete"},
				"south": {"uv": [0, 0, 0.2, 0.52], "texture": "#yellow_concrete"},
				"west": {"uv": [0, 0, 0.2, 0.52], "texture": "#yellow_concrete"},
				"up": {"uv": [0, 0, 0.2, 0.2], "texture": "#yellow_concrete"},
				"down": {"uv": [0, 0, 0.2, 0.2], "texture": "#yellow_concrete"}
			}
		},
		{
			"name": "Handle",
			"from": [1.74, -0.485, -0.13],
			"to": [2.3, 0.035, 0.07],
			"rotation": {"angle": 0, "axis": "y", "origin": [0, -12.475, 0]},
			"faces": {
				"north": {"uv": [0, 0, 0.56, 0.52], "texture": "#yellow_concrete"},
				"east": {"uv": [0, 0, 0.2, 0.52], "texture": "#yellow_concrete"},
				"south": {"uv": [0, 0, 0.56, 0.52], "texture": "#yellow_concrete"},
				"west": {"uv": [0, 0, 0.2, 0.52], "texture": "#yellow_concrete"},
				"up": {"uv": [0, 0, 0.56, 0.2], "texture": "#yellow_concrete"},
				"down": {"uv": [0, 0, 0.56, 0.2], "texture": "#yellow_concrete"}
			}
		},
		{
			"name": "Handle",
			"from": [9.52, -0.485, -1.78],
			"to": [9.72, 0.035, -1.24],
			"rotation": {"angle": 45, "axis": "y", "origin": [8, -4.475, 8]},
			"faces": {
				"north": {"uv": [0, 0, 0.2, 0.52], "texture": "#yellow_concrete"},
				"east": {"uv": [0, 0, 0.54, 0.52], "texture": "#yellow_concrete"},
				"south": {"uv": [0, 0, 0.2, 0.52], "texture": "#yellow_concrete"},
				"west": {"uv": [0, 0, 0.54, 0.52], "texture": "#yellow_concrete"},
				"up": {"uv": [0, 0, 0.2, 0.54], "texture": "#yellow_concrete"},
				"down": {"uv": [0, 0, 0.2, 0.54], "texture": "#yellow_concrete"}
			}
		},
		{
			"name": "Handle",
			"from": [2.48, -0.485, 0.25],
			"to": [2.68, 0.035, 1.021],
			"rotation": {"angle": 0, "axis": "y", "origin": [0, -12.475, 0]},
			"faces": {
				"north": {"uv": [0, 0, 0.2, 0.52], "texture": "#yellow_concrete"},
				"east": {"uv": [0, 0, 0.771, 0.52], "texture": "#yellow_concrete"},
				"south": {"uv": [0, 0, 0.2, 0.52], "texture": "#yellow_concrete"},
				"west": {"uv": [0, 0, 0.771, 0.52], "texture": "#yellow_concrete"},
				"up": {"uv": [0, 0, 0.2, 0.771], "texture": "#yellow_concrete"},
				"down": {"uv": [0, 0, 0.2, 0.771], "texture": "#yellow_concrete"}
			}
		},
		{
			"name": "Handle",
			"from": [-0.9, -0.485, 6.82],
			"to": [-0.7, 0.035, 7.35],
			"rotation": {"angle": -45, "axis": "y", "origin": [8, -4.475, 8]},
			"faces": {
				"north": {"uv": [0, 0, 0.2, 0.52], "texture": "#yellow_concrete"},
				"east": {"uv": [0, 0, 0.53, 0.52], "texture": "#yellow_concrete"},
				"south": {"uv": [0, 0, 0.2, 0.52], "texture": "#yellow_concrete"},
				"west": {"uv": [0, 0, 0.53, 0.52], "texture": "#yellow_concrete"},
				"up": {"uv": [0, 0, 0.2, 0.53], "texture": "#yellow_concrete"},
				"down": {"uv": [0, 0, 0.2, 0.53], "texture": "#yellow_concrete"}
			}
		},
		{
			"name": "Handle",
			"from": [1.74, -0.485, 1.18],
			"to": [2.3, 0.035, 1.38],
			"rotation": {"angle": 0, "axis": "y", "origin": [0, -12.475, 0]},
			"faces": {
				"north": {"uv": [0, 0, 0.56, 0.52], "texture": "#yellow_concrete"},
				"east": {"uv": [0, 0, 0.2, 0.52], "texture": "#yellow_concrete"},
				"south": {"uv": [0, 0, 0.56, 0.52], "texture": "#yellow_concrete"},
				"west": {"uv": [0, 0, 0.2, 0.52], "texture": "#yellow_concrete"},
				"up": {"uv": [0, 0, 0.56, 0.2], "texture": "#yellow_concrete"},
				"down": {"uv": [0, 0, 0.56, 0.2], "texture": "#yellow_concrete"}
			}
		},
		{
			"name": "Handle",
			"from": [8.2, -0.485, -1.25],
			"to": [8.4, 0.035, -1.05],
			"rotation": {"angle": 45, "axis": "y", "origin": [8, -4.475, 8]},
			"faces": {
				"north": {"uv": [0, 0, 0.2, 0.52], "texture": "#yellow_concrete"},
				"east": {"uv": [0, 0, 0.2, 0.52], "texture": "#yellow_concrete"},
				"south": {"uv": [0, 0, 0.2, 0.52], "texture": "#yellow_concrete"},
				"west": {"uv": [0, 0, 0.2, 0.52], "texture": "#yellow_concrete"},
				"up": {"uv": [0, 0, 0.2, 0.2], "texture": "#yellow_concrete"},
				"down": {"uv": [0, 0, 0.2, 0.2], "texture": "#yellow_concrete"}
			}
		},
		{
			"name": "Handle",
			"from": [1.6, -0.485, 1.32],
			"to": [1.8, 0.035, 1.991],
			"rotation": {"angle": 0, "axis": "y", "origin": [0, -12.475, 0]},
			"faces": {
				"north": {"uv": [0, 0, 0.2, 0.52], "texture": "#yellow_concrete"},
				"east": {"uv": [0, 0, 0.671, 0.52], "texture": "#yellow_concrete"},
				"south": {"uv": [0, 0, 0.2, 0.52], "texture": "#yellow_concrete"},
				"west": {"uv": [0, 0, 0.671, 0.52], "texture": "#yellow_concrete"},
				"up": {"uv": [0, 0, 0.2, 0.671], "texture": "#yellow_concrete"},
				"down": {"uv": [0, 0, 0.2, 0.671], "texture": "#yellow_concrete"}
			}
		},
		{
			"name": "Handle",
			"from": [-0.84, -0.485, 8.14],
			"to": [-0.64, 0.035, 8.67],
			"rotation": {"angle": -45, "axis": "y", "origin": [8, -4.475, 8]},
			"faces": {
				"north": {"uv": [0, 0, 0.2, 0.52], "texture": "#yellow_concrete"},
				"east": {"uv": [0, 0, 0.53, 0.52], "texture": "#yellow_concrete"},
				"south": {"uv": [0, 0, 0.2, 0.52], "texture": "#yellow_concrete"},
				"west": {"uv": [0, 0, 0.53, 0.52], "texture": "#yellow_concrete"},
				"up": {"uv": [0, 0, 0.2, 0.53], "texture": "#yellow_concrete"},
				"down": {"uv": [0, 0, 0.2, 0.53], "texture": "#yellow_concrete"}
			}
		},
		{
			"name": "Handle",
			"from": [0.54, -0.485, 2.17],
			"to": [1.42, 0.035, 2.37],
			"rotation": {"angle": 0, "axis": "y", "origin": [0, -12.475, 0]},
			"faces": {
				"north": {"uv": [0, 0, 0.88, 0.52], "texture": "#yellow_concrete"},
				"east": {"uv": [0, 0, 0.2, 0.52], "texture": "#yellow_concrete"},
				"south": {"uv": [0, 0, 0.88, 0.52], "texture": "#yellow_concrete"},
				"west": {"uv": [0, 0, 0.2, 0.52], "texture": "#yellow_concrete"},
				"up": {"uv": [0, 0, 0.88, 0.2], "texture": "#yellow_concrete"},
				"down": {"uv": [0, 0, 0.88, 0.2], "texture": "#yellow_concrete"}
			}
		},
		{
			"name": "Handle",
			"from": [6.71, -0.485, -3.04],
			"to": [6.91, 0.035, -2.5],
			"rotation": {"angle": 45, "axis": "y", "origin": [8, -4.475, 8]},
			"faces": {
				"north": {"uv": [0, 0, 0.2, 0.52], "texture": "#yellow_concrete"},
				"east": {"uv": [0, 0, 0.54, 0.52], "texture": "#yellow_concrete"},
				"south": {"uv": [0, 0, 0.2, 0.52], "texture": "#yellow_concrete"},
				"west": {"uv": [0, 0, 0.54, 0.52], "texture": "#yellow_concrete"},
				"up": {"uv": [0, 0, 0.2, 0.54], "texture": "#yellow_concrete"},
				"down": {"uv": [0, 0, 0.2, 0.54], "texture": "#yellow_concrete"}
			}
		},
		{
			"name": "Handle",
			"from": [-0.33, -0.485, 1.29],
			"to": [0.23, 0.035, 1.49],
			"rotation": {"angle": 0, "axis": "y", "origin": [0, -12.475, 0]},
			"faces": {
				"north": {"uv": [0, 0, 0.56, 0.52], "texture": "#yellow_concrete"},
				"east": {"uv": [0, 0, 0.2, 0.52], "texture": "#yellow_concrete"},
				"south": {"uv": [0, 0, 0.56, 0.52], "texture": "#yellow_concrete"},
				"west": {"uv": [0, 0, 0.2, 0.52], "texture": "#yellow_concrete"},
				"up": {"uv": [0, 0, 0.56, 0.2], "texture": "#yellow_concrete"},
				"down": {"uv": [0, 0, 0.56, 0.2], "texture": "#yellow_concrete"}
			}
		},
		{
			"name": "Handle",
			"from": [7.06, -0.485, -2.24],
			"to": [7.26, 0.035, -1.91],
			"rotation": {"angle": 45, "axis": "y", "origin": [8, -4.475, 8]},
			"faces": {
				"north": {"uv": [0, 0, 0.2, 0.52], "texture": "#yellow_concrete"},
				"east": {"uv": [0, 0, 0.33, 0.52], "texture": "#yellow_concrete"},
				"south": {"uv": [0, 0, 0.2, 0.52], "texture": "#yellow_concrete"},
				"west": {"uv": [0, 0, 0.33, 0.52], "texture": "#yellow_concrete"},
				"up": {"uv": [0, 0, 0.2, 0.33], "texture": "#yellow_concrete"},
				"down": {"uv": [0, 0, 0.2, 0.33], "texture": "#yellow_concrete"}
			}
		},
		{
			"name": "Handle",
			"from": [0.27, -0.485, 1.51],
			"to": [0.47, 0.035, 2.091],
			"rotation": {"angle": 0, "axis": "y", "origin": [0, -12.475, 0]},
			"faces": {
				"north": {"uv": [0, 0, 0.2, 0.52], "texture": "#yellow_concrete"},
				"east": {"uv": [0, 0, 0.581, 0.52], "texture": "#yellow_concrete"},
				"south": {"uv": [0, 0, 0.2, 0.52], "texture": "#yellow_concrete"},
				"west": {"uv": [0, 0, 0.581, 0.52], "texture": "#yellow_concrete"},
				"up": {"uv": [0, 0, 0.2, 0.581], "texture": "#yellow_concrete"},
				"down": {"uv": [0, 0, 0.2, 0.581], "texture": "#yellow_concrete"}
			}
		},
		{
			"name": "Handle",
			"from": [6.71, -0.485, -1.64],
			"to": [6.91, 0.035, -1.25],
			"rotation": {"angle": 45, "axis": "y", "origin": [8, -4.475, 8]},
			"faces": {
				"north": {"uv": [0, 0, 0.2, 0.52], "texture": "#yellow_concrete"},
				"east": {"uv": [0, 0, 0.39, 0.52], "texture": "#yellow_concrete"},
				"south": {"uv": [0, 0, 0.2, 0.52], "texture": "#yellow_concrete"},
				"west": {"uv": [0, 0, 0.39, 0.52], "texture": "#yellow_concrete"},
				"up": {"uv": [0, 0, 0.2, 0.39], "texture": "#yellow_concrete"},
				"down": {"uv": [0, 0, 0.2, 0.39], "texture": "#yellow_concrete"}
			}
		},
		{
			"name": "Handle",
			"from": [0.45, -0.475, 1.7],
			"to": [1.55, 0.025, 2.12],
			"rotation": {"angle": 0, "axis": "y", "origin": [0, -12.475, 0]},
			"faces": {
				"east": {"uv": [0, 0, 0.42, 0.5], "texture": "#white_concrete"},
				"south": {"uv": [0, 0, 1.1, 0.5], "texture": "#white_concrete"},
				"west": {"uv": [0, 0, 0.42, 0.5], "texture": "#white_concrete"},
				"up": {"uv": [0, 0, 1.1, 0.42], "texture": "#white_concrete"},
				"down": {"uv": [0, 0, 1.1, 0.42], "texture": "#white_concrete"}
			}
		},
		{
			"name": "Handle",
			"from": [0.15, -0.475, 1.15],
			"to": [0.33, 0.025, 1.39],
			"rotation": {"angle": 0, "axis": "y", "origin": [0, -12.475, 0]},
			"faces": {
				"south": {"uv": [0, 0, 0.18, 0.5], "texture": "#white_concrete"},
				"west": {"uv": [0, 0, 0.24, 0.5], "texture": "#white_concrete"},
				"up": {"uv": [0, 0, 0.18, 0.24], "texture": "#white_concrete"},
				"down": {"uv": [0, 0, 0.18, 0.24], "texture": "#white_concrete"}
			}
		},
		{
			"name": "Handle",
			"from": [-0.46, -0.475, 0.95],
			"to": [-0.28, 0.025, 1.19],
			"rotation": {"angle": 0, "axis": "y", "origin": [0, -12.475, 0]},
			"faces": {
				"south": {"uv": [0, 0, 0.18, 0.5], "texture": "#white_concrete"},
				"west": {"uv": [0, 0, 0.24, 0.5], "texture": "#white_concrete"},
				"up": {"uv": [0, 0, 0.18, 0.24], "texture": "#white_concrete"},
				"down": {"uv": [0, 0, 0.18, 0.24], "texture": "#white_concrete"}
			}
		},
		{
			"name": "White",
			"from": [0.31, -11.475, 0.4],
			"to": [1.8, -0.475, 0.9],
			"rotation": {"angle": 0, "axis": "y", "origin": [0, -12.475, 0]},
			"faces": {
				"north": {"uv": [0, 0, 1.49, 11], "texture": "#white_concrete"},
				"east": {"uv": [0, 0, 0.5, 11], "texture": "#white_concrete"},
				"south": {"uv": [0, 0, 1.49, 11], "texture": "#white_concrete"},
				"west": {"uv": [0, 0, 0.5, 11], "texture": "#white_concrete"}
			}
		},
		{
			"name": "White",
			"from": [7.58, -11.475, -2.46],
			"to": [8.38, -0.475, -2.18],
			"rotation": {"angle": 45, "axis": "y", "origin": [8, -4.475, 8]},
			"faces": {
				"north": {"uv": [0, 0, 0.8, 11], "texture": "#white_concrete"},
				"east": {"uv": [0, 0, 0.28, 11], "texture": "#white_concrete"},
				"south": {"uv": [0, 0, 0.8, 11], "texture": "#white_concrete"},
				"west": {"uv": [0, 0, 0.28, 11], "texture": "#white_concrete"},
				"up": {"uv": [0, 0, 0.8, 0.28], "texture": "#white_concrete"},
				"down": {"uv": [0, 0, 0.8, 0.28], "texture": "#white_concrete"}
			}
		},
		{
			"name": "White",
			"from": [8.578, -11.475, -2.04],
			"to": [8.988, -0.475, -1.76],
			"rotation": {"angle": 45, "axis": "y", "origin": [8, -4.475, 8]},
			"faces": {
				"north": {"uv": [0, 0, 0.41, 11], "texture": "#white_concrete"},
				"east": {"uv": [0, 0, 0.28, 11], "texture": "#white_concrete"},
				"south": {"uv": [0, 0, 0.41, 11], "texture": "#white_concrete"},
				"west": {"uv": [0, 0, 0.28, 11], "texture": "#white_concrete"},
				"up": {"uv": [0, 0, 0.41, 0.28], "texture": "#white_concrete"},
				"down": {"uv": [0, 0, 0.41, 0.28], "texture": "#white_concrete"}
			}
		},
		{
			"name": "White",
			"from": [-2.21, -11.475, 7.33],
			"to": [-1.41, -0.475, 7.61],
			"rotation": {"angle": -45, "axis": "y", "origin": [8, -4.475, 8]},
			"faces": {
				"north": {"uv": [0, 0, 0.8, 11], "texture": "#white_concrete"},
				"east": {"uv": [0, 0, 0.28, 11], "texture": "#white_concrete"},
				"south": {"uv": [0, 0, 0.8, 11], "texture": "#white_concrete"},
				"west": {"uv": [0, 0, 0.28, 11], "texture": "#white_concrete"},
				"up": {"uv": [0, 0, 0.8, 0.28], "texture": "#white_concrete"},
				"down": {"uv": [0, 0, 0.8, 0.28], "texture": "#white_concrete"}
			}
		},
		{
			"name": "White",
			"from": [-2.81, -11.475, 7.78],
			"to": [-2.01, -0.475, 8.06],
			"rotation": {"angle": -45, "axis": "y", "origin": [8, -4.475, 8]},
			"faces": {
				"north": {"uv": [0, 0, 0.8, 11], "texture": "#white_concrete"},
				"east": {"uv": [0, 0, 0.28, 11], "texture": "#white_concrete"},
				"south": {"uv": [0, 0, 0.8, 11], "texture": "#white_concrete"},
				"west": {"uv": [0, 0, 0.28, 11], "texture": "#white_concrete"},
				"up": {"uv": [0, 0, 0.8, 0.28], "texture": "#white_concrete"},
				"down": {"uv": [0, 0, 0.8, 0.28], "texture": "#white_concrete"}
			}
		},
		{
			"name": "Yellow",
			"from": [0.62, -10.675, 0.19],
			"to": [1.42, -10.375, 1.11],
			"rotation": {"angle": 0, "axis": "y", "origin": [0, -12.475, 0]},
			"faces": {
				"north": {"uv": [0, 0, 0.8, 0.3], "texture": "#yellow_concrete"},
				"east": {"uv": [0, 0, 0.92, 0.3], "texture": "#yellow_concrete"},
				"south": {"uv": [0, 0, 0.8, 0.3], "texture": "#yellow_concrete"},
				"west": {"uv": [0, 0, 0.92, 0.3], "texture": "#yellow_concrete"},
				"up": {"uv": [0, 0, 0.8, 0.92], "texture": "#yellow_concrete"},
				"down": {"uv": [0, 0, 0.8, 0.92], "texture": "#yellow_concrete"}
			}
		},
		{
			"name": "Yellow",
			"from": [0.62, -9.675, 0.19],
			"to": [1.42, -9.375, 1.11],
			"rotation": {"angle": 0, "axis": "y", "origin": [0, -12.475, 0]},
			"faces": {
				"north": {"uv": [0, 0, 0.8, 0.3], "texture": "#yellow_concrete"},
				"east": {"uv": [0, 0, 0.92, 0.3], "texture": "#yellow_concrete"},
				"south": {"uv": [0, 0, 0.8, 0.3], "texture": "#yellow_concrete"},
				"west": {"uv": [0, 0, 0.92, 0.3], "texture": "#yellow_concrete"},
				"up": {"uv": [0, 0, 0.8, 0.92], "texture": "#yellow_concrete"},
				"down": {"uv": [0, 0, 0.8, 0.92], "texture": "#yellow_concrete"}
			}
		},
		{
			"name": "Yellow",
			"from": [0.62, -8.675, 0.19],
			"to": [1.42, -8.375, 1.11],
			"rotation": {"angle": 0, "axis": "y", "origin": [0, -12.475, 0]},
			"faces": {
				"north": {"uv": [0, 0, 0.8, 0.3], "texture": "#yellow_concrete"},
				"east": {"uv": [0, 0, 0.92, 0.3], "texture": "#yellow_concrete"},
				"south": {"uv": [0, 0, 0.8, 0.3], "texture": "#yellow_concrete"},
				"west": {"uv": [0, 0, 0.92, 0.3], "texture": "#yellow_concrete"},
				"up": {"uv": [0, 0, 0.8, 0.92], "texture": "#yellow_concrete"},
				"down": {"uv": [0, 0, 0.8, 0.92], "texture": "#yellow_concrete"}
			}
		},
		{
			"name": "Yellow",
			"from": [0.62, -7.675, 0.19],
			"to": [1.42, -7.375, 1.11],
			"rotation": {"angle": 0, "axis": "y", "origin": [0, -12.475, 0]},
			"faces": {
				"north": {"uv": [0, 0, 0.8, 0.3], "texture": "#yellow_concrete"},
				"east": {"uv": [0, 0, 0.92, 0.3], "texture": "#yellow_concrete"},
				"south": {"uv": [0, 0, 0.8, 0.3], "texture": "#yellow_concrete"},
				"west": {"uv": [0, 0, 0.92, 0.3], "texture": "#yellow_concrete"},
				"up": {"uv": [0, 0, 0.8, 0.92], "texture": "#yellow_concrete"},
				"down": {"uv": [0, 0, 0.8, 0.92], "texture": "#yellow_concrete"}
			}
		},
		{
			"name": "Yellow",
			"from": [0.62, -6.675, 0.19],
			"to": [1.42, -6.375, 1.11],
			"rotation": {"angle": 0, "axis": "y", "origin": [0, -12.475, 0]},
			"faces": {
				"north": {"uv": [0, 0, 0.8, 0.3], "texture": "#yellow_concrete"},
				"east": {"uv": [0, 0, 0.92, 0.3], "texture": "#yellow_concrete"},
				"south": {"uv": [0, 0, 0.8, 0.3], "texture": "#yellow_concrete"},
				"west": {"uv": [0, 0, 0.92, 0.3], "texture": "#yellow_concrete"},
				"up": {"uv": [0, 0, 0.8, 0.92], "texture": "#yellow_concrete"},
				"down": {"uv": [0, 0, 0.8, 0.92], "texture": "#yellow_concrete"}
			}
		},
		{
			"name": "Yellow",
			"from": [0.62, -5.675, 0.19],
			"to": [1.42, -5.375, 1.11],
			"rotation": {"angle": 0, "axis": "y", "origin": [0, -12.475, 0]},
			"faces": {
				"north": {"uv": [0, 0, 0.8, 0.3], "texture": "#yellow_concrete"},
				"east": {"uv": [0, 0, 0.92, 0.3], "texture": "#yellow_concrete"},
				"south": {"uv": [0, 0, 0.8, 0.3], "texture": "#yellow_concrete"},
				"west": {"uv": [0, 0, 0.92, 0.3], "texture": "#yellow_concrete"},
				"up": {"uv": [0, 0, 0.8, 0.92], "texture": "#yellow_concrete"},
				"down": {"uv": [0, 0, 0.8, 0.92], "texture": "#yellow_concrete"}
			}
		},
		{
			"name": "Yellow",
			"from": [0.62, -4.675, 0.19],
			"to": [1.42, -4.375, 1.11],
			"rotation": {"angle": 0, "axis": "y", "origin": [0, -12.475, 0]},
			"faces": {
				"north": {"uv": [0, 0, 0.8, 0.3], "texture": "#yellow_concrete"},
				"east": {"uv": [0, 0, 0.92, 0.3], "texture": "#yellow_concrete"},
				"south": {"uv": [0, 0, 0.8, 0.3], "texture": "#yellow_concrete"},
				"west": {"uv": [0, 0, 0.92, 0.3], "texture": "#yellow_concrete"},
				"up": {"uv": [0, 0, 0.8, 0.92], "texture": "#yellow_concrete"},
				"down": {"uv": [0, 0, 0.8, 0.92], "texture": "#yellow_concrete"}
			}
		},
		{
			"name": "Yellow",
			"from": [0.62, -3.675, 0.19],
			"to": [1.42, -3.375, 1.11],
			"rotation": {"angle": 0, "axis": "y", "origin": [0, -12.475, 0]},
			"faces": {
				"north": {"uv": [0, 0, 0.8, 0.3], "texture": "#yellow_concrete"},
				"east": {"uv": [0, 0, 0.92, 0.3], "texture": "#yellow_concrete"},
				"south": {"uv": [0, 0, 0.8, 0.3], "texture": "#yellow_concrete"},
				"west": {"uv": [0, 0, 0.92, 0.3], "texture": "#yellow_concrete"},
				"up": {"uv": [0, 0, 0.8, 0.92], "texture": "#yellow_concrete"},
				"down": {"uv": [0, 0, 0.8, 0.92], "texture": "#yellow_concrete"}
			}
		},
		{
			"name": "Yellow",
			"from": [0.62, -2.675, 0.19],
			"to": [1.42, -2.375, 1.11],
			"rotation": {"angle": 0, "axis": "y", "origin": [0, -12.475, 0]},
			"faces": {
				"north": {"uv": [0, 0, 0.8, 0.3], "texture": "#yellow_concrete"},
				"east": {"uv": [0, 0, 0.92, 0.3], "texture": "#yellow_concrete"},
				"south": {"uv": [0, 0, 0.8, 0.3], "texture": "#yellow_concrete"},
				"west": {"uv": [0, 0, 0.92, 0.3], "texture": "#yellow_concrete"},
				"up": {"uv": [0, 0, 0.8, 0.92], "texture": "#yellow_concrete"},
				"down": {"uv": [0, 0, 0.8, 0.92], "texture": "#yellow_concrete"}
			}
		},
		{
			"name": "Yellow",
			"from": [0.62, -1.675, 0.19],
			"to": [1.42, -1.375, 1.11],
			"rotation": {"angle": 0, "axis": "y", "origin": [0, -12.475, 0]},
			"faces": {
				"north": {"uv": [0, 0, 0.8, 0.3], "texture": "#yellow_concrete"},
				"east": {"uv": [0, 0, 0.92, 0.3], "texture": "#yellow_concrete"},
				"south": {"uv": [0, 0, 0.8, 0.3], "texture": "#yellow_concrete"},
				"west": {"uv": [0, 0, 0.92, 0.3], "texture": "#yellow_concrete"},
				"up": {"uv": [0, 0, 0.8, 0.92], "texture": "#yellow_concrete"},
				"down": {"uv": [0, 0, 0.8, 0.92], "texture": "#yellow_concrete"}
			}
		},
		{
			"name": "Yellow",
			"from": [0.62, -0.875, 0.19],
			"to": [1.42, -0.575, 1.11],
			"rotation": {"angle": 0, "axis": "y", "origin": [0, -12.475, 0]},
			"faces": {
				"north": {"uv": [0, 0, 0.8, 0.3], "texture": "#yellow_concrete"},
				"east": {"uv": [0, 0, 0.92, 0.3], "texture": "#yellow_concrete"},
				"south": {"uv": [0, 0, 0.8, 0.3], "texture": "#yellow_concrete"},
				"west": {"uv": [0, 0, 0.92, 0.3], "texture": "#yellow_concrete"},
				"up": {"uv": [0, 0, 0.8, 0.92], "texture": "#yellow_concrete"},
				"down": {"uv": [0, 0, 0.8, 0.92], "texture": "#yellow_concrete"}
			}
		},
		{
			"name": "Thunder",
			"from": [0.79, 0.405, 0.53],
			"to": [1.06, 1.205, 0.73],
			"rotation": {"angle": 0, "axis": "y", "origin": [0, -12.475, 0]},
			"faces": {
				"north": {"uv": [0, 0, 0.27, 0.8], "texture": "#yellow_concrete"},
				"east": {"uv": [0, 0, 0.2, 0.8], "texture": "#yellow_concrete"},
				"south": {"uv": [0, 0, 0.27, 0.8], "texture": "#yellow_concrete"},
				"west": {"uv": [0, 0, 0.2, 0.8], "texture": "#yellow_concrete"},
				"up": {"uv": [0, 0, 0.27, 0.2], "texture": "#yellow_concrete"}
			}
		},
		{
			"name": "Thunder",
			"from": [-0.79, -2.045, 0.53],
			"to": [-0.52, -1.405, 0.73],
			"rotation": {"angle": -22.5, "axis": "z", "origin": [8, -4.475, 8]},
			"faces": {
				"north": {"uv": [0, 0, 0.27, 0.64], "texture": "#yellow_concrete"},
				"east": {"uv": [0, 0, 0.2, 0.64], "texture": "#yellow_concrete"},
				"south": {"uv": [0, 0, 0.27, 0.64], "texture": "#yellow_concrete"},
				"west": {"uv": [0, 0, 0.2, 0.64], "texture": "#yellow_concrete"},
				"up": {"uv": [0, 0, 0.27, 0.2], "texture": "#yellow_concrete"},
				"down": {"uv": [0, 0, 0.27, 0.2], "texture": "#yellow_concrete"}
			}
		},
		{
			"name": "Thunder",
			"from": [3.45, 3.355, 0.53],
			"to": [3.72, 4.425, 0.73],
			"rotation": {"angle": 22.5, "axis": "z", "origin": [8, -4.475, 8]},
			"faces": {
				"north": {"uv": [0, 0, 0.27, 1.07], "texture": "#yellow_concrete"},
				"east": {"uv": [0, 0, 0.2, 1.07], "texture": "#yellow_concrete"},
				"south": {"uv": [0, 0, 0.27, 1.07], "texture": "#yellow_concrete"},
				"west": {"uv": [0, 0, 0.2, 1.07], "texture": "#yellow_concrete"},
				"up": {"uv": [0, 0, 0.27, 0.2], "texture": "#yellow_concrete"},
				"down": {"uv": [0, 0, 0.27, 0.2], "texture": "#yellow_concrete"}
			}
		},
		{
			"name": "Thunder",
			"from": [0.39, 1.995, 0.53],
			"to": [0.66, 2.775, 0.73],
			"rotation": {"angle": 0, "axis": "y", "origin": [0, -12.475, 0]},
			"faces": {
				"north": {"uv": [0, 0, 0.27, 0.78], "texture": "#yellow_concrete"},
				"east": {"uv": [0, 0, 0.2, 0.78], "texture": "#yellow_concrete"},
				"south": {"uv": [0, 0, 0.27, 0.78], "texture": "#yellow_concrete"},
				"west": {"uv": [0, 0, 0.2, 0.78], "texture": "#yellow_concrete"},
				"up": {"uv": [0, 0, 0.27, 0.2], "texture": "#yellow_concrete"},
				"down": {"uv": [0, 0, 0.27, 0.2], "texture": "#yellow_concrete"}
			}
		},
		{
			"name": "Thunder",
			"from": [-2.51, -4.735, 0.53],
			"to": [-2.24, -4.105, 0.73],
			"rotation": {"angle": -45, "axis": "z", "origin": [8, -4.475, 8]},
			"faces": {
				"north": {"uv": [0, 0, 0.27, 0.63], "texture": "#yellow_concrete"},
				"east": {"uv": [0, 0, 0.2, 0.63], "texture": "#yellow_concrete"},
				"south": {"uv": [0, 0, 0.27, 0.63], "texture": "#yellow_concrete"},
				"west": {"uv": [0, 0, 0.2, 0.63], "texture": "#yellow_concrete"},
				"up": {"uv": [0, 0, 0.27, 0.2], "texture": "#yellow_concrete"},
				"down": {"uv": [0, 0, 0.27, 0.2], "texture": "#yellow_concrete"}
			}
		},
		{
			"name": "Thunder",
			"from": [0.75, 3.015, 0.53],
			"to": [1.02, 3.295, 0.73],
			"rotation": {"angle": 0, "axis": "y", "origin": [0, -12.475, 0]},
			"faces": {
				"north": {"uv": [0, 0, 0.27, 0.28], "texture": "#yellow_concrete"},
				"east": {"uv": [0, 0, 0.2, 0.28], "texture": "#yellow_concrete"},
				"south": {"uv": [0, 0, 0.27, 0.28], "texture": "#yellow_concrete"},
				"west": {"uv": [0, 0, 0.2, 0.28], "texture": "#yellow_concrete"},
				"up": {"uv": [0, 0, 0.27, 0.2], "texture": "#yellow_concrete"},
				"down": {"uv": [0, 0, 0.27, 0.2], "texture": "#yellow_concrete"}
			}
		},
		{
			"name": "Thunder",
			"from": [-1.79, -0.015, 0.53],
			"to": [-1.52, 0.625, 0.73],
			"rotation": {"angle": -22.5, "axis": "z", "origin": [8, -4.475, 8]},
			"faces": {
				"north": {"uv": [0, 0, 0.27, 0.64], "texture": "#yellow_concrete"},
				"east": {"uv": [0, 0, 0.2, 0.64], "texture": "#yellow_concrete"},
				"south": {"uv": [0, 0, 0.27, 0.64], "texture": "#yellow_concrete"},
				"west": {"uv": [0, 0, 0.2, 0.64], "texture": "#yellow_concrete"},
				"up": {"uv": [0, 0, 0.27, 0.2], "texture": "#yellow_concrete"},
				"down": {"uv": [0, 0, 0.27, 0.2], "texture": "#yellow_concrete"}
			}
		},
		{
			"name": "Thunder",
			"from": [8.31, 5.945, 0.53],
			"to": [8.56, 6.625, 0.73],
			"rotation": {"angle": 45, "axis": "z", "origin": [8, -4.475, 8]},
			"faces": {
				"north": {"uv": [0, 0, 0.25, 0.68], "texture": "#yellow_concrete"},
				"east": {"uv": [0, 0, 0.2, 0.68], "texture": "#yellow_concrete"},
				"south": {"uv": [0, 0, 0.25, 0.68], "texture": "#yellow_concrete"},
				"west": {"uv": [0, 0, 0.2, 0.68], "texture": "#yellow_concrete"},
				"up": {"uv": [0, 0, 0.25, 0.2], "texture": "#yellow_concrete"},
				"down": {"uv": [0, 0, 0.25, 0.2], "texture": "#yellow_concrete"}
			}
		},
		{
			"name": "Thunder",
			"from": [0.37, 3.595, 0.53],
			"to": [0.64, 4.895, 0.73],
			"rotation": {"angle": 0, "axis": "y", "origin": [0, -12.475, 0]},
			"faces": {
				"north": {"uv": [0, 0, 0.27, 1.3], "texture": "#yellow_concrete"},
				"east": {"uv": [0, 0, 0.2, 1.3], "texture": "#yellow_concrete"},
				"south": {"uv": [0, 0, 0.27, 1.3], "texture": "#yellow_concrete"},
				"west": {"uv": [0, 0, 0.2, 1.3], "texture": "#yellow_concrete"},
				"up": {"uv": [0, 0, 0.27, 0.2], "texture": "#yellow_concrete"},
				"down": {"uv": [0, 0, 0.27, 0.2], "texture": "#yellow_concrete"}
			}
		},
		{
			"name": "Thunder",
			"from": [-3.93, -3.245, 0.53],
			"to": [-3.65, -2.555, 0.73],
			"rotation": {"angle": -45, "axis": "z", "origin": [8, -4.475, 8]},
			"faces": {
				"north": {"uv": [0, 0, 0.28, 0.69], "texture": "#yellow_concrete"},
				"east": {"uv": [0, 0, 0.2, 0.69], "texture": "#yellow_concrete"},
				"south": {"uv": [0, 0, 0.28, 0.69], "texture": "#yellow_concrete"},
				"west": {"uv": [0, 0, 0.2, 0.69], "texture": "#yellow_concrete"},
				"up": {"uv": [0, 0, 0.28, 0.2], "texture": "#yellow_concrete"},
				"down": {"uv": [0, 0, 0.28, 0.2], "texture": "#yellow_concrete"}
			}
		},
		{
			"name": "Thunder",
			"from": [9.14, 7.395, 0.53],
			"to": [9.38, 7.625, 0.73],
			"rotation": {"angle": 45, "axis": "z", "origin": [8, -4.475, 8]},
			"faces": {
				"north": {"uv": [0, 0, 0.24, 0.23], "texture": "#yellow_concrete"},
				"east": {"uv": [0, 0, 0.2, 0.23], "texture": "#yellow_concrete"},
				"south": {"uv": [0, 0, 0.24, 0.23], "texture": "#yellow_concrete"},
				"west": {"uv": [0, 0, 0.2, 0.23], "texture": "#yellow_concrete"},
				"up": {"uv": [0, 0, 0.24, 0.2], "texture": "#yellow_concrete"},
				"down": {"uv": [0, 0, 0.24, 0.2], "texture": "#yellow_concrete"}
			}
		},
		{
			"name": "Thunder",
			"from": [0.89, 5.115, 0.53],
			"to": [1.12, 6.495, 0.73],
			"rotation": {"angle": 0, "axis": "y", "origin": [0, -12.475, 0]},
			"faces": {
				"north": {"uv": [0, 0, 0.23, 1.38], "texture": "#yellow_concrete"},
				"east": {"uv": [0, 0, 0.2, 1.38], "texture": "#yellow_concrete"},
				"south": {"uv": [0, 0, 0.23, 1.38], "texture": "#yellow_concrete"},
				"west": {"uv": [0, 0, 0.2, 1.38], "texture": "#yellow_concrete"},
				"up": {"uv": [0, 0, 0.23, 0.2], "texture": "#yellow_concrete"},
				"down": {"uv": [0, 0, 0.23, 0.2], "texture": "#yellow_concrete"}
			}
		},
		{
			"name": "Thunder",
			"from": [9.86, 7.395, 0.53],
			"to": [10.1, 8.085, 0.73],
			"rotation": {"angle": 45, "axis": "z", "origin": [8, -4.475, 8]},
			"faces": {
				"north": {"uv": [0, 0, 0.24, 0.69], "texture": "#yellow_concrete"},
				"east": {"uv": [0, 0, 0.2, 0.69], "texture": "#yellow_concrete"},
				"south": {"uv": [0, 0, 0.24, 0.69], "texture": "#yellow_concrete"},
				"west": {"uv": [0, 0, 0.2, 0.69], "texture": "#yellow_concrete"},
				"up": {"uv": [0, 0, 0.24, 0.2], "texture": "#yellow_concrete"},
				"down": {"uv": [0, 0, 0.24, 0.2], "texture": "#yellow_concrete"}
			}
		},
		{
			"name": "Thunder",
			"from": [-4.78, -1.735, 0.53],
			"to": [-4.5, -1.345, 0.73],
			"rotation": {"angle": -45, "axis": "z", "origin": [8, -4.475, 8]},
			"faces": {
				"north": {"uv": [0, 0, 0.28, 0.39], "texture": "#yellow_concrete"},
				"east": {"uv": [0, 0, 0.2, 0.39], "texture": "#yellow_concrete"},
				"south": {"uv": [0, 0, 0.28, 0.39], "texture": "#yellow_concrete"},
				"west": {"uv": [0, 0, 0.2, 0.39], "texture": "#yellow_concrete"},
				"up": {"uv": [0, 0, 0.28, 0.2], "texture": "#yellow_concrete"},
				"down": {"uv": [0, 0, 0.28, 0.2], "texture": "#yellow_concrete"}
			}
		},
		{
			"name": "Thunder",
			"from": [0.44, 5.715, 0.53],
			"to": [0.64, 6.815, 0.73],
			"rotation": {"angle": 0, "axis": "y", "origin": [0, -12.475, 0]},
			"faces": {
				"north": {"uv": [0, 0, 0.2, 1.1], "texture": "#yellow_concrete"},
				"east": {"uv": [0, 0, 0.2, 1.1], "texture": "#yellow_concrete"},
				"south": {"uv": [0, 0, 0.2, 1.1], "texture": "#yellow_concrete"},
				"west": {"uv": [0, 0, 0.2, 1.1], "texture": "#yellow_concrete"},
				"up": {"uv": [0, 0, 0.2, 0.2], "texture": "#yellow_concrete"},
				"down": {"uv": [0, 0, 0.2, 0.2], "texture": "#yellow_concrete"}
			}
		},
		{
			"name": "Thunder",
			"from": [-5.33, -1.835, 0.53],
			"to": [-5.09, -1.355, 0.73],
			"rotation": {"angle": -45, "axis": "z", "origin": [8, -4.475, 8]},
			"faces": {
				"north": {"uv": [0, 0, 0.24, 0.48], "texture": "#yellow_concrete"},
				"east": {"uv": [0, 0, 0.2, 0.48], "texture": "#yellow_concrete"},
				"south": {"uv": [0, 0, 0.24, 0.48], "texture": "#yellow_concrete"},
				"west": {"uv": [0, 0, 0.2, 0.48], "texture": "#yellow_concrete"},
				"up": {"uv": [0, 0, 0.24, 0.2], "texture": "#yellow_concrete"},
				"down": {"uv": [0, 0, 0.24, 0.2], "texture": "#yellow_concrete"}
			}
		},
		{
			"name": "Thunder",
			"from": [0.69, 6.995, 0.53],
			"to": [0.96, 7.875, 0.73],
			"rotation": {"angle": 0, "axis": "y", "origin": [0, -12.475, 0]},
			"faces": {
				"north": {"uv": [0, 0, 0.27, 0.88], "texture": "#yellow_concrete"},
				"east": {"uv": [0, 0, 0.2, 0.88], "texture": "#yellow_concrete"},
				"south": {"uv": [0, 0, 0.27, 0.88], "texture": "#yellow_concrete"},
				"west": {"uv": [0, 0, 0.2, 0.88], "texture": "#yellow_concrete"},
				"up": {"uv": [0, 0, 0.27, 0.2], "texture": "#yellow_concrete"},
				"down": {"uv": [0, 0, 0.27, 0.2], "texture": "#yellow_concrete"}
			}
		},
		{
			"name": "Thunder",
			"from": [11.51, 9.225, 0.53],
			"to": [11.75, 9.785, 0.73],
			"rotation": {"angle": 45, "axis": "z", "origin": [8, -4.475, 8]},
			"faces": {
				"north": {"uv": [0, 0, 0.24, 0.56], "texture": "#yellow_concrete"},
				"east": {"uv": [0, 0, 0.2, 0.56], "texture": "#yellow_concrete"},
				"south": {"uv": [0, 0, 0.24, 0.56], "texture": "#yellow_concrete"},
				"west": {"uv": [0, 0, 0.2, 0.56], "texture": "#yellow_concrete"},
				"up": {"uv": [0, 0, 0.24, 0.2], "texture": "#yellow_concrete"},
				"down": {"uv": [0, 0, 0.24, 0.2], "texture": "#yellow_concrete"}
			}
		},
		{
			"name": "Thunder",
			"from": [-3.79, 4.365, 0.53],
			"to": [-3.59, 5.005, 0.73],
			"rotation": {"angle": -22.5, "axis": "z", "origin": [8, -4.475, 8]},
			"faces": {
				"north": {"uv": [0, 0, 0.2, 0.64], "texture": "#yellow_concrete"},
				"east": {"uv": [0, 0, 0.2, 0.64], "texture": "#yellow_concrete"},
				"south": {"uv": [0, 0, 0.2, 0.64], "texture": "#yellow_concrete"},
				"west": {"uv": [0, 0, 0.2, 0.64], "texture": "#yellow_concrete"},
				"up": {"uv": [0, 0, 0.2, 0.2], "texture": "#yellow_concrete"},
				"down": {"uv": [0, 0, 0.2, 0.2], "texture": "#yellow_concrete"}
			}
		},
		{
			"name": "Thunder",
			"from": [0.4, 8.095, 0.53],
			"to": [0.63, 9.025, 0.73],
			"rotation": {"angle": 0, "axis": "y", "origin": [0, -12.475, 0]},
			"faces": {
				"north": {"uv": [0, 0, 0.23, 0.93], "texture": "#yellow_concrete"},
				"east": {"uv": [0, 0, 0.2, 0.93], "texture": "#yellow_concrete"},
				"south": {"uv": [0, 0, 0.23, 0.93], "texture": "#yellow_concrete"},
				"west": {"uv": [0, 0, 0.2, 0.93], "texture": "#yellow_concrete"},
				"up": {"uv": [0, 0, 0.23, 0.2], "texture": "#yellow_concrete"},
				"down": {"uv": [0, 0, 0.23, 0.2], "texture": "#yellow_concrete"}
			}
		},
		{
			"name": "Thunder",
			"from": [-6.92, -0.305, 0.53],
			"to": [-6.68, 0.195, 0.73],
			"rotation": {"angle": -45, "axis": "z", "origin": [8, -4.475, 8]},
			"faces": {
				"north": {"uv": [0, 0, 0.24, 0.5], "texture": "#yellow_concrete"},
				"east": {"uv": [0, 0, 0.2, 0.5], "texture": "#yellow_concrete"},
				"south": {"uv": [0, 0, 0.24, 0.5], "texture": "#yellow_concrete"},
				"west": {"uv": [0, 0, 0.2, 0.5], "texture": "#yellow_concrete"},
				"up": {"uv": [0, 0, 0.24, 0.2], "texture": "#yellow_concrete"},
				"down": {"uv": [0, 0, 0.24, 0.2], "texture": "#yellow_concrete"}
			}
		},
		{
			"name": "Thunder",
			"from": [0.65, 9.215, 0.53],
			"to": [0.92, 10.095, 0.73],
			"rotation": {"angle": 0, "axis": "y", "origin": [0, -12.475, 0]},
			"faces": {
				"north": {"uv": [0, 0, 0.27, 0.88], "texture": "#yellow_concrete"},
				"east": {"uv": [0, 0, 0.2, 0.88], "texture": "#yellow_concrete"},
				"south": {"uv": [0, 0, 0.27, 0.88], "texture": "#yellow_concrete"},
				"west": {"uv": [0, 0, 0.2, 0.88], "texture": "#yellow_concrete"},
				"up": {"uv": [0, 0, 0.27, 0.2], "texture": "#yellow_concrete"},
				"down": {"uv": [0, 0, 0.27, 0.2], "texture": "#yellow_concrete"}
			}
		},
		{
			"name": "Thunder",
			"from": [13.03, 10.815, 0.53],
			"to": [13.27, 11.375, 0.73],
			"rotation": {"angle": 45, "axis": "z", "origin": [8, -4.475, 8]},
			"faces": {
				"north": {"uv": [0, 0, 0.24, 0.56], "texture": "#yellow_concrete"},
				"east": {"uv": [0, 0, 0.2, 0.56], "texture": "#yellow_concrete"},
				"south": {"uv": [0, 0, 0.24, 0.56], "texture": "#yellow_concrete"},
				"west": {"uv": [0, 0, 0.2, 0.56], "texture": "#yellow_concrete"},
				"up": {"uv": [0, 0, 0.24, 0.2], "texture": "#yellow_concrete"},
				"down": {"uv": [0, 0, 0.24, 0.2], "texture": "#yellow_concrete"}
			}
		},
		{
			"name": "Thunder",
			"from": [-7.46, 0.665, 0.53],
			"to": [-7.28, 1.225, 0.73],
			"rotation": {"angle": -45, "axis": "z", "origin": [8, -4.475, 8]},
			"faces": {
				"north": {"uv": [0, 0, 0.18, 0.56], "texture": "#yellow_concrete"},
				"east": {"uv": [0, 0, 0.2, 0.56], "texture": "#yellow_concrete"},
				"south": {"uv": [0, 0, 0.18, 0.56], "texture": "#yellow_concrete"},
				"west": {"uv": [0, 0, 0.2, 0.56], "texture": "#yellow_concrete"},
				"up": {"uv": [0, 0, 0.18, 0.2], "texture": "#yellow_concrete"},
				"down": {"uv": [0, 0, 0.18, 0.2], "texture": "#yellow_concrete"}
			}
		},
		{
			"name": "Thunder",
			"from": [-15.36, 8.215, 0.53],
			"to": [-15.18, 8.775, 0.73],
			"rotation": {"angle": -45, "axis": "z", "origin": [8, -4.475, 8]},
			"faces": {
				"north": {"uv": [0, 0, 0.18, 0.56], "texture": "#yellow_concrete"},
				"east": {"uv": [0, 0, 0.2, 0.56], "texture": "#yellow_concrete"},
				"south": {"uv": [0, 0, 0.18, 0.56], "texture": "#yellow_concrete"},
				"west": {"uv": [0, 0, 0.2, 0.56], "texture": "#yellow_concrete"},
				"up": {"uv": [0, 0, 0.18, 0.2], "texture": "#yellow_concrete"},
				"down": {"uv": [0, 0, 0.18, 0.2], "texture": "#yellow_concrete"}
			}
		},
		{
			"name": "Thunder",
			"from": [1.04, 10.363, 0.53],
			"to": [1.23, 11.343, 0.73],
			"rotation": {"angle": 0, "axis": "y", "origin": [0, -12.475, 0]},
			"faces": {
				"north": {"uv": [0, 0, 0.19, 0.98], "texture": "#yellow_concrete"},
				"east": {"uv": [0, 0, 0.2, 0.98], "texture": "#yellow_concrete"},
				"south": {"uv": [0, 0, 0.19, 0.98], "texture": "#yellow_concrete"},
				"west": {"uv": [0, 0, 0.2, 0.98], "texture": "#yellow_concrete"},
				"up": {"uv": [0, 0, 0.19, 0.2], "texture": "#yellow_concrete"},
				"down": {"uv": [0, 0, 0.19, 0.2], "texture": "#yellow_concrete"}
			}
		},
		{
			"name": "Thunder",
			"from": [13.83, 11.165, 0.53],
			"to": [14.03, 11.725, 0.73],
			"rotation": {"angle": 45, "axis": "z", "origin": [8, -4.475, 8]},
			"faces": {
				"north": {"uv": [0, 0, 0.2, 0.56], "texture": "#yellow_concrete"},
				"east": {"uv": [0, 0, 0.2, 0.56], "texture": "#yellow_concrete"},
				"south": {"uv": [0, 0, 0.2, 0.56], "texture": "#yellow_concrete"},
				"west": {"uv": [0, 0, 0.2, 0.56], "texture": "#yellow_concrete"},
				"up": {"uv": [0, 0, 0.2, 0.2], "texture": "#yellow_concrete"},
				"down": {"uv": [0, 0, 0.2, 0.2], "texture": "#yellow_concrete"}
			}
		},
		{
			"name": "Thunder",
			"from": [14.2, 11.495, 0.53],
			"to": [14.4, 12.055, 0.73],
			"rotation": {"angle": 45, "axis": "z", "origin": [8, -4.475, 8]},
			"faces": {
				"north": {"uv": [0, 0, 0.2, 0.56], "texture": "#yellow_concrete"},
				"east": {"uv": [0, 0, 0.2, 0.56], "texture": "#yellow_concrete"},
				"south": {"uv": [0, 0, 0.2, 0.56], "texture": "#yellow_concrete"},
				"west": {"uv": [0, 0, 0.2, 0.56], "texture": "#yellow_concrete"},
				"up": {"uv": [0, 0, 0.2, 0.2], "texture": "#yellow_concrete"},
				"down": {"uv": [0, 0, 0.2, 0.2], "texture": "#yellow_concrete"}
			}
		},
		{
			"name": "Thunder",
			"from": [0.69, 11.595, 0.53],
			"to": [0.9, 15.875, 0.73],
			"rotation": {"angle": 0, "axis": "y", "origin": [0, -12.475, 0]},
			"faces": {
				"north": {"uv": [0, 0, 0.21, 4.28], "texture": "#yellow_concrete"},
				"east": {"uv": [0, 0, 0.2, 4.28], "texture": "#yellow_concrete"},
				"south": {"uv": [0, 0, 0.21, 4.28], "texture": "#yellow_concrete"},
				"west": {"uv": [0, 0, 0.2, 4.28], "texture": "#yellow_concrete"},
				"up": {"uv": [0, 0, 0.21, 0.2], "texture": "#yellow_concrete"},
				"down": {"uv": [0, 0, 0.21, 0.2], "texture": "#yellow_concrete"}
			}
		},
		{
			"name": "Thunder",
			"from": [-8.76, 2.065, 0.53],
			"to": [-8.58, 2.625, 0.73],
			"rotation": {"angle": -45, "axis": "z", "origin": [8, -4.475, 8]},
			"faces": {
				"north": {"uv": [0, 0, 0.18, 0.56], "texture": "#yellow_concrete"},
				"east": {"uv": [0, 0, 0.2, 0.56], "texture": "#yellow_concrete"},
				"south": {"uv": [0, 0, 0.18, 0.56], "texture": "#yellow_concrete"},
				"west": {"uv": [0, 0, 0.2, 0.56], "texture": "#yellow_concrete"},
				"up": {"uv": [0, 0, 0.18, 0.2], "texture": "#yellow_concrete"},
				"down": {"uv": [0, 0, 0.18, 0.2], "texture": "#yellow_concrete"}
			}
		},
		{
			"name": "Thunder",
			"from": [15.2, 12.995, 0.53],
			"to": [15.4, 13.555, 0.73],
			"rotation": {"angle": 45, "axis": "z", "origin": [8, -4.475, 8]},
			"faces": {
				"north": {"uv": [0, 0, 0.2, 0.56], "texture": "#yellow_concrete"},
				"east": {"uv": [0, 0, 0.2, 0.56], "texture": "#yellow_concrete"},
				"south": {"uv": [0, 0, 0.2, 0.56], "texture": "#yellow_concrete"},
				"west": {"uv": [0, 0, 0.2, 0.56], "texture": "#yellow_concrete"},
				"up": {"uv": [0, 0, 0.2, 0.2], "texture": "#yellow_concrete"},
				"down": {"uv": [0, 0, 0.2, 0.2], "texture": "#yellow_concrete"}
			}
		},
		{
			"name": "Thunder",
			"from": [-10.87, 4.085, 0.53],
			"to": [-10.69, 4.645, 0.73],
			"rotation": {"angle": -45, "axis": "z", "origin": [8, -4.475, 8]},
			"faces": {
				"north": {"uv": [0, 0, 0.18, 0.56], "texture": "#yellow_concrete"},
				"east": {"uv": [0, 0, 0.2, 0.56], "texture": "#yellow_concrete"},
				"south": {"uv": [0, 0, 0.18, 0.56], "texture": "#yellow_concrete"},
				"west": {"uv": [0, 0, 0.2, 0.56], "texture": "#yellow_concrete"},
				"up": {"uv": [0, 0, 0.18, 0.2], "texture": "#yellow_concrete"},
				"down": {"uv": [0, 0, 0.18, 0.2], "texture": "#yellow_concrete"}
			}
		},
		{
			"name": "Thunder",
			"from": [-13.995, 6.91, 0.53],
			"to": [-13.815, 7.47, 0.73],
			"rotation": {"angle": -45, "axis": "z", "origin": [8, -4.475, 8]},
			"faces": {
				"north": {"uv": [0, 0, 0.18, 0.56], "texture": "#yellow_concrete"},
				"east": {"uv": [0, 0, 0.2, 0.56], "texture": "#yellow_concrete"},
				"south": {"uv": [0, 0, 0.18, 0.56], "texture": "#yellow_concrete"},
				"west": {"uv": [0, 0, 0.2, 0.56], "texture": "#yellow_concrete"},
				"up": {"uv": [0, 0, 0.18, 0.2], "texture": "#yellow_concrete"},
				"down": {"uv": [0, 0, 0.18, 0.2], "texture": "#yellow_concrete"}
			}
		},
		{
			"name": "Thunder",
			"from": [-12.57, 5.41, 0.53],
			"to": [-12.39, 5.97, 0.73],
			"rotation": {"angle": -45, "axis": "z", "origin": [8, -4.475, 8]},
			"faces": {
				"north": {"uv": [0, 0, 0.18, 0.56], "texture": "#yellow_concrete"},
				"east": {"uv": [0, 0, 0.2, 0.56], "texture": "#yellow_concrete"},
				"south": {"uv": [0, 0, 0.18, 0.56], "texture": "#yellow_concrete"},
				"west": {"uv": [0, 0, 0.2, 0.56], "texture": "#yellow_concrete"},
				"up": {"uv": [0, 0, 0.18, 0.2], "texture": "#yellow_concrete"},
				"down": {"uv": [0, 0, 0.18, 0.2], "texture": "#yellow_concrete"}
			}
		},
		{
			"name": "Thunder",
			"from": [-13.545, 6.435, 0.53],
			"to": [-13.365, 6.995, 0.73],
			"rotation": {"angle": -45, "axis": "z", "origin": [8, -4.475, 8]},
			"faces": {
				"north": {"uv": [0, 0, 0.18, 0.56], "texture": "#yellow_concrete"},
				"east": {"uv": [0, 0, 0.2, 0.56], "texture": "#yellow_concrete"},
				"south": {"uv": [0, 0, 0.18, 0.56], "texture": "#yellow_concrete"},
				"west": {"uv": [0, 0, 0.2, 0.56], "texture": "#yellow_concrete"},
				"up": {"uv": [0, 0, 0.18, 0.2], "texture": "#yellow_concrete"},
				"down": {"uv": [0, 0, 0.18, 0.2], "texture": "#yellow_concrete"}
			}
		},
		{
			"name": "Thunder",
			"from": [-14.945, 7.885, 0.53],
			"to": [-14.765, 8.445, 0.73],
			"rotation": {"angle": -45, "axis": "z", "origin": [8, -4.475, 8]},
			"faces": {
				"north": {"uv": [0, 0, 0.18, 0.56], "texture": "#yellow_concrete"},
				"east": {"uv": [0, 0, 0.2, 0.56], "texture": "#yellow_concrete"},
				"south": {"uv": [0, 0, 0.18, 0.56], "texture": "#yellow_concrete"},
				"west": {"uv": [0, 0, 0.2, 0.56], "texture": "#yellow_concrete"},
				"up": {"uv": [0, 0, 0.18, 0.2], "texture": "#yellow_concrete"},
				"down": {"uv": [0, 0, 0.18, 0.2], "texture": "#yellow_concrete"}
			}
		},
		{
			"name": "Thunder",
			"from": [-15.995, 8.81, 0.53],
			"to": [-15.815, 9.32, 0.73],
			"rotation": {"angle": -45, "axis": "z", "origin": [8, -4.475, 8]},
			"faces": {
				"north": {"uv": [0, 0, 0.18, 0.56], "texture": "#yellow_concrete"},
				"east": {"uv": [0, 0, 0.2, 0.56], "texture": "#yellow_concrete"},
				"south": {"uv": [0, 0, 0.18, 0.56], "texture": "#yellow_concrete"},
				"west": {"uv": [0, 0, 0.2, 0.56], "texture": "#yellow_concrete"},
				"up": {"uv": [0, 0, 0.18, 0.2], "texture": "#yellow_concrete"},
				"down": {"uv": [0, 0, 0.18, 0.2], "texture": "#yellow_concrete"}
			}
		},
		{
			"name": "Thunder",
			"from": [-15.995, 8.81, 0.53],
			"to": [-15.815, 9.32, 0.73],
			"rotation": {"angle": -45, "axis": "z", "origin": [8, -4.475, 8]},
			"faces": {
				"north": {"uv": [0, 0, 0.18, 0.56], "texture": "#yellow_concrete"},
				"east": {"uv": [0, 0, 0.2, 0.56], "texture": "#yellow_concrete"},
				"south": {"uv": [0, 0, 0.18, 0.56], "texture": "#yellow_concrete"},
				"west": {"uv": [0, 0, 0.2, 0.56], "texture": "#yellow_concrete"},
				"up": {"uv": [0, 0, 0.18, 0.2], "texture": "#yellow_concrete"},
				"down": {"uv": [0, 0, 0.18, 0.2], "texture": "#yellow_concrete"}
			}
		},
		{
			"name": "Thunder",
			"from": [17.16, 14.925, 0.53],
			"to": [17.36, 15.385, 0.73],
			"rotation": {"angle": 45, "axis": "z", "origin": [8, -4.475, 8]},
			"faces": {
				"north": {"uv": [0, 0, 0.2, 0.46], "texture": "#yellow_concrete"},
				"east": {"uv": [0, 0, 0.2, 0.46], "texture": "#yellow_concrete"},
				"south": {"uv": [0, 0, 0.2, 0.46], "texture": "#yellow_concrete"},
				"west": {"uv": [0, 0, 0.2, 0.46], "texture": "#yellow_concrete"},
				"up": {"uv": [0, 0, 0.2, 0.2], "texture": "#yellow_concrete"},
				"down": {"uv": [0, 0, 0.2, 0.2], "texture": "#yellow_concrete"}
			}
		},
		{
			"name": "Thunder",
			"from": [0.43, 16.045, 0.53],
			"to": [0.7, 21.025, 0.73],
			"rotation": {"angle": 0, "axis": "y", "origin": [0, -12.475, 0]},
			"faces": {
				"north": {"uv": [0, 0, 0.27, 1.08], "texture": "#yellow_concrete"},
				"east": {"uv": [0, 0, 0.2, 1.08], "texture": "#yellow_concrete"},
				"south": {"uv": [0, 0, 0.27, 1.08], "texture": "#yellow_concrete"},
				"west": {"uv": [0, 0, 0.2, 1.08], "texture": "#yellow_concrete"},
				"up": {"uv": [0, 0, 0.27, 0.2], "texture": "#yellow_concrete"},
				"down": {"uv": [0, 0, 0.27, 0.2], "texture": "#yellow_concrete"}
			}
		},
		{
			"name": "Thunder",
			"from": [0.73, 21.245, 0.53],
			"to": [1, 24.425, 0.73],
			"rotation": {"angle": 0, "axis": "y", "origin": [0, -12.475, 0]},
			"faces": {
				"north": {"uv": [0, 0, 0.27, 1.08], "texture": "#yellow_concrete"},
				"east": {"uv": [0, 0, 0.2, 1.08], "texture": "#yellow_concrete"},
				"south": {"uv": [0, 0, 0.27, 1.08], "texture": "#yellow_concrete"},
				"west": {"uv": [0, 0, 0.2, 1.08], "texture": "#yellow_concrete"},
				"up": {"uv": [0, 0, 0.27, 0.2], "texture": "#yellow_concrete"},
				"down": {"uv": [0, 0, 0.27, 0.2], "texture": "#yellow_concrete"}
			}
		},
		{
			"name": "Yellow",
			"from": [0.62, -0.9, 0.19],
			"to": [1.42, -0.6, 1.11],
			"rotation": {"angle": 0, "axis": "y", "origin": [0, -12.5, 0]},
			"faces": {
				"north": {"uv": [0, 0, 0.8, 0.3], "texture": "#yellow_concrete"},
				"east": {"uv": [0, 0, 0.92, 0.3], "texture": "#yellow_concrete"},
				"south": {"uv": [0, 0, 0.8, 0.3], "texture": "#yellow_concrete"},
				"west": {"uv": [0, 0, 0.92, 0.3], "texture": "#yellow_concrete"},
				"up": {"uv": [0, 0, 0.8, 0.92], "texture": "#yellow_concrete"},
				"down": {"uv": [0, 0, 0.8, 0.92], "texture": "#yellow_concrete"}
			}
		},
		{
			"name": "White",
			"from": [8.603, -12, -2.04],
			"to": [9.063, -11, -1.735],
			"rotation": {"angle": 45, "axis": "y", "origin": [8, -4.5, 8]},
			"faces": {
				"north": {"uv": [0, 0, 0.41, 11], "texture": "#yellow_concrete"},
				"east": {"uv": [0, 0, 0.28, 11], "texture": "#yellow_concrete"},
				"south": {"uv": [0, 0, 0.41, 11], "texture": "#yellow_concrete"},
				"west": {"uv": [0, 0, 0.28, 11], "texture": "#yellow_concrete"},
				"up": {"uv": [0, 0, 0.41, 0.28], "texture": "#yellow_concrete"},
				"down": {"uv": [0, 0, 0.41, 0.28], "texture": "#yellow_concrete"}
			}
		},
		{
			"from": [0.475, -12, 0.165],
			"to": [1.65, -11, 1.135],
			"faces": {
				"north": {"uv": [0, 0, 1.175, 1], "texture": "#yellow_concrete"},
				"east": {"uv": [0, 0, 0.97, 1], "texture": "#yellow_concrete"},
				"south": {"uv": [0, 0, 1.175, 1], "texture": "#yellow_concrete"},
				"west": {"uv": [0, 0, 0.97, 1], "texture": "#yellow_concrete"},
				"up": {"uv": [0, 0, 1.175, 0.97], "texture": "#yellow_concrete"},
				"down": {"uv": [0, 0, 1.175, 0.97], "texture": "#yellow_concrete"}
			}
		},
		{
			"name": "White",
			"from": [-2.86, -12, 7.78],
			"to": [-2.06, -11, 8.06],
			"rotation": {"angle": -45, "axis": "y", "origin": [8, -4.5, 8]},
			"faces": {
				"north": {"uv": [0, 0, 0.8, 11], "texture": "#yellow_concrete"},
				"east": {"uv": [0, 0, 0.28, 11], "texture": "#yellow_concrete"},
				"south": {"uv": [0, 0, 0.8, 11], "texture": "#yellow_concrete"},
				"west": {"uv": [0, 0, 0.28, 11], "texture": "#yellow_concrete"},
				"up": {"uv": [0, 0, 0.8, 0.28], "texture": "#yellow_concrete"},
				"down": {"uv": [0, 0, 0.8, 0.28], "texture": "#yellow_concrete"}
			}
		},
		{
			"from": [0.275, -12, 0.365],
			"to": [1.875, -11, 0.935],
			"faces": {
				"north": {"uv": [0, 0, 1.6, 1], "texture": "#yellow_concrete"},
				"east": {"uv": [0, 0, 0.57, 1], "texture": "#yellow_concrete"},
				"south": {"uv": [0, 0, 1.6, 1], "texture": "#yellow_concrete"},
				"west": {"uv": [0, 0, 0.57, 1], "texture": "#yellow_concrete"},
				"up": {"uv": [0, 0, 1.6, 0.57], "texture": "#yellow_concrete"},
				"down": {"uv": [0, 0, 1.6, 0.57], "texture": "#yellow_concrete"}
			}
		},
		{
			"name": "White",
			"from": [7.53, -12, -2.46],
			"to": [8.33, -11, -2.18],
			"rotation": {"angle": 45, "axis": "y", "origin": [8, -4.5, 8]},
			"faces": {
				"north": {"uv": [0, 0, 0.8, 11], "texture": "#yellow_concrete"},
				"east": {"uv": [0, 0, 0.28, 11], "texture": "#yellow_concrete"},
				"south": {"uv": [0, 0, 0.8, 11], "texture": "#yellow_concrete"},
				"west": {"uv": [0, 0, 0.28, 11], "texture": "#yellow_concrete"},
				"up": {"uv": [0, 0, 0.8, 0.28], "texture": "#yellow_concrete"},
				"down": {"uv": [0, 0, 0.8, 0.28], "texture": "#yellow_concrete"}
			}
		},
		{
			"name": "White",
			"from": [1.08805, -12, 0.54852],
			"to": [1.91305, -11, 0.85352],
			"rotation": {"angle": -45, "axis": "y", "origin": [1.43805, -6, 0.68852]},
			"faces": {
				"north": {"uv": [0, 0, 0.8, 11], "texture": "#yellow_concrete"},
				"east": {"uv": [0, 0, 0.28, 11], "texture": "#yellow_concrete"},
				"south": {"uv": [0, 0, 0.8, 11], "texture": "#yellow_concrete"},
				"west": {"uv": [0, 0, 0.28, 11], "texture": "#yellow_concrete"},
				"up": {"uv": [0, 0, 0.8, 0.28], "texture": "#yellow_concrete"},
				"down": {"uv": [0, 0, 0.8, 0.28], "texture": "#yellow_concrete"}
			}
		}
	],
	"display": {
		"thirdperson_righthand": {
			"rotation": [0, 90, 0],
			"translation": [8.8, 8.2, -6],
			"scale": [1.075, 0.975, 1.075]
		},
		"thirdperson_lefthand": {
			"rotation": [0, -90, 0],
			"translation": [-7.5, 8.5, -5.5]
		},
		"firstperson_righthand": {
			"rotation": [0, 108, 0],
			"translation": [0.7, 8.25, -1.5],
			"scale": [0.5, 0.7, 0.5]
		},
		"firstperson_lefthand": {
			"rotation": [0, -85, 0],
			"translation": [-4.5, 8.25, -0.5],
			"scale": [0.5, 0.7, 0.5]
		},
		"ground": {
			"rotation": [-180, 0, 0],
			"translation": [6.5, 0, -8]
		},
		"gui": {
			"rotation": [7.89, 7.21, -43.92],
			"translation": [3, -2.5, -0.1],
			"scale": [0.58, 0.58, 0.58]
		},
		"head": {
			"rotation": [0, 180, 0]
		},
		"fixed": {
			"rotation": [-180, 0, 90],
			"translation": [5.75, -28.75, -32],
			"scale": [4, 4, 4]
		}
	},
	"groups": [
		0,
		1,
		2,
		3,
		4,
		5,
		6,
		7,
		8,
		9,
		10,
		11,
		12,
		13,
		14,
		15,
		16,
		17,
		18,
		19,
		20,
		21,
		22,
		23,
		24,
		25,
		26,
		27,
		28,
		29,
		30,
		31,
		32,
		33,
		34,
		35,
		36,
		37,
		38,
		39,
		40,
		41,
		42,
		43,
		44,
		45,
		46,
		47,
		48,
		49,
		50,
		51,
		52,
		53,
		54,
		55,
		56,
		57,
		58,
		59,
		60,
		{
			"name": "Thunder",
			"origin": [0, 0, 0],
			"color": 0,
			"children": [61, 62, 63, 64, 65, 66, 67, 68, 69, 70, 71, 72, 73, 74, 75, 76, 77, 78, 79, 80, 81, 82, 83, 84, 85, 86, 87, 88, 89, 90, 91, 92, 93, 94, 95, 96, 97, 98, 99, 100, 101]
		},
		{
			"name": "botton",
			"origin": [0, -12.5, 0],
			"color": 0,
			"children": [102, 103, 104, 105, 106, 107, 108]
		}
	]
}