{
    "__comment": "Made with TheDestruc7i0n's advancements generator: https://advancements.thedestruc7i0n.ca",
    "display": {
        "title": {
            "text": "Kanoe rank",
            "color": "gold"
        },
        "description": {
            "text": ""
        },
        "icon": {
            "item": "minecraft:leather_boots"
        },
        "frame": "task",
        "show_toast": true,
        "announce_to_chat": false,
        "hidden": false
    },
    "criteria": {
        "get": {
            "trigger": "minecraft:impossible"
        }
    },
    "parent": "demon:kanoto"
}