{
    "__comment": "Made with TheDestruc7i0n's advancements generator: https://advancements.thedestruc7i0n.ca",
    "display": {
        "title": {
            "text": "Mizunoto rank",
            "color": "white"
        },
        "description": {
            "text": "The lowest rank in the Demon slayer corp!"
        },
        "icon": {
            "item": "minecraft:leather_helmet"
        },
        "frame": "task",
        "show_toast": true,
        "announce_to_chat": false,
        "hidden": false
    },
    "criteria": {
        "get": {
            "trigger": "minecraft:impossible"
        }
    },
    "parent": "demon:ranks"
}