{
    "__comment": "Made with TheDestruc7i0n's advancements generator: https://advancements.thedestruc7i0n.ca",
    "display": {
        "title": {
            "text": "Ranks",
            "color": "dark_aqua"
        },
        "description": {
            "text": "All the ranks that you can get in the Demon slayer datapack"
        },
        "icon": {
            "item": "minecraft:bone_meal",
            "nbt": "{CustomModelData:101b}"
        },
        "frame": "task",
        "show_toast": false,
        "announce_to_chat": false,
        "hidden": false
    },
    "criteria": {
        "get": {
            "trigger": "minecraft:tick"
        }
    },
    "parent": "demon:root"
}