{
	"credit": "Made with Blockbench",
	"texture_size": [64, 64],
	"textures": {
		"8": "blocks/orange_concrete_powder",
		"10": "blocks/red_concrete_powder",
		"13": "blocks/yellow_concrete_powder",
		"particle": "blocks/blue_concrete_powder"
	},
	"elements": [
		{
			"from": [0, -4.3785, 11.13203],
			"to": [9.925, -3.3785, 27.13203],
			"rotation": {"angle": 0, "axis": "x", "origin": [8, 5.6215, 9.15703]},
			"faces": {
				"north": {"uv": [1.5, 11.25, 4, 11.5], "texture": "#10"},
				"east": {"uv": [10, 9.25, 14, 9.5], "texture": "#10"},
				"south": {"uv": [4, 11.25, 6.5, 11.5], "texture": "#10"},
				"west": {"uv": [10, 9.5, 14, 9.75], "texture": "#10"},
				"up": {"uv": [4.5, 8.25, 2, 4.25], "texture": "#10"},
				"down": {"uv": [5.0625, 0, 2.5625, 4], "texture": "#10"}
			}
		},
		{
			"from": [0, -4.3785, 17.95703],
			"to": [9.925, 3.7465, 31.9],
			"rotation": {"angle": 0, "axis": "x", "origin": [8, 5.6215, 9.15703]},
			"faces": {
				"north": {"uv": [1.5, 11.25, 4, 11.5], "texture": "#10"},
				"east": {"uv": [10, 9.25, 14, 9.5], "texture": "#10"},
				"south": {"uv": [4, 11.25, 6.5, 11.5], "texture": "#10"},
				"west": {"uv": [10, 9.5, 14, 9.75], "texture": "#10"},
				"up": {"uv": [4.5, 8.25, 2, 4.25], "texture": "#10"},
				"down": {"uv": [5.0625, 0, 2.5625, 4], "texture": "#10"}
			}
		},
		{
			"from": [0, -11, -5],
			"to": [9.925, -10, 7.575],
			"rotation": {"angle": -45, "axis": "x", "origin": [0, 0, 0]},
			"faces": {
				"north": {"uv": [7, 11.25, 9.5, 11.5], "texture": "#10"},
				"east": {"uv": [1.5, 11, 4.125, 11.25], "texture": "#10"},
				"south": {"uv": [1.5, 11.5, 4, 11.75], "texture": "#10"},
				"west": {"uv": [7, 11, 9.625, 11.25], "texture": "#10"},
				"up": {"uv": [7, 14.875, 4.5, 12.25], "texture": "#10"},
				"down": {"uv": [7.5625, 8, 5.0625, 10.625], "texture": "#10"}
			}
		},
		{
			"from": [0, -5.1783, 9.04594],
			"to": [9.925, 1.3217, 10.34594],
			"rotation": {"angle": 22.5, "axis": "x", "origin": [4.9625, -5.3033, 9.54594]},
			"faces": {
				"north": {"uv": [7.5, 9.25, 10, 10.875], "texture": "#10"},
				"east": {"uv": [4, 11.75, 4.25, 13.375], "texture": "#10"},
				"south": {"uv": [10, 0, 12.5, 1.625], "texture": "#10"},
				"west": {"uv": [4.25, 11.75, 4.5, 13.375], "texture": "#10"},
				"up": {"uv": [8.5, 16, 6, 15.75], "texture": "#10"},
				"down": {"uv": [9.5625, 11.5, 7.0625, 11.75], "texture": "#10"}
			}
		},
		{
			"from": [0, -2.5033, 9.04594],
			"to": [9.925, 4.7967, 13.77094],
			"rotation": {"angle": 22.5, "axis": "x", "origin": [4.9625, -5.3033, 9.54594]},
			"faces": {
				"north": {"uv": [7.5, 9.25, 10, 10.875], "texture": "#10"},
				"east": {"uv": [4, 11.75, 4.25, 13.375], "texture": "#10"},
				"south": {"uv": [10, 0, 12.5, 1.625], "texture": "#10"},
				"west": {"uv": [4.25, 11.75, 4.5, 13.375], "texture": "#10"},
				"up": {"uv": [8.5, 16, 6, 15.75], "texture": "#10"},
				"down": {"uv": [9.5625, 11.5, 7.0625, 11.75], "texture": "#10"}
			}
		},
		{
			"from": [0, -2.20703, 12.94748],
			"to": [9.925, 5.09297, 16.77248],
			"rotation": {"angle": 45, "axis": "x", "origin": [4.9625, -0.05703, 13.73498]},
			"faces": {
				"north": {"uv": [7.5, 9.25, 10, 10.875], "texture": "#10"},
				"east": {"uv": [4, 11.75, 4.25, 13.375], "texture": "#10"},
				"south": {"uv": [10, 0, 12.5, 1.625], "texture": "#10"},
				"west": {"uv": [4.25, 11.75, 4.5, 13.375], "texture": "#10"},
				"up": {"uv": [8.5, 16, 6, 15.75], "texture": "#10"},
				"down": {"uv": [9.5625, 11.5, 7.0625, 11.75], "texture": "#10"}
			}
		},
		{
			"from": [0, -2.20703, 15.47248],
			"to": [9.925, 7.66797, 16.77248],
			"rotation": {"angle": 45, "axis": "x", "origin": [4.9625, -0.05703, 13.73498]},
			"faces": {
				"north": {"uv": [7.5, 9.25, 10, 10.875], "texture": "#10"},
				"east": {"uv": [4, 11.75, 4.25, 13.375], "texture": "#10"},
				"south": {"uv": [10, 0, 12.5, 1.625], "texture": "#10"},
				"west": {"uv": [4.25, 11.75, 4.5, 13.375], "texture": "#10"},
				"up": {"uv": [8.5, 16, 6, 15.75], "texture": "#10"},
				"down": {"uv": [9.5625, 11.5, 7.0625, 11.75], "texture": "#10"}
			}
		},
		{
			"from": [0, 4.99297, 14.19748],
			"to": [9.925, 6.31797, 15.54748],
			"rotation": {"angle": 45, "axis": "x", "origin": [4.9625, -0.05703, 13.73498]},
			"faces": {
				"north": {"uv": [7.5, 9.25, 10, 10.875], "texture": "#10"},
				"east": {"uv": [4, 11.75, 4.25, 13.375], "texture": "#10"},
				"south": {"uv": [10, 0, 12.5, 1.625], "texture": "#10"},
				"west": {"uv": [4.25, 11.75, 4.5, 13.375], "texture": "#10"},
				"up": {"uv": [8.5, 16, 6, 15.75], "texture": "#10"},
				"down": {"uv": [9.5625, 11.5, 7.0625, 11.75], "texture": "#10"}
			}
		},
		{
			"from": [0, 3.36797, 12.52248],
			"to": [9.925, 3.99297, 13.02248],
			"rotation": {"angle": 45, "axis": "x", "origin": [4.9625, -0.05703, 13.73498]},
			"faces": {
				"north": {"uv": [7.5, 9.25, 10, 10.875], "texture": "#10"},
				"east": {"uv": [4, 11.75, 4.25, 13.375], "texture": "#10"},
				"south": {"uv": [10, 0, 12.5, 1.625], "texture": "#10"},
				"west": {"uv": [4.25, 11.75, 4.5, 13.375], "texture": "#10"},
				"up": {"uv": [8.5, 16, 6, 15.75], "texture": "#10"},
				"down": {"uv": [9.5625, 11.5, 7.0625, 11.75], "texture": "#10"}
			}
		},
		{
			"from": [0, 1.74322, 8.65486],
			"to": [9.925, 2.64322, 12.22986],
			"rotation": {"angle": 22.5, "axis": "x", "origin": [4.9625, 2.20572, 12.47986]},
			"faces": {
				"north": {"uv": [7.5, 9.25, 10, 10.875], "texture": "#10"},
				"east": {"uv": [4, 11.75, 4.25, 13.375], "texture": "#10"},
				"south": {"uv": [10, 0, 12.5, 1.625], "texture": "#10"},
				"west": {"uv": [4.25, 11.75, 4.5, 13.375], "texture": "#10"},
				"up": {"uv": [8.5, 16, 6, 15.75], "texture": "#10"},
				"down": {"uv": [9.5625, 11.5, 7.0625, 11.75], "texture": "#10"}
			}
		},
		{
			"from": [0, 2.64322, 10.95486],
			"to": [9.925, 3.34322, 12.22986],
			"rotation": {"angle": 22.5, "axis": "x", "origin": [4.9625, 2.20572, 12.47986]},
			"faces": {
				"north": {"uv": [7.5, 9.25, 10, 10.875], "texture": "#10"},
				"east": {"uv": [4, 11.75, 4.25, 13.375], "texture": "#10"},
				"south": {"uv": [10, 0, 12.5, 1.625], "texture": "#10"},
				"west": {"uv": [4.25, 11.75, 4.5, 13.375], "texture": "#10"},
				"up": {"uv": [8.5, 16, 6, 15.75], "texture": "#10"},
				"down": {"uv": [9.5625, 11.5, 7.0625, 11.75], "texture": "#10"}
			}
		},
		{
			"from": [0, 2.2715, 1.15703],
			"to": [9.925, 3.2715, 14.23203],
			"rotation": {"angle": 22.5, "axis": "x", "origin": [8, 5.6215, 9.15703]},
			"faces": {
				"north": {"uv": [11.5, 7.75, 14, 8], "texture": "#10"},
				"east": {"uv": [0, 10.75, 3.25, 11], "texture": "#10"},
				"south": {"uv": [11.5, 8, 14, 8.25], "texture": "#10"},
				"west": {"uv": [3.25, 10.75, 6.5, 11], "texture": "#10"},
				"up": {"uv": [12, 7.5, 9.5, 4.25], "texture": "#10"},
				"down": {"uv": [10.0625, 3.25, 7.5625, 6.5], "texture": "#10"}
			}
		},
		{
			"from": [0, 3.2215, 6.25703],
			"to": [9.925, 4.2215, 22.25703],
			"rotation": {"angle": 0, "axis": "x", "origin": [8, 5.6215, 9.15703]},
			"faces": {
				"north": {"uv": [11.5, 8.25, 14, 8.5], "texture": "#10"},
				"east": {"uv": [10, 9.75, 14, 10], "texture": "#10"},
				"south": {"uv": [11.5, 8.5, 14, 8.75], "texture": "#10"},
				"west": {"uv": [10, 10, 14, 10.25], "texture": "#10"},
				"up": {"uv": [4.5, 12.25, 2, 8.25], "texture": "#10"},
				"down": {"uv": [5.0625, 4, 2.5625, 8], "texture": "#10"}
			}
		},
		{
			"from": [0, -7.7785, 22.38203],
			"to": [9.925, 2.9715, 23.38203],
			"rotation": {"angle": 45, "axis": "x", "origin": [8, 3.7215, 23.83203]},
			"faces": {
				"north": {"uv": [7.5, 6.5, 10, 9.1875], "texture": "#10"},
				"east": {"uv": [6.5, 10.75, 6.75, 13.4375], "texture": "#10"},
				"south": {"uv": [0, 8, 2.5, 10.6875], "texture": "#10"},
				"west": {"uv": [6.75, 10.75, 7, 13.4375], "texture": "#10"},
				"up": {"uv": [16, 13.25, 13.5, 13], "texture": "#10"},
				"down": {"uv": [14.0625, 9, 11.5625, 9.25], "texture": "#10"}
			}
		},
		{
			"from": [0, -4.94558, 9.49051],
			"to": [9.925, -3.94558, 13.16551],
			"rotation": {"angle": -22.5, "axis": "x", "origin": [6, -4.44558, 11.74051]},
			"faces": {
				"north": {"uv": [9.5, 11.5, 12, 11.75], "texture": "#10"},
				"east": {"uv": [4.25, 11, 5.1875, 11.25], "texture": "#10"},
				"south": {"uv": [11.5, 10.75, 14, 11], "texture": "#10"},
				"west": {"uv": [5.25, 11, 6.1875, 11.25], "texture": "#10"},
				"up": {"uv": [14.5, 9.4375, 12, 8.5], "texture": "#10"},
				"down": {"uv": [12.5625, 5.25, 10.0625, 6.1875], "texture": "#10"}
			}
		},
		{
			"from": [0.175, 4.6965, 13.08203],
			"to": [9.45, 5.6965, 20.98203],
			"rotation": {"angle": -22.5, "axis": "x", "origin": [8, 3.7215, 14.25703]},
			"faces": {
				"north": {"uv": [11.5, 11, 14, 11.25], "texture": "#10"},
				"east": {"uv": [10, 10.25, 14, 10.5], "texture": "#10"},
				"south": {"uv": [11.5, 11.25, 14, 11.5], "texture": "#10"},
				"west": {"uv": [10, 10.5, 14, 10.75], "texture": "#10"},
				"up": {"uv": [9.5, 8.25, 7, 4.25], "texture": "#10"},
				"down": {"uv": [7.5625, 4, 5.0625, 8], "texture": "#10"}
			}
		},
		{
			"from": [-0.25, -11.5, -5.65],
			"to": [10.275, -9.05, -2.75],
			"rotation": {"angle": -45, "axis": "x", "origin": [0, 0, 0]},
			"faces": {
				"north": {"uv": [0, 0, 2.63125, 0.6125], "texture": "#8"},
				"east": {"uv": [0, 0, 0.725, 0.6125], "texture": "#8"},
				"south": {"uv": [0, 0, 2.63125, 0.6125], "texture": "#8"},
				"west": {"uv": [0, 0, 0.725, 0.6125], "texture": "#8"},
				"up": {"uv": [0, 0, 2.63125, 0.725], "texture": "#8"},
				"down": {"uv": [0, 0, 2.63125, 0.725], "texture": "#8"}
			}
		},
		{
			"from": [-0.25, -11.5, -2.775],
			"to": [10.275, -10.65, -0.15],
			"rotation": {"angle": -45, "axis": "x", "origin": [0, 0, 0]},
			"faces": {
				"north": {"uv": [0, 0, 2.63125, 0.2125], "texture": "#8"},
				"east": {"uv": [0, 0, 0.65625, 0.2125], "texture": "#8"},
				"south": {"uv": [0, 0, 2.63125, 0.2125], "texture": "#8"},
				"west": {"uv": [0, 0, 0.65625, 0.2125], "texture": "#8"},
				"up": {"uv": [0, 0, 2.63125, 0.65625], "texture": "#8"},
				"down": {"uv": [0, 0, 2.63125, 0.65625], "texture": "#8"}
			}
		},
		{
			"from": [-0.25, -5.45074, 9.44917],
			"to": [10.275, -4.60074, 16.14917],
			"rotation": {"angle": -22.5, "axis": "x", "origin": [5.0125, -4.67574, 10.98667]},
			"faces": {
				"north": {"uv": [0, 0, 2.63125, 0.2125], "texture": "#8"},
				"east": {"uv": [0, 0, 1.675, 0.2125], "texture": "#8"},
				"south": {"uv": [0, 0, 2.63125, 0.2125], "texture": "#8"},
				"west": {"uv": [0, 0, 1.675, 0.2125], "texture": "#8"},
				"up": {"uv": [0, 0, 2.63125, 1.675], "texture": "#8"},
				"down": {"uv": [0, 0, 2.63125, 1.675], "texture": "#8"}
			}
		},
		{
			"from": [-0.25, -5.92574, 14.82417],
			"to": [10.275, -3.95074, 17.47417],
			"rotation": {"angle": -22.5, "axis": "x", "origin": [5.0125, -4.67574, 10.98667]},
			"faces": {
				"north": {"uv": [0, 0, 2.63125, 0.49375], "texture": "#8"},
				"east": {"uv": [0, 0, 0.6625, 0.49375], "texture": "#8"},
				"south": {"uv": [0, 0, 2.63125, 0.49375], "texture": "#8"},
				"west": {"uv": [0, 0, 0.6625, 0.49375], "texture": "#8"},
				"up": {"uv": [0, 0, 2.63125, 0.6625], "texture": "#8"},
				"down": {"uv": [0, 0, 2.63125, 0.6625], "texture": "#8"}
			}
		},
		{
			"from": [-0.25, -4.87574, 16.37417],
			"to": [10.275, -3.40074, 17.49917],
			"rotation": {"angle": -22.5, "axis": "x", "origin": [5.0125, -4.67574, 10.98667]},
			"faces": {
				"north": {"uv": [0, 0, 2.63125, 0.36875], "texture": "#8"},
				"east": {"uv": [0, 0, 0.28125, 0.36875], "texture": "#8"},
				"south": {"uv": [0, 0, 2.63125, 0.36875], "texture": "#8"},
				"west": {"uv": [0, 0, 0.28125, 0.36875], "texture": "#8"},
				"up": {"uv": [0, 0, 2.63125, 0.28125], "texture": "#8"},
				"down": {"uv": [0, 0, 2.63125, 0.28125], "texture": "#8"}
			}
		},
		{
			"from": [-0.25, -4.73049, 12.84514],
			"to": [10.275, -3.88049, 17.74514],
			"rotation": {"angle": -45, "axis": "x", "origin": [5.0125, -4.30549, 12.79514]},
			"faces": {
				"north": {"uv": [0, 0, 2.63125, 0.2125], "texture": "#8"},
				"east": {"uv": [0, 0, 1.225, 0.2125], "texture": "#8"},
				"south": {"uv": [0, 0, 2.63125, 0.2125], "texture": "#8"},
				"west": {"uv": [0, 0, 1.225, 0.2125], "texture": "#8"},
				"up": {"uv": [0, 0, 2.63125, 1.225], "texture": "#8"},
				"down": {"uv": [0, 0, 2.63125, 1.225], "texture": "#8"}
			}
		},
		{
			"from": [-0.25, -4.55074, 13.22417],
			"to": [10.275, -3.30074, 17.44917],
			"rotation": {"angle": 0, "axis": "x", "origin": [5.0125, -4.67574, 10.98667]},
			"faces": {
				"north": {"uv": [0, 0, 2.63125, 0.3125], "texture": "#8"},
				"east": {"uv": [0, 0, 1.05625, 0.3125], "texture": "#8"},
				"south": {"uv": [0, 0, 2.63125, 0.3125], "texture": "#8"},
				"west": {"uv": [0, 0, 1.05625, 0.3125], "texture": "#8"},
				"up": {"uv": [0, 0, 2.63125, 1.05625], "texture": "#8"},
				"down": {"uv": [0, 0, 2.63125, 1.05625], "texture": "#8"}
			}
		},
		{
			"from": [-0.25, -7.82785, 7.14706],
			"to": [10.275, -6.75285, 7.69706],
			"rotation": {"angle": 22.5, "axis": "x", "origin": [5.0125, -8.86535, 6.79706]},
			"faces": {
				"north": {"uv": [0, 0, 2.63125, 0.26875], "rotation": 180, "texture": "#8"},
				"east": {"uv": [0, 0, 0.26875, 0.1375], "rotation": 90, "texture": "#8"},
				"south": {"uv": [0, 0, 2.63125, 0.26875], "texture": "#8"},
				"west": {"uv": [0, 0, 0.26875, 0.1375], "rotation": 270, "texture": "#8"},
				"up": {"uv": [0, 0, 2.63125, 0.1375], "texture": "#8"},
				"down": {"uv": [0, 0, 2.63125, 0.1375], "rotation": 180, "texture": "#8"}
			}
		},
		{
			"from": [-0.25, -10.025, -2.775],
			"to": [10.275, -9.5, -0.15],
			"rotation": {"angle": -45, "axis": "x", "origin": [0, 0, 0]},
			"faces": {
				"north": {"uv": [0, 0, 2.63125, 0.13125], "texture": "#8"},
				"east": {"uv": [0, 0, 0.65625, 0.13125], "texture": "#8"},
				"south": {"uv": [0, 0, 2.63125, 0.13125], "texture": "#8"},
				"west": {"uv": [0, 0, 0.65625, 0.13125], "texture": "#8"},
				"up": {"uv": [0, 0, 2.63125, 0.65625], "texture": "#8"},
				"down": {"uv": [0, 0, 2.63125, 0.65625], "texture": "#8"}
			}
		},
		{
			"from": [-0.25, -8.47477, 4.38149],
			"to": [10.275, -7.94977, 5.18149],
			"rotation": {"angle": -22.5, "axis": "x", "origin": [5.0125, -7.93727, 5.86899]},
			"faces": {
				"north": {"uv": [0, 0, 2.63125, 0.13125], "texture": "#8"},
				"east": {"uv": [0, 0, 0.2, 0.13125], "texture": "#8"},
				"south": {"uv": [0, 0, 2.63125, 0.13125], "texture": "#8"},
				"west": {"uv": [0, 0, 0.2, 0.13125], "texture": "#8"},
				"up": {"uv": [0, 0, 2.63125, 0.2], "texture": "#8"},
				"down": {"uv": [0, 0, 2.63125, 0.2], "texture": "#8"}
			}
		},
		{
			"from": [-0.25, -10.125, -0.725],
			"to": [10.275, -9.775, 1.15],
			"rotation": {"angle": -45, "axis": "x", "origin": [0, 0, 0]},
			"faces": {
				"north": {"uv": [0, 0, 2.63125, 0.0875], "texture": "#8"},
				"east": {"uv": [0, 0, 0.46875, 0.0875], "texture": "#8"},
				"south": {"uv": [0, 0, 2.63125, 0.0875], "texture": "#8"},
				"west": {"uv": [0, 0, 0.46875, 0.0875], "texture": "#8"},
				"up": {"uv": [0, 0, 2.63125, 0.46875], "texture": "#8"},
				"down": {"uv": [0, 0, 2.63125, 0.46875], "texture": "#8"}
			}
		},
		{
			"from": [-0.25, 0.35205, 8.13597],
			"to": [10.275, 1.97705, 8.71097],
			"rotation": {"angle": 22.5, "axis": "x", "origin": [5.0125, -6.88545, 7.18597]},
			"faces": {
				"north": {"uv": [0, 0, 2.63125, 0.40625], "rotation": 180, "texture": "#8"},
				"east": {"uv": [0, 0, 0.40625, 0.14375], "rotation": 90, "texture": "#8"},
				"south": {"uv": [0, 0, 2.63125, 0.40625], "texture": "#8"},
				"west": {"uv": [0, 0, 0.40625, 0.14375], "rotation": 270, "texture": "#8"},
				"up": {"uv": [0, 0, 2.63125, 0.14375], "texture": "#8"},
				"down": {"uv": [0, 0, 2.63125, 0.14375], "rotation": 180, "texture": "#8"}
			}
		},
		{
			"from": [-0.25, -0.61405, 10.37129],
			"to": [10.275, 2.38595, 10.94629],
			"rotation": {"angle": -22.5, "axis": "x", "origin": [5.0125, 0.13595, 11.43379]},
			"faces": {
				"north": {"uv": [0, 0, 2.63125, 0.75], "rotation": 180, "texture": "#8"},
				"east": {"uv": [0, 0, 0.75, 0.14375], "rotation": 90, "texture": "#8"},
				"south": {"uv": [0, 0, 2.63125, 0.75], "texture": "#8"},
				"west": {"uv": [0, 0, 0.75, 0.14375], "rotation": 270, "texture": "#8"},
				"up": {"uv": [0, 0, 2.63125, 0.14375], "texture": "#8"},
				"down": {"uv": [0, 0, 2.63125, 0.14375], "rotation": 180, "texture": "#8"}
			}
		},
		{
			"from": [-0.25, -0.06405, 10.87129],
			"to": [10.275, 1.73595, 11.84629],
			"rotation": {"angle": -22.5, "axis": "x", "origin": [5.0125, 0.13595, 11.43379]},
			"faces": {
				"north": {"uv": [0, 0, 2.63125, 0.45], "rotation": 180, "texture": "#8"},
				"east": {"uv": [0, 0, 0.45, 0.24375], "rotation": 90, "texture": "#8"},
				"south": {"uv": [0, 0, 2.63125, 0.45], "texture": "#8"},
				"west": {"uv": [0, 0, 0.45, 0.24375], "rotation": 270, "texture": "#8"},
				"up": {"uv": [0, 0, 2.63125, 0.24375], "texture": "#8"},
				"down": {"uv": [0, 0, 2.63125, 0.24375], "rotation": 180, "texture": "#8"}
			}
		},
		{
			"from": [-0.25, -0.15155, 11.70879],
			"to": [10.275, 0.42345, 12.18379],
			"rotation": {"angle": 22.5, "axis": "x", "origin": [5.0125, 0.13595, 11.43379]},
			"faces": {
				"north": {"uv": [0, 0, 2.63125, 0.14375], "texture": "#8"},
				"east": {"uv": [0, 0, 0.11875, 0.14375], "texture": "#8"},
				"south": {"uv": [0, 0, 2.63125, 0.14375], "texture": "#8"},
				"west": {"uv": [0, 0, 0.11875, 0.14375], "texture": "#8"},
				"up": {"uv": [0, 0, 2.63125, 0.11875], "texture": "#8"},
				"down": {"uv": [0, 0, 2.63125, 0.11875], "texture": "#8"}
			}
		},
		{
			"from": [-0.35, -0.15155, 13.43379],
			"to": [10.35, 0.42345, 21.88379],
			"rotation": {"angle": 22.5, "axis": "x", "origin": [5.0125, 0.13595, 11.43379]},
			"faces": {
				"north": {"uv": [0, 0, 2.675, 0.14375], "texture": "#8"},
				"east": {"uv": [0, 0, 2.1125, 0.14375], "texture": "#8"},
				"south": {"uv": [0, 0, 2.675, 0.14375], "texture": "#8"},
				"west": {"uv": [0, 0, 2.1125, 0.14375], "texture": "#8"},
				"up": {"uv": [0, 0, 2.675, 2.1125], "texture": "#8"},
				"down": {"uv": [0, 0, 2.675, 2.1125], "texture": "#8"}
			}
		},
		{
			"from": [-0.35, -2.45875, 19.43494],
			"to": [10.35, 1.76625, 26.23494],
			"rotation": {"angle": -45, "axis": "x", "origin": [5, -2.24625, 17.18494]},
			"faces": {
				"north": {"uv": [0, 0, 2.675, 1.05625], "texture": "#8"},
				"east": {"uv": [0, 0, 1.7, 1.05625], "texture": "#8"},
				"south": {"uv": [0, 0, 2.675, 1.05625], "texture": "#8"},
				"west": {"uv": [0, 0, 1.7, 1.05625], "texture": "#8"},
				"up": {"uv": [0, 0, 2.675, 1.7], "texture": "#8"},
				"down": {"uv": [0, 0, 2.675, 1.7], "texture": "#8"}
			}
		},
		{
			"from": [-0.35, -0.70875, 21.50994],
			"to": [10.35, 1.11625, 28.85994],
			"rotation": {"angle": -22.5, "axis": "x", "origin": [5, -2.24625, 17.18494]},
			"faces": {
				"north": {"uv": [0, 0, 2.675, 0.45625], "texture": "#8"},
				"east": {"uv": [0, 0, 1.8375, 0.45625], "texture": "#8"},
				"south": {"uv": [0, 0, 2.675, 0.45625], "texture": "#8"},
				"west": {"uv": [0, 0, 1.8375, 0.45625], "texture": "#8"},
				"up": {"uv": [0, 0, 2.675, 1.8375], "texture": "#8"},
				"down": {"uv": [0, 0, 2.675, 1.8375], "texture": "#8"}
			}
		},
		{
			"from": [-0.35, 0.16625, 19.43494],
			"to": [10.35, 4.91625, 22.28494],
			"rotation": {"angle": -45, "axis": "x", "origin": [5, -2.24625, 17.18494]},
			"faces": {
				"north": {"uv": [0, 0, 2.675, 1.1875], "texture": "#8"},
				"east": {"uv": [0, 0, 0.7125, 1.1875], "texture": "#8"},
				"south": {"uv": [0, 0, 2.675, 1.1875], "texture": "#8"},
				"west": {"uv": [0, 0, 0.7125, 1.1875], "texture": "#8"},
				"up": {"uv": [0, 0, 2.675, 0.7125], "texture": "#8"},
				"down": {"uv": [0, 0, 2.675, 0.7125], "texture": "#8"}
			}
		},
		{
			"from": [-0.35, 4.02613, 15.24729],
			"to": [10.35, 5.72613, 21.87229],
			"rotation": {"angle": -22.5, "axis": "x", "origin": [5, 3.46363, 16.67229]},
			"faces": {
				"north": {"uv": [0, 0, 2.675, 0.425], "texture": "#8"},
				"east": {"uv": [0, 0, 1.65625, 0.425], "texture": "#8"},
				"south": {"uv": [0, 0, 2.675, 0.425], "texture": "#8"},
				"west": {"uv": [0, 0, 1.65625, 0.425], "texture": "#8"},
				"up": {"uv": [0, 0, 2.675, 1.65625], "texture": "#8"},
				"down": {"uv": [0, 0, 2.675, 1.65625], "texture": "#8"}
			}
		},
		{
			"from": [-0.35, 5.05113, 20.52229],
			"to": [10.35, 5.72613, 32],
			"rotation": {"angle": -22.5, "axis": "x", "origin": [5, 3.46363, 16.67229]},
			"faces": {
				"north": {"uv": [0, 0, 2.675, 0.16875], "texture": "#8"},
				"east": {"uv": [0, 0, 2.86943, 0.16875], "texture": "#8"},
				"south": {"uv": [0, 0, 2.675, 0.16875], "texture": "#8"},
				"west": {"uv": [0, 0, 2.86943, 0.16875], "texture": "#8"},
				"up": {"uv": [0, 0, 2.675, 2.86943], "texture": "#8"},
				"down": {"uv": [0, 0, 2.675, 2.86943], "texture": "#8"}
			}
		},
		{
			"from": [-0.35, -1.53375, 19.43494],
			"to": [10.35, -0.40875, 23.25994],
			"rotation": {"angle": -22.5, "axis": "x", "origin": [5, -2.24625, 17.18494]},
			"faces": {
				"north": {"uv": [0, 0, 2.675, 0.28125], "texture": "#8"},
				"east": {"uv": [0, 0, 0.95625, 0.28125], "texture": "#8"},
				"south": {"uv": [0, 0, 2.675, 0.28125], "texture": "#8"},
				"west": {"uv": [0, 0, 0.95625, 0.28125], "texture": "#8"},
				"up": {"uv": [0, 0, 2.675, 0.95625], "texture": "#8"},
				"down": {"uv": [0, 0, 2.675, 0.95625], "texture": "#8"}
			}
		},
		{
			"from": [-0.35, 0.77345, 15.63379],
			"to": [10.35, 1.34845, 25.50879],
			"rotation": {"angle": 0, "axis": "x", "origin": [5.0125, 0.13595, 11.43379]},
			"faces": {
				"north": {"uv": [0, 0, 2.675, 0.14375], "texture": "#8"},
				"east": {"uv": [0, 0, 2.46875, 0.14375], "texture": "#8"},
				"south": {"uv": [0, 0, 2.675, 0.14375], "texture": "#8"},
				"west": {"uv": [0, 0, 2.46875, 0.14375], "texture": "#8"},
				"up": {"uv": [0, 0, 2.675, 2.46875], "texture": "#8"},
				"down": {"uv": [0, 0, 2.675, 2.46875], "texture": "#8"}
			}
		},
		{
			"from": [-0.35, -4.50155, 23.33379],
			"to": [10.325, -3.92655, 32],
			"rotation": {"angle": 0, "axis": "x", "origin": [5.0125, 0.13595, 11.43379]},
			"faces": {
				"north": {"uv": [0, 0, 2.66875, 0.14375], "texture": "#8"},
				"east": {"uv": [0, 0, 2.16655, 0.14375], "texture": "#8"},
				"south": {"uv": [0, 0, 2.66875, 0.14375], "texture": "#8"},
				"west": {"uv": [0, 0, 2.16655, 0.14375], "texture": "#8"},
				"up": {"uv": [0, 0, 2.66875, 2.16655], "texture": "#8"},
				"down": {"uv": [0, 0, 2.66875, 2.16655], "texture": "#8"}
			}
		},
		{
			"from": [-0.35, -3.95155, 25.08379],
			"to": [10.325, -2.77655, 32],
			"rotation": {"angle": 0, "axis": "x", "origin": [5.0125, 0.13595, 11.43379]},
			"faces": {
				"north": {"uv": [0, 0, 2.66875, 0.29375], "texture": "#8"},
				"east": {"uv": [0, 0, 1.72905, 0.29375], "texture": "#8"},
				"south": {"uv": [0, 0, 2.66875, 0.29375], "texture": "#8"},
				"west": {"uv": [0, 0, 1.72905, 0.29375], "texture": "#8"},
				"up": {"uv": [0, 0, 2.66875, 1.72905], "texture": "#8"},
				"down": {"uv": [0, 0, 2.66875, 1.72905], "texture": "#8"}
			}
		},
		{
			"from": [-0.35, 2.29845, 13.43379],
			"to": [10.35, 2.87345, 15.08379],
			"rotation": {"angle": 22.5, "axis": "x", "origin": [5.0125, 0.13595, 11.43379]},
			"faces": {
				"north": {"uv": [0, 0, 2.675, 0.14375], "texture": "#8"},
				"east": {"uv": [0, 0, 0.4125, 0.14375], "texture": "#8"},
				"south": {"uv": [0, 0, 2.675, 0.14375], "texture": "#8"},
				"west": {"uv": [0, 0, 0.4125, 0.14375], "texture": "#8"},
				"up": {"uv": [0, 0, 2.675, 0.4125], "texture": "#8"},
				"down": {"uv": [0, 0, 2.675, 0.4125], "texture": "#8"}
			}
		},
		{
			"from": [-0.35, -1.52655, 14.78379],
			"to": [10.35, 8.14845, 19.03379],
			"rotation": {"angle": 22.5, "axis": "x", "origin": [5.0125, 0.13595, 11.43379]},
			"faces": {
				"north": {"uv": [0, 0, 2.675, 2.41875], "texture": "#8"},
				"east": {"uv": [0, 0, 1.0625, 2.41875], "texture": "#8"},
				"south": {"uv": [0, 0, 2.675, 2.41875], "texture": "#8"},
				"west": {"uv": [0, 0, 1.0625, 2.41875], "texture": "#8"},
				"up": {"uv": [0, 0, 2.675, 1.0625], "texture": "#8"},
				"down": {"uv": [0, 0, 2.675, 1.0625], "texture": "#8"}
			}
		},
		{
			"from": [-0.35, -3.97616, 13.63515],
			"to": [10.35, -3.47616, 19.43515],
			"rotation": {"angle": 22.5, "axis": "x", "origin": [5, -3.72616, 15.76015]},
			"faces": {
				"north": {"uv": [0, 0, 2.675, 0.125], "texture": "#8"},
				"east": {"uv": [0, 0, 1.45, 0.125], "texture": "#8"},
				"south": {"uv": [0, 0, 2.675, 0.125], "texture": "#8"},
				"west": {"uv": [0, 0, 1.45, 0.125], "texture": "#8"},
				"up": {"uv": [0, 0, 2.675, 1.45], "texture": "#8"},
				"down": {"uv": [0, 0, 2.675, 1.45], "texture": "#8"}
			}
		},
		{
			"from": [-0.25, -1.02295, 8.13597],
			"to": [10.275, 0.47705, 8.56097],
			"rotation": {"angle": 22.5, "axis": "x", "origin": [5.0125, -6.88545, 7.18597]},
			"faces": {
				"north": {"uv": [0, 0, 2.63125, 0.375], "rotation": 180, "texture": "#8"},
				"east": {"uv": [0, 0, 0.375, 0.10625], "rotation": 90, "texture": "#8"},
				"south": {"uv": [0, 0, 2.63125, 0.375], "texture": "#8"},
				"west": {"uv": [0, 0, 0.375, 0.10625], "rotation": 270, "texture": "#8"},
				"up": {"uv": [0, 0, 2.63125, 0.10625], "texture": "#8"},
				"down": {"uv": [0, 0, 2.63125, 0.10625], "rotation": 180, "texture": "#8"}
			}
		},
		{
			"from": [-0.25, -0.44652, 10.90611],
			"to": [10.275, 1.22848, 11.25611],
			"rotation": {"angle": 45, "axis": "x", "origin": [5.0125, -0.42152, 11.08111]},
			"faces": {
				"north": {"uv": [0, 0, 2.63125, 0.41875], "rotation": 180, "texture": "#8"},
				"east": {"uv": [0, 0, 0.41875, 0.0875], "rotation": 90, "texture": "#8"},
				"south": {"uv": [0, 0, 2.63125, 0.41875], "texture": "#8"},
				"west": {"uv": [0, 0, 0.41875, 0.0875], "rotation": 270, "texture": "#8"},
				"up": {"uv": [0, 0, 2.63125, 0.0875], "texture": "#8"},
				"down": {"uv": [0, 0, 2.63125, 0.0875], "rotation": 180, "texture": "#8"}
			}
		},
		{
			"from": [-0.25, -8.40328, 6.48064],
			"to": [10.275, -7.30328, 6.68064],
			"rotation": {"angle": 22.5, "axis": "x", "origin": [5.0125, -7.41578, 6.65564]},
			"faces": {
				"north": {"uv": [0, 0, 2.63125, 0.275], "rotation": 180, "texture": "#8"},
				"east": {"uv": [0, 0, 0.275, 0.05], "rotation": 90, "texture": "#8"},
				"south": {"uv": [0, 0, 2.63125, 0.275], "texture": "#8"},
				"west": {"uv": [0, 0, 0.275, 0.05], "rotation": 270, "texture": "#8"},
				"up": {"uv": [0, 0, 2.63125, 0.05], "texture": "#8"},
				"down": {"uv": [0, 0, 2.63125, 0.05], "rotation": 180, "texture": "#8"}
			}
		},
		{
			"from": [2.025, 2.8215, -0.71797],
			"to": [7.525, 4.9715, 2.15703],
			"rotation": {"angle": 22.5, "axis": "x", "origin": [8, 5.6215, 9.15703]},
			"faces": {
				"north": {"uv": [2, 7.75, 3.375, 8.3125], "texture": "#8"},
				"east": {"uv": [8.5, 11.75, 9.25, 12.3125], "texture": "#8"},
				"south": {"uv": [3.3125, 10, 4.6875, 10.5625], "texture": "#8"},
				"west": {"uv": [6.25, 13.75, 7, 14.3125], "texture": "#8"},
				"up": {"uv": [13.375, 10.75, 12, 10], "texture": "#8"},
				"down": {"uv": [11.4375, 8.5, 10.0625, 9.25], "texture": "#8"}
			}
		},
		{
			"from": [-0.525, 2.1465, -0.24297],
			"to": [10.275, 4.2965, 4.00703],
			"rotation": {"angle": 22.5, "axis": "x", "origin": [8, 5.6215, 9.15703]},
			"faces": {
				"north": {"uv": [2, 3.25, 4.6875, 3.8125], "texture": "#8"},
				"east": {"uv": [6, 11.75, 7.0625, 12.3125], "texture": "#8"},
				"south": {"uv": [13.3125, 6, 16, 6.5625], "texture": "#8"},
				"west": {"uv": [4.25, 13.75, 5.3125, 14.3125], "texture": "#8"},
				"up": {"uv": [14.6875, 5.0625, 12, 4], "texture": "#8"},
				"down": {"uv": [12.75, 3, 10.0625, 4.0625], "texture": "#8"}
			}
		},
		{
			"from": [-0.525, 5.41269, 3.41754],
			"to": [10.275, 5.88769, 5.24254],
			"rotation": {"angle": 0, "axis": "x", "origin": [4.875, 5.65019, 3.56754]},
			"faces": {
				"north": {"uv": [0, 0, 2.7, 0.11875], "texture": "#8"},
				"east": {"uv": [0, 0, 0.45625, 0.11875], "texture": "#8"},
				"south": {"uv": [0, 0, 2.7, 0.11875], "texture": "#8"},
				"west": {"uv": [0, 0, 0.45625, 0.11875], "texture": "#8"},
				"up": {"uv": [0, 0, 2.7, 0.45625], "texture": "#8"},
				"down": {"uv": [0, 0, 2.7, 0.45625], "texture": "#8"}
			}
		},
		{
			"from": [-0.525, 4.49904, -0.15649],
			"to": [0.825, 6.32404, 0.31851],
			"rotation": {"angle": -22.5, "axis": "x", "origin": [4.875, 5.41154, 0.30601]},
			"faces": {
				"north": {"uv": [0, 0, 0.3375, 0.45625], "rotation": 180, "texture": "#8"},
				"east": {"uv": [0, 0, 0.45625, 0.11875], "rotation": 270, "texture": "#8"},
				"south": {"uv": [0, 0, 0.3375, 0.45625], "texture": "#8"},
				"west": {"uv": [0, 0, 0.45625, 0.11875], "rotation": 90, "texture": "#8"},
				"up": {"uv": [0, 0, 0.3375, 0.11875], "rotation": 180, "texture": "#8"},
				"down": {"uv": [0, 0, 0.3375, 0.11875], "texture": "#8"}
			}
		},
		{
			"from": [8.8, 4.49904, -0.15649],
			"to": [10.15, 6.32404, 0.31851],
			"rotation": {"angle": -22.5, "axis": "x", "origin": [4.875, 5.41154, 0.30601]},
			"faces": {
				"north": {"uv": [0, 0, 0.3375, 0.45625], "rotation": 180, "texture": "#8"},
				"east": {"uv": [0, 0, 0.45625, 0.11875], "rotation": 270, "texture": "#8"},
				"south": {"uv": [0, 0, 0.3375, 0.45625], "texture": "#8"},
				"west": {"uv": [0, 0, 0.45625, 0.11875], "rotation": 90, "texture": "#8"},
				"up": {"uv": [0, 0, 0.3375, 0.11875], "rotation": 180, "texture": "#8"},
				"down": {"uv": [0, 0, 0.3375, 0.11875], "texture": "#8"}
			}
		},
		{
			"from": [-0.525, 2.22404, 1.84351],
			"to": [0.825, 4.04904, 2.31851],
			"rotation": {"angle": -22.5, "axis": "x", "origin": [4.875, 5.41154, 0.30601]},
			"faces": {
				"north": {"uv": [0, 0, 0.3375, 0.45625], "rotation": 180, "texture": "#8"},
				"east": {"uv": [0, 0, 0.45625, 0.11875], "rotation": 270, "texture": "#8"},
				"south": {"uv": [0, 0, 0.3375, 0.45625], "texture": "#8"},
				"west": {"uv": [0, 0, 0.45625, 0.11875], "rotation": 90, "texture": "#8"},
				"up": {"uv": [0, 0, 0.3375, 0.11875], "rotation": 180, "texture": "#8"},
				"down": {"uv": [0, 0, 0.3375, 0.11875], "texture": "#8"}
			}
		},
		{
			"from": [8.8, 2.22404, 1.84351],
			"to": [10.15, 4.04904, 2.31851],
			"rotation": {"angle": -22.5, "axis": "x", "origin": [4.875, 5.41154, 0.30601]},
			"faces": {
				"north": {"uv": [0, 0, 0.3375, 0.45625], "rotation": 180, "texture": "#8"},
				"east": {"uv": [0, 0, 0.45625, 0.11875], "rotation": 270, "texture": "#8"},
				"south": {"uv": [0, 0, 0.3375, 0.45625], "texture": "#8"},
				"west": {"uv": [0, 0, 0.45625, 0.11875], "rotation": 90, "texture": "#8"},
				"up": {"uv": [0, 0, 0.3375, 0.11875], "rotation": 180, "texture": "#8"},
				"down": {"uv": [0, 0, 0.3375, 0.11875], "texture": "#8"}
			}
		},
		{
			"from": [-0.525, 2.47422, 5.49567],
			"to": [0.825, 4.29922, 5.97067],
			"rotation": {"angle": -45, "axis": "x", "origin": [4.8125, 2.76172, 5.73317]},
			"faces": {
				"north": {"uv": [0, 0, 0.3375, 0.45625], "rotation": 180, "texture": "#8"},
				"east": {"uv": [0, 0, 0.45625, 0.11875], "rotation": 270, "texture": "#8"},
				"south": {"uv": [0, 0, 0.3375, 0.45625], "texture": "#8"},
				"west": {"uv": [0, 0, 0.45625, 0.11875], "rotation": 90, "texture": "#8"},
				"up": {"uv": [0, 0, 0.3375, 0.11875], "rotation": 180, "texture": "#8"},
				"down": {"uv": [0, 0, 0.3375, 0.11875], "texture": "#8"}
			}
		},
		{
			"from": [8.8, 2.47422, 5.49567],
			"to": [10.15, 4.29922, 5.97067],
			"rotation": {"angle": -45, "axis": "x", "origin": [4.8125, 2.76172, 5.73317]},
			"faces": {
				"north": {"uv": [0, 0, 0.3375, 0.45625], "rotation": 180, "texture": "#8"},
				"east": {"uv": [0, 0, 0.45625, 0.11875], "rotation": 270, "texture": "#8"},
				"south": {"uv": [0, 0, 0.3375, 0.45625], "texture": "#8"},
				"west": {"uv": [0, 0, 0.45625, 0.11875], "rotation": 90, "texture": "#8"},
				"up": {"uv": [0, 0, 0.3375, 0.11875], "rotation": 180, "texture": "#8"},
				"down": {"uv": [0, 0, 0.3375, 0.11875], "texture": "#8"}
			}
		},
		{
			"from": [-0.35, -4.27578, -5.15433],
			"to": [1, -3.62578, -4.82933],
			"rotation": {"angle": -45, "axis": "x", "origin": [4.8125, 2.76172, 5.73317]},
			"faces": {
				"north": {"uv": [0, 0, 0.3375, 0.1625], "rotation": 180, "texture": "#8"},
				"east": {"uv": [0, 0, 0.1625, 0.08125], "rotation": 270, "texture": "#8"},
				"south": {"uv": [0, 0, 0.3375, 0.1625], "texture": "#8"},
				"west": {"uv": [0, 0, 0.1625, 0.08125], "rotation": 90, "texture": "#8"},
				"up": {"uv": [0, 0, 0.3375, 0.08125], "rotation": 180, "texture": "#8"},
				"down": {"uv": [0, 0, 0.3375, 0.08125], "texture": "#8"}
			}
		},
		{
			"from": [-0.35, -4.47578, -3.25433],
			"to": [1, -3.82578, -2.92933],
			"rotation": {"angle": -45, "axis": "x", "origin": [4.8125, 2.76172, 5.73317]},
			"faces": {
				"north": {"uv": [0, 0, 0.3375, 0.1625], "rotation": 180, "texture": "#8"},
				"east": {"uv": [0, 0, 0.1625, 0.08125], "rotation": 270, "texture": "#8"},
				"south": {"uv": [0, 0, 0.3375, 0.1625], "texture": "#8"},
				"west": {"uv": [0, 0, 0.1625, 0.08125], "rotation": 90, "texture": "#8"},
				"up": {"uv": [0, 0, 0.3375, 0.08125], "rotation": 180, "texture": "#8"},
				"down": {"uv": [0, 0, 0.3375, 0.08125], "texture": "#8"}
			}
		},
		{
			"from": [8.975, -4.47578, -3.25433],
			"to": [10.325, -3.82578, -2.92933],
			"rotation": {"angle": -45, "axis": "x", "origin": [4.8125, 2.76172, 5.73317]},
			"faces": {
				"north": {"uv": [0, 0, 0.3375, 0.1625], "rotation": 180, "texture": "#8"},
				"east": {"uv": [0, 0, 0.1625, 0.08125], "rotation": 270, "texture": "#8"},
				"south": {"uv": [0, 0, 0.3375, 0.1625], "texture": "#8"},
				"west": {"uv": [0, 0, 0.1625, 0.08125], "rotation": 90, "texture": "#8"},
				"up": {"uv": [0, 0, 0.3375, 0.08125], "rotation": 180, "texture": "#8"},
				"down": {"uv": [0, 0, 0.3375, 0.08125], "texture": "#8"}
			}
		},
		{
			"from": [8.975, -7.62946, 5.75022],
			"to": [10.325, -6.97946, 6.07522],
			"rotation": {"angle": -22.5, "axis": "x", "origin": [4.9875, -7.42946, 5.81272]},
			"faces": {
				"north": {"uv": [0, 0, 0.3375, 0.1625], "rotation": 180, "texture": "#8"},
				"east": {"uv": [0, 0, 0.1625, 0.08125], "rotation": 270, "texture": "#8"},
				"south": {"uv": [0, 0, 0.3375, 0.1625], "texture": "#8"},
				"west": {"uv": [0, 0, 0.1625, 0.08125], "rotation": 90, "texture": "#8"},
				"up": {"uv": [0, 0, 0.3375, 0.08125], "rotation": 180, "texture": "#8"},
				"down": {"uv": [0, 0, 0.3375, 0.08125], "texture": "#8"}
			}
		},
		{
			"from": [-0.35, -7.62946, 5.75022],
			"to": [1, -6.97946, 6.07522],
			"rotation": {"angle": -22.5, "axis": "x", "origin": [4.9875, -7.42946, 5.81272]},
			"faces": {
				"north": {"uv": [0, 0, 0.3375, 0.1625], "rotation": 180, "texture": "#8"},
				"east": {"uv": [0, 0, 0.1625, 0.08125], "rotation": 270, "texture": "#8"},
				"south": {"uv": [0, 0, 0.3375, 0.1625], "texture": "#8"},
				"west": {"uv": [0, 0, 0.1625, 0.08125], "rotation": 90, "texture": "#8"},
				"up": {"uv": [0, 0, 0.3375, 0.08125], "rotation": 180, "texture": "#8"},
				"down": {"uv": [0, 0, 0.3375, 0.08125], "texture": "#8"}
			}
		},
		{
			"from": [8.975, -4.27578, -5.15433],
			"to": [10.325, -3.62578, -4.82933],
			"rotation": {"angle": -45, "axis": "x", "origin": [4.8125, 2.76172, 5.73317]},
			"faces": {
				"north": {"uv": [0, 0, 0.3375, 0.1625], "rotation": 180, "texture": "#8"},
				"east": {"uv": [0, 0, 0.1625, 0.08125], "rotation": 270, "texture": "#8"},
				"south": {"uv": [0, 0, 0.3375, 0.1625], "texture": "#8"},
				"west": {"uv": [0, 0, 0.1625, 0.08125], "rotation": 90, "texture": "#8"},
				"up": {"uv": [0, 0, 0.3375, 0.08125], "rotation": 180, "texture": "#8"},
				"down": {"uv": [0, 0, 0.3375, 0.08125], "texture": "#8"}
			}
		},
		{
			"from": [-0.35, -4.27578, -4.60433],
			"to": [1, -2.35078, -4.27933],
			"rotation": {"angle": -45, "axis": "x", "origin": [4.8125, 2.76172, 5.73317]},
			"faces": {
				"north": {"uv": [0, 0, 0.3375, 0.48125], "rotation": 180, "texture": "#8"},
				"east": {"uv": [0, 0, 0.48125, 0.08125], "rotation": 270, "texture": "#8"},
				"south": {"uv": [0, 0, 0.3375, 0.48125], "texture": "#8"},
				"west": {"uv": [0, 0, 0.48125, 0.08125], "rotation": 90, "texture": "#8"},
				"up": {"uv": [0, 0, 0.3375, 0.08125], "rotation": 180, "texture": "#8"},
				"down": {"uv": [0, 0, 0.3375, 0.08125], "texture": "#8"}
			}
		},
		{
			"from": [8.975, -4.27578, -4.60433],
			"to": [10.325, -2.35078, -4.27933],
			"rotation": {"angle": -45, "axis": "x", "origin": [4.8125, 2.76172, 5.73317]},
			"faces": {
				"north": {"uv": [0, 0, 0.3375, 0.48125], "rotation": 180, "texture": "#8"},
				"east": {"uv": [0, 0, 0.48125, 0.08125], "rotation": 270, "texture": "#8"},
				"south": {"uv": [0, 0, 0.3375, 0.48125], "texture": "#8"},
				"west": {"uv": [0, 0, 0.48125, 0.08125], "rotation": 90, "texture": "#8"},
				"up": {"uv": [0, 0, 0.3375, 0.08125], "rotation": 180, "texture": "#8"},
				"down": {"uv": [0, 0, 0.3375, 0.08125], "texture": "#8"}
			}
		},
		{
			"from": [-0.35, -7.68897, 2.17383],
			"to": [1, -7.01397, 2.49883],
			"rotation": {"angle": -22.5, "axis": "x", "origin": [4.9875, -8.25147, 3.31133]},
			"faces": {
				"north": {"uv": [0, 0, 0.3375, 0.16875], "rotation": 180, "texture": "#8"},
				"east": {"uv": [0, 0, 0.16875, 0.08125], "rotation": 270, "texture": "#8"},
				"south": {"uv": [0, 0, 0.3375, 0.16875], "texture": "#8"},
				"west": {"uv": [0, 0, 0.16875, 0.08125], "rotation": 90, "texture": "#8"},
				"up": {"uv": [0, 0, 0.3375, 0.08125], "rotation": 180, "texture": "#8"},
				"down": {"uv": [0, 0, 0.3375, 0.08125], "texture": "#8"}
			}
		},
		{
			"from": [8.975, -7.68897, 2.17383],
			"to": [10.325, -7.01397, 2.49883],
			"rotation": {"angle": -22.5, "axis": "x", "origin": [4.9875, -8.25147, 3.31133]},
			"faces": {
				"north": {"uv": [0, 0, 0.3375, 0.16875], "rotation": 180, "texture": "#8"},
				"east": {"uv": [0, 0, 0.16875, 0.08125], "rotation": 270, "texture": "#8"},
				"south": {"uv": [0, 0, 0.3375, 0.16875], "texture": "#8"},
				"west": {"uv": [0, 0, 0.16875, 0.08125], "rotation": 90, "texture": "#8"},
				"up": {"uv": [0, 0, 0.3375, 0.08125], "rotation": 180, "texture": "#8"},
				"down": {"uv": [0, 0, 0.3375, 0.08125], "texture": "#8"}
			}
		},
		{
			"from": [-0.35, -7.56675, 1.87186],
			"to": [1, -6.51675, 2.19686],
			"rotation": {"angle": 22.5, "axis": "x", "origin": [4.9875, -7.35425, 1.88436]},
			"faces": {
				"north": {"uv": [0, 0, 0.3375, 0.2625], "rotation": 180, "texture": "#8"},
				"east": {"uv": [0, 0, 0.2625, 0.08125], "rotation": 270, "texture": "#8"},
				"south": {"uv": [0, 0, 0.3375, 0.2625], "texture": "#8"},
				"west": {"uv": [0, 0, 0.2625, 0.08125], "rotation": 90, "texture": "#8"},
				"up": {"uv": [0, 0, 0.3375, 0.08125], "rotation": 180, "texture": "#8"},
				"down": {"uv": [0, 0, 0.3375, 0.08125], "texture": "#8"}
			}
		},
		{
			"from": [8.975, -7.56675, 1.87186],
			"to": [10.325, -6.51675, 2.19686],
			"rotation": {"angle": 22.5, "axis": "x", "origin": [4.9875, -7.35425, 1.88436]},
			"faces": {
				"north": {"uv": [0, 0, 0.3375, 0.2625], "rotation": 180, "texture": "#8"},
				"east": {"uv": [0, 0, 0.2625, 0.08125], "rotation": 270, "texture": "#8"},
				"south": {"uv": [0, 0, 0.3375, 0.2625], "texture": "#8"},
				"west": {"uv": [0, 0, 0.2625, 0.08125], "rotation": 90, "texture": "#8"},
				"up": {"uv": [0, 0, 0.3375, 0.08125], "rotation": 180, "texture": "#8"},
				"down": {"uv": [0, 0, 0.3375, 0.08125], "texture": "#8"}
			}
		},
		{
			"from": [-0.35, -9.41397, 2.89883],
			"to": [1, -6.28897, 3.17383],
			"rotation": {"angle": -22.5, "axis": "x", "origin": [4.9875, -8.25147, 3.31133]},
			"faces": {
				"north": {"uv": [0, 0, 0.3375, 0.78125], "rotation": 180, "texture": "#8"},
				"east": {"uv": [0, 0, 0.78125, 0.06875], "rotation": 270, "texture": "#8"},
				"south": {"uv": [0, 0, 0.3375, 0.78125], "texture": "#8"},
				"west": {"uv": [0, 0, 0.78125, 0.06875], "rotation": 90, "texture": "#8"},
				"up": {"uv": [0, 0, 0.3375, 0.06875], "rotation": 180, "texture": "#8"},
				"down": {"uv": [0, 0, 0.3375, 0.06875], "texture": "#8"}
			}
		},
		{
			"from": [-0.35, -9.41397, 2.89883],
			"to": [1, -6.28897, 3.17383],
			"rotation": {"angle": -22.5, "axis": "x", "origin": [4.9875, -8.25147, 3.31133]},
			"faces": {
				"north": {"uv": [0, 0, 0.3375, 0.78125], "rotation": 180, "texture": "#8"},
				"east": {"uv": [0, 0, 0.78125, 0.06875], "rotation": 270, "texture": "#8"},
				"south": {"uv": [0, 0, 0.3375, 0.78125], "texture": "#8"},
				"west": {"uv": [0, 0, 0.78125, 0.06875], "rotation": 90, "texture": "#8"},
				"up": {"uv": [0, 0, 0.3375, 0.06875], "rotation": 180, "texture": "#8"},
				"down": {"uv": [0, 0, 0.3375, 0.06875], "texture": "#8"}
			}
		},
		{
			"from": [8.975, -9.41397, 2.89883],
			"to": [10.325, -6.28897, 3.17383],
			"rotation": {"angle": -22.5, "axis": "x", "origin": [4.9875, -8.25147, 3.31133]},
			"faces": {
				"north": {"uv": [0, 0, 0.3375, 0.78125], "rotation": 180, "texture": "#8"},
				"east": {"uv": [0, 0, 0.78125, 0.06875], "rotation": 270, "texture": "#8"},
				"south": {"uv": [0, 0, 0.3375, 0.78125], "texture": "#8"},
				"west": {"uv": [0, 0, 0.78125, 0.06875], "rotation": 90, "texture": "#8"},
				"up": {"uv": [0, 0, 0.3375, 0.06875], "rotation": 180, "texture": "#8"},
				"down": {"uv": [0, 0, 0.3375, 0.06875], "texture": "#8"}
			}
		},
		{
			"from": [-0.35, -9.41397, 2.64883],
			"to": [1, -7.36397, 3.44883],
			"rotation": {"angle": -45, "axis": "x", "origin": [4.9875, -8.25147, 3.31133]},
			"faces": {
				"north": {"uv": [0, 0, 0.3375, 0.5125], "rotation": 180, "texture": "#8"},
				"east": {"uv": [0, 0, 0.5125, 0.2], "rotation": 270, "texture": "#8"},
				"south": {"uv": [0, 0, 0.3375, 0.5125], "texture": "#8"},
				"west": {"uv": [0, 0, 0.5125, 0.2], "rotation": 90, "texture": "#8"},
				"up": {"uv": [0, 0, 0.3375, 0.2], "rotation": 180, "texture": "#8"},
				"down": {"uv": [0, 0, 0.3375, 0.2], "texture": "#8"}
			}
		},
		{
			"from": [8.975, -9.41397, 2.64883],
			"to": [10.325, -7.36397, 3.44883],
			"rotation": {"angle": -45, "axis": "x", "origin": [4.9875, -8.25147, 3.31133]},
			"faces": {
				"north": {"uv": [0, 0, 0.3375, 0.5125], "rotation": 180, "texture": "#8"},
				"east": {"uv": [0, 0, 0.5125, 0.2], "rotation": 270, "texture": "#8"},
				"south": {"uv": [0, 0, 0.3375, 0.5125], "texture": "#8"},
				"west": {"uv": [0, 0, 0.5125, 0.2], "rotation": 90, "texture": "#8"},
				"up": {"uv": [0, 0, 0.3375, 0.2], "rotation": 180, "texture": "#8"},
				"down": {"uv": [0, 0, 0.3375, 0.2], "texture": "#8"}
			}
		},
		{
			"from": [-0.35, -7.46397, 2.74883],
			"to": [1, -6.71397, 3.47383],
			"rotation": {"angle": -45, "axis": "x", "origin": [4.9875, -8.25147, 3.31133]},
			"faces": {
				"north": {"uv": [0, 0, 0.3375, 0.1875], "rotation": 180, "texture": "#8"},
				"east": {"uv": [0, 0, 0.1875, 0.18125], "rotation": 270, "texture": "#8"},
				"south": {"uv": [0, 0, 0.3375, 0.1875], "texture": "#8"},
				"west": {"uv": [0, 0, 0.1875, 0.18125], "rotation": 90, "texture": "#8"},
				"up": {"uv": [0, 0, 0.3375, 0.18125], "rotation": 180, "texture": "#8"},
				"down": {"uv": [0, 0, 0.3375, 0.18125], "texture": "#8"}
			}
		},
		{
			"from": [8.975, -7.46397, 2.74883],
			"to": [10.325, -6.71397, 3.47383],
			"rotation": {"angle": -45, "axis": "x", "origin": [4.9875, -8.25147, 3.31133]},
			"faces": {
				"north": {"uv": [0, 0, 0.3375, 0.1875], "rotation": 180, "texture": "#8"},
				"east": {"uv": [0, 0, 0.1875, 0.18125], "rotation": 270, "texture": "#8"},
				"south": {"uv": [0, 0, 0.3375, 0.1875], "texture": "#8"},
				"west": {"uv": [0, 0, 0.1875, 0.18125], "rotation": 90, "texture": "#8"},
				"up": {"uv": [0, 0, 0.3375, 0.18125], "rotation": 180, "texture": "#8"},
				"down": {"uv": [0, 0, 0.3375, 0.18125], "texture": "#8"}
			}
		},
		{
			"from": [-0.35, -6.81397, 3.44883],
			"to": [1, -6.68897, 3.52383],
			"rotation": {"angle": -45, "axis": "x", "origin": [4.9875, -8.25147, 3.31133]},
			"faces": {
				"north": {"uv": [0, 0, 0.3375, 0.03125], "rotation": 180, "texture": "#8"},
				"east": {"uv": [0, 0, 0.03125, 0.01875], "rotation": 270, "texture": "#8"},
				"south": {"uv": [0, 0, 0.3375, 0.03125], "texture": "#8"},
				"west": {"uv": [0, 0, 0.03125, 0.01875], "rotation": 90, "texture": "#8"},
				"up": {"uv": [0, 0, 0.3375, 0.01875], "rotation": 180, "texture": "#8"},
				"down": {"uv": [0, 0, 0.3375, 0.01875], "texture": "#8"}
			}
		},
		{
			"from": [8.975, -6.81397, 3.44883],
			"to": [10.325, -6.68897, 3.52383],
			"rotation": {"angle": -45, "axis": "x", "origin": [4.9875, -8.25147, 3.31133]},
			"faces": {
				"north": {"uv": [0, 0, 0.3375, 0.03125], "rotation": 180, "texture": "#8"},
				"east": {"uv": [0, 0, 0.03125, 0.01875], "rotation": 270, "texture": "#8"},
				"south": {"uv": [0, 0, 0.3375, 0.03125], "texture": "#8"},
				"west": {"uv": [0, 0, 0.03125, 0.01875], "rotation": 90, "texture": "#8"},
				"up": {"uv": [0, 0, 0.3375, 0.01875], "rotation": 180, "texture": "#8"},
				"down": {"uv": [0, 0, 0.3375, 0.01875], "texture": "#8"}
			}
		},
		{
			"from": [-0.525, 4.76269, 3.41754],
			"to": [10.275, 5.23769, 5.24254],
			"rotation": {"angle": 22.5, "axis": "x", "origin": [4.875, 5.65019, 3.56754]},
			"faces": {
				"north": {"uv": [0, 0, 2.7, 0.11875], "texture": "#8"},
				"east": {"uv": [0, 0, 0.45625, 0.11875], "texture": "#8"},
				"south": {"uv": [0, 0, 2.7, 0.11875], "texture": "#8"},
				"west": {"uv": [0, 0, 0.45625, 0.11875], "texture": "#8"},
				"up": {"uv": [0, 0, 2.7, 0.45625], "texture": "#8"},
				"down": {"uv": [0, 0, 2.7, 0.45625], "texture": "#8"}
			}
		},
		{
			"from": [-0.525, 4.31269, 3.41754],
			"to": [10.275, 4.51269, 14.06754],
			"rotation": {"angle": 22.5, "axis": "x", "origin": [4.875, 5.65019, 3.56754]},
			"faces": {
				"north": {"uv": [0, 0, 2.7, 0.05], "texture": "#8"},
				"east": {"uv": [0, 0, 2.6625, 0.05], "texture": "#8"},
				"south": {"uv": [0, 0, 2.7, 0.05], "texture": "#8"},
				"west": {"uv": [0, 0, 2.6625, 0.05], "texture": "#8"},
				"up": {"uv": [0, 0, 2.7, 2.6625], "texture": "#8"},
				"down": {"uv": [0, 0, 2.7, 2.6625], "texture": "#8"}
			}
		},
		{
			"from": [-0.525, 4.51269, 9.89254],
			"to": [10.275, 5.06269, 14.06754],
			"rotation": {"angle": 22.5, "axis": "x", "origin": [4.875, 5.65019, 3.56754]},
			"faces": {
				"north": {"uv": [0, 0, 2.7, 0.1375], "texture": "#8"},
				"east": {"uv": [0, 0, 1.04375, 0.1375], "texture": "#8"},
				"south": {"uv": [0, 0, 2.7, 0.1375], "texture": "#8"},
				"west": {"uv": [0, 0, 1.04375, 0.1375], "texture": "#8"},
				"up": {"uv": [0, 0, 2.7, 1.04375], "texture": "#8"},
				"down": {"uv": [0, 0, 2.7, 1.04375], "texture": "#8"}
			}
		},
		{
			"from": [-0.525, 2.32126, 8.07911],
			"to": [10.275, 2.52126, 10.02911],
			"rotation": {"angle": -22.5, "axis": "x", "origin": [4.875, 2.42126, 8.12911]},
			"faces": {
				"north": {"uv": [0, 0, 2.7, 0.05], "texture": "#8"},
				"east": {"uv": [0, 0, 0.4875, 0.05], "texture": "#8"},
				"south": {"uv": [0, 0, 2.7, 0.05], "texture": "#8"},
				"west": {"uv": [0, 0, 0.4875, 0.05], "texture": "#8"},
				"up": {"uv": [0, 0, 2.7, 0.4875], "texture": "#8"},
				"down": {"uv": [0, 0, 2.7, 0.4875], "texture": "#8"}
			}
		},
		{
			"from": [-0.525, 2.11631, 9.03534],
			"to": [10.275, 2.84131, 9.23534],
			"rotation": {"angle": 22.5, "axis": "x", "origin": [4.875, 2.65381, 9.18534]},
			"faces": {
				"north": {"uv": [0, 0, 2.7, 0.18125], "rotation": 180, "texture": "#8"},
				"east": {"uv": [0, 0, 0.18125, 0.05], "rotation": 90, "texture": "#8"},
				"south": {"uv": [0, 0, 2.7, 0.18125], "texture": "#8"},
				"west": {"uv": [0, 0, 0.18125, 0.05], "rotation": 270, "texture": "#8"},
				"up": {"uv": [0, 0, 2.7, 0.05], "texture": "#8"},
				"down": {"uv": [0, 0, 2.7, 0.05], "rotation": 180, "texture": "#8"}
			}
		},
		{
			"from": [-0.525, 2.11631, 8.48534],
			"to": [10.275, 2.34131, 9.43534],
			"rotation": {"angle": 22.5, "axis": "x", "origin": [4.875, 2.65381, 9.18534]},
			"faces": {
				"north": {"uv": [0, 0, 2.7, 0.05625], "rotation": 180, "texture": "#8"},
				"east": {"uv": [0, 0, 0.05625, 0.2375], "rotation": 90, "texture": "#8"},
				"south": {"uv": [0, 0, 2.7, 0.05625], "texture": "#8"},
				"west": {"uv": [0, 0, 0.05625, 0.2375], "rotation": 270, "texture": "#8"},
				"up": {"uv": [0, 0, 2.7, 0.2375], "texture": "#8"},
				"down": {"uv": [0, 0, 2.7, 0.2375], "rotation": 180, "texture": "#8"}
			}
		},
		{
			"from": [-0.525, 2.11631, 8.71034],
			"to": [10.275, 2.56631, 9.06034],
			"rotation": {"angle": 22.5, "axis": "x", "origin": [4.875, 2.65381, 9.18534]},
			"faces": {
				"north": {"uv": [0, 0, 2.7, 0.1125], "rotation": 180, "texture": "#8"},
				"east": {"uv": [0, 0, 0.1125, 0.0875], "rotation": 90, "texture": "#8"},
				"south": {"uv": [0, 0, 2.7, 0.1125], "texture": "#8"},
				"west": {"uv": [0, 0, 0.1125, 0.0875], "rotation": 270, "texture": "#8"},
				"up": {"uv": [0, 0, 2.7, 0.0875], "texture": "#8"},
				"down": {"uv": [0, 0, 2.7, 0.0875], "rotation": 180, "texture": "#8"}
			}
		},
		{
			"from": [-0.525, 2.54131, 8.96034],
			"to": [10.275, 2.66631, 9.06034],
			"rotation": {"angle": 22.5, "axis": "x", "origin": [4.875, 2.65381, 9.18534]},
			"faces": {
				"north": {"uv": [0, 0, 2.7, 0.03125], "rotation": 180, "texture": "#8"},
				"east": {"uv": [0, 0, 0.03125, 0.025], "rotation": 90, "texture": "#8"},
				"south": {"uv": [0, 0, 2.7, 0.03125], "texture": "#8"},
				"west": {"uv": [0, 0, 0.03125, 0.025], "rotation": 270, "texture": "#8"},
				"up": {"uv": [0, 0, 2.7, 0.025], "texture": "#8"},
				"down": {"uv": [0, 0, 2.7, 0.025], "rotation": 180, "texture": "#8"}
			}
		},
		{
			"from": [-0.525, 1.86631, 8.98534],
			"to": [10.275, 2.74131, 9.23534],
			"rotation": {"angle": -22.5, "axis": "x", "origin": [4.875, 2.65381, 9.18534]},
			"faces": {
				"north": {"uv": [0, 0, 2.7, 0.21875], "rotation": 180, "texture": "#8"},
				"east": {"uv": [0, 0, 0.21875, 0.0625], "rotation": 90, "texture": "#8"},
				"south": {"uv": [0, 0, 2.7, 0.21875], "texture": "#8"},
				"west": {"uv": [0, 0, 0.21875, 0.0625], "rotation": 270, "texture": "#8"},
				"up": {"uv": [0, 0, 2.7, 0.0625], "texture": "#8"},
				"down": {"uv": [0, 0, 2.7, 0.0625], "rotation": 180, "texture": "#8"}
			}
		},
		{
			"from": [-0.525, 4.18762, 7.06847],
			"to": [10.275, 4.38762, 10.51847],
			"rotation": {"angle": 0, "axis": "x", "origin": [4.875, 4.28762, 8.13097]},
			"faces": {
				"north": {"uv": [0, 0, 2.7, 0.05], "texture": "#8"},
				"east": {"uv": [0, 0, 0.8625, 0.05], "texture": "#8"},
				"south": {"uv": [0, 0, 2.7, 0.05], "texture": "#8"},
				"west": {"uv": [0, 0, 0.8625, 0.05], "texture": "#8"},
				"up": {"uv": [0, 0, 2.7, 0.8625], "texture": "#8"},
				"down": {"uv": [0, 0, 2.7, 0.8625], "texture": "#8"}
			}
		},
		{
			"from": [0.175, 4.26262, 9.26847],
			"to": [9.45, 4.71262, 22.74347],
			"rotation": {"angle": -45, "axis": "x", "origin": [4.8125, 4.28762, 10.51847]},
			"faces": {
				"north": {"uv": [0, 0, 2.31875, 0.1125], "texture": "#8"},
				"east": {"uv": [0, 0, 3.36875, 0.1125], "texture": "#8"},
				"south": {"uv": [0, 0, 2.31875, 0.1125], "texture": "#8"},
				"west": {"uv": [0, 0, 3.36875, 0.1125], "texture": "#8"},
				"up": {"uv": [0, 0, 2.31875, 3.36875], "texture": "#8"},
				"down": {"uv": [0, 0, 2.31875, 3.36875], "texture": "#8"}
			}
		},
		{
			"from": [6.8875, 1.72512, 9.26847],
			"to": [7.3375, 9.35012, 15.69347],
			"rotation": {"angle": 22.5, "axis": "z", "origin": [4.8125, 4.28762, 10.51847]},
			"faces": {
				"north": {"uv": [0, 0, 1.90625, 0.1125], "rotation": 270, "texture": "#8"},
				"east": {"uv": [0, 0, 1.90625, 1.60625], "rotation": 90, "texture": "#8"},
				"south": {"uv": [0, 0, 1.90625, 0.1125], "rotation": 90, "texture": "#8"},
				"west": {"uv": [0, 0, 1.90625, 1.60625], "rotation": 90, "texture": "#8"},
				"up": {"uv": [0, 0, 1.60625, 0.1125], "rotation": 90, "texture": "#8"},
				"down": {"uv": [0, 0, 1.60625, 0.1125], "rotation": 90, "texture": "#8"}
			}
		},
		{
			"from": [2.6875, 2.30012, 9.26847],
			"to": [3.1375, 9.65012, 15.69347],
			"rotation": {"angle": -22.5, "axis": "z", "origin": [4.8125, 4.28762, 10.51847]},
			"faces": {
				"north": {"uv": [0, 0, 1.8375, 0.1125], "rotation": 90, "texture": "#8"},
				"east": {"uv": [0, 0, 1.8375, 1.60625], "rotation": 270, "texture": "#8"},
				"south": {"uv": [0, 0, 1.8375, 0.1125], "rotation": 270, "texture": "#8"},
				"west": {"uv": [0, 0, 1.8375, 1.60625], "rotation": 270, "texture": "#8"},
				"up": {"uv": [0, 0, 1.60625, 0.1125], "rotation": 270, "texture": "#8"},
				"down": {"uv": [0, 0, 1.60625, 0.1125], "rotation": 270, "texture": "#8"}
			}
		},
		{
			"from": [1.4375, 1.05012, 9.26847],
			"to": [1.8875, 6.85012, 15.69347],
			"rotation": {"angle": -45, "axis": "z", "origin": [4.8125, 4.28762, 10.51847]},
			"faces": {
				"north": {"uv": [0, 0, 1.45, 0.1125], "rotation": 90, "texture": "#8"},
				"east": {"uv": [0, 0, 1.45, 1.60625], "rotation": 270, "texture": "#8"},
				"south": {"uv": [0, 0, 1.45, 0.1125], "rotation": 270, "texture": "#8"},
				"west": {"uv": [0, 0, 1.45, 1.60625], "rotation": 270, "texture": "#8"},
				"up": {"uv": [0, 0, 1.60625, 0.1125], "rotation": 270, "texture": "#8"},
				"down": {"uv": [0, 0, 1.60625, 0.1125], "rotation": 270, "texture": "#8"}
			}
		},
		{
			"from": [8.0875, 0.67512, 9.26847],
			"to": [8.5375, 6.75012, 15.69347],
			"rotation": {"angle": 45, "axis": "z", "origin": [4.8125, 4.28762, 10.51847]},
			"faces": {
				"north": {"uv": [0, 0, 1.51875, 0.1125], "rotation": 90, "texture": "#8"},
				"east": {"uv": [0, 0, 1.51875, 1.60625], "rotation": 270, "texture": "#8"},
				"south": {"uv": [0, 0, 1.51875, 0.1125], "rotation": 270, "texture": "#8"},
				"west": {"uv": [0, 0, 1.51875, 1.60625], "rotation": 270, "texture": "#8"},
				"up": {"uv": [0, 0, 1.60625, 0.1125], "rotation": 270, "texture": "#8"},
				"down": {"uv": [0, 0, 1.60625, 0.1125], "rotation": 270, "texture": "#8"}
			}
		},
		{
			"from": [8.0625, 5.00012, 10.09347],
			"to": [8.5125, 12.52512, 15.69347],
			"rotation": {"angle": 22.5, "axis": "z", "origin": [4.8125, 4.28762, 10.51847]},
			"faces": {
				"north": {"uv": [0, 0, 1.88125, 0.1125], "rotation": 90, "texture": "#8"},
				"east": {"uv": [0, 0, 1.88125, 1.4], "rotation": 270, "texture": "#8"},
				"south": {"uv": [0, 0, 1.88125, 0.1125], "rotation": 270, "texture": "#8"},
				"west": {"uv": [0, 0, 1.88125, 1.4], "rotation": 270, "texture": "#8"},
				"up": {"uv": [0, 0, 1.4, 0.1125], "rotation": 270, "texture": "#8"},
				"down": {"uv": [0, 0, 1.4, 0.1125], "rotation": 270, "texture": "#8"}
			}
		},
		{
			"from": [3.9875, 9.47512, 12.96847],
			"to": [4.4375, 11.87512, 18.56847],
			"rotation": {"angle": -22.5, "axis": "z", "origin": [4.8125, 4.28762, 10.51847]},
			"faces": {
				"north": {"uv": [0, 0, 0.6, 0.1125], "rotation": 90, "texture": "#8"},
				"east": {"uv": [0, 0, 0.6, 1.4], "rotation": 270, "texture": "#8"},
				"south": {"uv": [0, 0, 0.6, 0.1125], "rotation": 270, "texture": "#8"},
				"west": {"uv": [0, 0, 0.6, 1.4], "rotation": 270, "texture": "#8"},
				"up": {"uv": [0, 0, 1.4, 0.1125], "rotation": 270, "texture": "#8"},
				"down": {"uv": [0, 0, 1.4, 0.1125], "rotation": 270, "texture": "#8"}
			}
		},
		{
			"from": [6.9375, 6.72512, 10.09347],
			"to": [7.3875, 12.30012, 15.69347],
			"rotation": {"angle": 22.5, "axis": "x", "origin": [4.8125, 4.28762, 10.51847]},
			"faces": {
				"north": {"uv": [0, 0, 1.39375, 0.1125], "rotation": 90, "texture": "#8"},
				"east": {"uv": [0, 0, 1.39375, 1.4], "rotation": 270, "texture": "#8"},
				"south": {"uv": [0, 0, 1.39375, 0.1125], "rotation": 270, "texture": "#8"},
				"west": {"uv": [0, 0, 1.39375, 1.4], "rotation": 270, "texture": "#8"},
				"up": {"uv": [0, 0, 1.4, 0.1125], "rotation": 270, "texture": "#8"},
				"down": {"uv": [0, 0, 1.4, 0.1125], "rotation": 270, "texture": "#8"}
			}
		},
		{
			"from": [3.28953, 10.03052, 11.54347],
			"to": [3.73953, 12.43052, 17.14347],
			"rotation": {"angle": 22.5, "axis": "z", "origin": [3.51453, 11.23052, 14.34347]},
			"faces": {
				"north": {"uv": [0, 0, 0.6, 0.1125], "rotation": 90, "texture": "#8"},
				"east": {"uv": [0, 0, 0.6, 1.4], "rotation": 270, "texture": "#8"},
				"south": {"uv": [0, 0, 0.6, 0.1125], "rotation": 270, "texture": "#8"},
				"west": {"uv": [0, 0, 0.6, 1.4], "rotation": 270, "texture": "#8"},
				"up": {"uv": [0, 0, 1.4, 0.1125], "rotation": 270, "texture": "#8"},
				"down": {"uv": [0, 0, 1.4, 0.1125], "rotation": 270, "texture": "#8"}
			}
		},
		{
			"from": [2.7375, 7.37512, 10.09347],
			"to": [3.1875, 12.95012, 15.69347],
			"rotation": {"angle": 22.5, "axis": "x", "origin": [0.1125, 4.28762, 10.51847]},
			"faces": {
				"north": {"uv": [0, 0, 1.39375, 0.1125], "rotation": 90, "texture": "#8"},
				"east": {"uv": [0, 0, 1.39375, 1.4], "rotation": 270, "texture": "#8"},
				"south": {"uv": [0, 0, 1.39375, 0.1125], "rotation": 270, "texture": "#8"},
				"west": {"uv": [0, 0, 1.39375, 1.4], "rotation": 270, "texture": "#8"},
				"up": {"uv": [0, 0, 1.4, 0.1125], "rotation": 270, "texture": "#8"},
				"down": {"uv": [0, 0, 1.4, 0.1125], "rotation": 270, "texture": "#8"}
			}
		},
		{
			"from": [0.1875, 8.85997, 16.88771],
			"to": [9.4875, 14.73497, 17.33771],
			"rotation": {"angle": 45, "axis": "x", "origin": [2.9625, 11.64747, 16.13771]},
			"faces": {
				"north": {"uv": [0, 0, 1.46875, 2.325], "rotation": 270, "texture": "#8"},
				"east": {"uv": [0, 0, 1.46875, 0.1125], "rotation": 90, "texture": "#8"},
				"south": {"uv": [0, 0, 1.46875, 2.325], "rotation": 270, "texture": "#8"},
				"west": {"uv": [0, 0, 1.46875, 0.1125], "rotation": 270, "texture": "#8"},
				"up": {"uv": [0, 0, 2.325, 0.1125], "texture": "#8"},
				"down": {"uv": [0, 0, 2.325, 0.1125], "rotation": 180, "texture": "#8"}
			}
		},
		{
			"from": [3.10533, 6.28828, 10.09347],
			"to": [3.55533, 14.13828, 15.69347],
			"rotation": {"angle": -22.5, "axis": "z", "origin": [1.90533, 9.55078, 12.48097]},
			"faces": {
				"north": {"uv": [0, 0, 1.9625, 0.1125], "rotation": 90, "texture": "#8"},
				"east": {"uv": [0, 0, 1.9625, 1.4], "rotation": 270, "texture": "#8"},
				"south": {"uv": [0, 0, 1.9625, 0.1125], "rotation": 270, "texture": "#8"},
				"west": {"uv": [0, 0, 1.9625, 1.4], "rotation": 270, "texture": "#8"},
				"up": {"uv": [0, 0, 1.4, 0.1125], "rotation": 270, "texture": "#8"},
				"down": {"uv": [0, 0, 1.4, 0.1125], "rotation": 270, "texture": "#8"}
			}
		},
		{
			"from": [0.175, 4.03762, 12.41847],
			"to": [9.45, 5.51262, 18.94347],
			"rotation": {"angle": -22.5, "axis": "x", "origin": [4.8125, 4.28762, 10.51847]},
			"faces": {
				"north": {"uv": [0, 0, 2.31875, 0.36875], "texture": "#8"},
				"east": {"uv": [0, 0, 1.63125, 0.36875], "texture": "#8"},
				"south": {"uv": [0, 0, 2.31875, 0.36875], "texture": "#8"},
				"west": {"uv": [0, 0, 1.63125, 0.36875], "texture": "#8"},
				"up": {"uv": [0, 0, 2.31875, 1.63125], "texture": "#8"},
				"down": {"uv": [0, 0, 2.31875, 1.63125], "texture": "#8"}
			}
		},
		{
			"from": [0.175, 6.4162, 14.97641],
			"to": [9.45, 7.4662, 20.25141],
			"rotation": {"angle": -45, "axis": "x", "origin": [4.8125, 7.1537, 16.16391]},
			"faces": {
				"north": {"uv": [0, 0, 2.31875, 0.2625], "texture": "#8"},
				"east": {"uv": [0, 0, 1.31875, 0.2625], "texture": "#8"},
				"south": {"uv": [0, 0, 2.31875, 0.2625], "texture": "#8"},
				"west": {"uv": [0, 0, 1.31875, 0.2625], "texture": "#8"},
				"up": {"uv": [0, 0, 2.31875, 1.31875], "texture": "#8"},
				"down": {"uv": [0, 0, 2.31875, 1.31875], "texture": "#8"}
			}
		},
		{
			"from": [0.175, 6.4162, 20.20141],
			"to": [9.45, 7.0912, 21.75141],
			"rotation": {"angle": -45, "axis": "x", "origin": [4.8125, 7.1537, 16.16391]},
			"faces": {
				"north": {"uv": [0, 0, 2.31875, 0.16875], "texture": "#8"},
				"east": {"uv": [0, 0, 0.3875, 0.16875], "texture": "#8"},
				"south": {"uv": [0, 0, 2.31875, 0.16875], "texture": "#8"},
				"west": {"uv": [0, 0, 0.3875, 0.16875], "texture": "#8"},
				"up": {"uv": [0, 0, 2.31875, 0.3875], "texture": "#8"},
				"down": {"uv": [0, 0, 2.31875, 0.3875], "texture": "#8"}
			}
		},
		{
			"from": [0.175, 7.8162, 15.10141],
			"to": [9.45, 8.3912, 18.15141],
			"rotation": {"angle": -45, "axis": "x", "origin": [4.8125, 7.1537, 16.16391]},
			"faces": {
				"north": {"uv": [0, 0, 2.31875, 0.14375], "texture": "#8"},
				"east": {"uv": [0, 0, 0.7625, 0.14375], "texture": "#8"},
				"south": {"uv": [0, 0, 2.31875, 0.14375], "texture": "#8"},
				"west": {"uv": [0, 0, 0.7625, 0.14375], "texture": "#8"},
				"up": {"uv": [0, 0, 2.31875, 0.7625], "texture": "#8"},
				"down": {"uv": [0, 0, 2.31875, 0.7625], "texture": "#8"}
			}
		},
		{
			"from": [0.325, 5.07124, 10.39346],
			"to": [9.375, 5.37124, 26.19346],
			"rotation": {"angle": -22.5, "axis": "x", "origin": [4.8125, 5.02124, 12.63096]},
			"faces": {
				"north": {"uv": [0, 0, 2.2625, 0.075], "texture": "#8"},
				"east": {"uv": [0, 0, 3.95, 0.075], "texture": "#8"},
				"south": {"uv": [0, 0, 2.2625, 0.075], "texture": "#8"},
				"west": {"uv": [0, 0, 3.95, 0.075], "texture": "#8"},
				"up": {"uv": [0, 0, 2.2625, 3.95], "texture": "#8"},
				"down": {"uv": [0, 0, 2.2625, 3.95], "texture": "#8"}
			}
		},
		{
			"from": [0.325, 6.32124, 13.34346],
			"to": [9.375, 6.69624, 18.46846],
			"rotation": {"angle": -22.5, "axis": "x", "origin": [4.8125, 5.02124, 12.63096]},
			"faces": {
				"north": {"uv": [0, 0, 2.2625, 0.09375], "texture": "#8"},
				"east": {"uv": [0, 0, 1.28125, 0.09375], "texture": "#8"},
				"south": {"uv": [0, 0, 2.2625, 0.09375], "texture": "#8"},
				"west": {"uv": [0, 0, 1.28125, 0.09375], "texture": "#8"},
				"up": {"uv": [0, 0, 2.2625, 1.28125], "texture": "#8"},
				"down": {"uv": [0, 0, 2.2625, 1.28125], "texture": "#8"}
			}
		},
		{
			"from": [0.325, 6.69624, 14.09346],
			"to": [9.375, 7.07124, 19.21846],
			"rotation": {"angle": -22.5, "axis": "x", "origin": [4.8125, 5.02124, 12.63096]},
			"faces": {
				"north": {"uv": [0, 0, 2.2625, 0.09375], "texture": "#8"},
				"east": {"uv": [0, 0, 1.28125, 0.09375], "texture": "#8"},
				"south": {"uv": [0, 0, 2.2625, 0.09375], "texture": "#8"},
				"west": {"uv": [0, 0, 1.28125, 0.09375], "texture": "#8"},
				"up": {"uv": [0, 0, 2.2625, 1.28125], "texture": "#8"},
				"down": {"uv": [0, 0, 2.2625, 1.28125], "texture": "#8"}
			}
		},
		{
			"from": [0.325, 4.02124, 14.44346],
			"to": [9.375, 5.99624, 20.09346],
			"rotation": {"angle": -45, "axis": "x", "origin": [4.8125, 5.02124, 12.63096]},
			"faces": {
				"north": {"uv": [0, 0, 2.2625, 0.49375], "texture": "#8"},
				"east": {"uv": [0, 0, 1.4125, 0.49375], "texture": "#8"},
				"south": {"uv": [0, 0, 2.2625, 0.49375], "texture": "#8"},
				"west": {"uv": [0, 0, 1.4125, 0.49375], "texture": "#8"},
				"up": {"uv": [0, 0, 2.2625, 1.4125], "texture": "#8"},
				"down": {"uv": [0, 0, 2.2625, 1.4125], "texture": "#8"}
			}
		},
		{
			"from": [8.475, 4.18762, 10.51847],
			"to": [10.275, 4.38762, 12.51847],
			"rotation": {"angle": 0, "axis": "x", "origin": [4.875, 4.28762, 8.13097]},
			"faces": {
				"north": {"uv": [0, 0, 0.45, 0.05], "texture": "#13"},
				"east": {"uv": [0, 0, 0.5, 0.05], "texture": "#13"},
				"south": {"uv": [0, 0, 0.45, 0.05], "texture": "#13"},
				"west": {"uv": [0, 0, 0.5, 0.05], "texture": "#13"},
				"up": {"uv": [0, 0, 0.45, 0.5], "texture": "#13"},
				"down": {"uv": [0, 0, 0.45, 0.5], "texture": "#13"}
			}
		},
		{
			"from": [8.475, 5.66262, 12.01847],
			"to": [10.275, 5.86262, 12.49347],
			"rotation": {"angle": 0, "axis": "x", "origin": [4.875, 4.28762, 8.13097]},
			"faces": {
				"north": {"uv": [0, 0, 0.45, 0.05], "texture": "#13"},
				"east": {"uv": [0, 0, 0.11875, 0.05], "texture": "#13"},
				"south": {"uv": [0, 0, 0.45, 0.05], "texture": "#13"},
				"west": {"uv": [0, 0, 0.11875, 0.05], "texture": "#13"},
				"up": {"uv": [0, 0, 0.45, 0.11875], "texture": "#13"},
				"down": {"uv": [0, 0, 0.45, 0.11875], "texture": "#13"}
			}
		},
		{
			"from": [8.475, 3.81262, 12.39347],
			"to": [10.275, 4.01262, 14.39347],
			"rotation": {"angle": -22.5, "axis": "x", "origin": [4.875, 4.28762, 11.51847]},
			"faces": {
				"north": {"uv": [0, 0, 0.45, 0.05], "texture": "#13"},
				"east": {"uv": [0, 0, 0.5, 0.05], "texture": "#13"},
				"south": {"uv": [0, 0, 0.45, 0.05], "texture": "#13"},
				"west": {"uv": [0, 0, 0.5, 0.05], "texture": "#13"},
				"up": {"uv": [0, 0, 0.45, 0.5], "texture": "#13"},
				"down": {"uv": [0, 0, 0.45, 0.5], "texture": "#13"}
			}
		},
		{
			"from": [8.475, 4.7133, 10.56916],
			"to": [10.275, 4.9133, 12.66916],
			"rotation": {"angle": -45, "axis": "x", "origin": [4.875, 4.6133, 11.19416]},
			"faces": {
				"north": {"uv": [0, 0, 0.45, 0.05], "texture": "#13"},
				"east": {"uv": [0, 0, 0.525, 0.05], "texture": "#13"},
				"south": {"uv": [0, 0, 0.45, 0.05], "texture": "#13"},
				"west": {"uv": [0, 0, 0.525, 0.05], "texture": "#13"},
				"up": {"uv": [0, 0, 0.45, 0.525], "texture": "#13"},
				"down": {"uv": [0, 0, 0.45, 0.525], "texture": "#13"}
			}
		},
		{
			"from": [8.625, 4.4633, 10.76916],
			"to": [10.15, 4.7383, 12.76916],
			"rotation": {"angle": -45, "axis": "x", "origin": [4.875, 4.6133, 11.19416]},
			"faces": {
				"north": {"uv": [0, 0, 0.38125, 0.06875], "texture": "#13"},
				"east": {"uv": [0, 0, 0.5, 0.06875], "texture": "#13"},
				"south": {"uv": [0, 0, 0.38125, 0.06875], "texture": "#13"},
				"west": {"uv": [0, 0, 0.5, 0.06875], "texture": "#13"},
				"up": {"uv": [0, 0, 0.38125, 0.5], "texture": "#13"},
				"down": {"uv": [0, 0, 0.38125, 0.5], "texture": "#13"}
			}
		},
		{
			"from": [8.625, 4.3383, 11.09416],
			"to": [10.15, 4.8633, 12.51916],
			"rotation": {"angle": 0, "axis": "x", "origin": [4.875, 4.6133, 11.19416]},
			"faces": {
				"north": {"uv": [0, 0, 0.38125, 0.13125], "texture": "#13"},
				"east": {"uv": [0, 0, 0.35625, 0.13125], "texture": "#13"},
				"south": {"uv": [0, 0, 0.38125, 0.13125], "texture": "#13"},
				"west": {"uv": [0, 0, 0.35625, 0.13125], "texture": "#13"},
				"up": {"uv": [0, 0, 0.38125, 0.35625], "texture": "#13"},
				"down": {"uv": [0, 0, 0.38125, 0.35625], "texture": "#13"}
			}
		},
		{
			"from": [8.625, 4.8133, 11.64416],
			"to": [10.15, 5.4383, 13.06916],
			"rotation": {"angle": 0, "axis": "x", "origin": [4.875, 4.6133, 11.19416]},
			"faces": {
				"north": {"uv": [0, 0, 0.38125, 0.15625], "texture": "#13"},
				"east": {"uv": [0, 0, 0.35625, 0.15625], "texture": "#13"},
				"south": {"uv": [0, 0, 0.38125, 0.15625], "texture": "#13"},
				"west": {"uv": [0, 0, 0.35625, 0.15625], "texture": "#13"},
				"up": {"uv": [0, 0, 0.38125, 0.35625], "texture": "#13"},
				"down": {"uv": [0, 0, 0.38125, 0.35625], "texture": "#13"}
			}
		},
		{
			"from": [8.625, 4.6883, 12.51916],
			"to": [10.15, 5.1383, 13.54416],
			"rotation": {"angle": 0, "axis": "x", "origin": [4.875, 4.6133, 11.19416]},
			"faces": {
				"north": {"uv": [0, 0, 0.38125, 0.1125], "texture": "#13"},
				"east": {"uv": [0, 0, 0.25625, 0.1125], "texture": "#13"},
				"south": {"uv": [0, 0, 0.38125, 0.1125], "texture": "#13"},
				"west": {"uv": [0, 0, 0.25625, 0.1125], "texture": "#13"},
				"up": {"uv": [0, 0, 0.38125, 0.25625], "texture": "#13"},
				"down": {"uv": [0, 0, 0.38125, 0.25625], "texture": "#13"}
			}
		},
		{
			"from": [8.625, 4.3883, 12.46916],
			"to": [10.15, 4.8383, 12.94416],
			"rotation": {"angle": 0, "axis": "x", "origin": [4.875, 4.6133, 11.19416]},
			"faces": {
				"north": {"uv": [0, 0, 0.38125, 0.1125], "texture": "#13"},
				"east": {"uv": [0, 0, 0.11875, 0.1125], "texture": "#13"},
				"south": {"uv": [0, 0, 0.38125, 0.1125], "texture": "#13"},
				"west": {"uv": [0, 0, 0.11875, 0.1125], "texture": "#13"},
				"up": {"uv": [0, 0, 0.38125, 0.11875], "texture": "#13"},
				"down": {"uv": [0, 0, 0.38125, 0.11875], "texture": "#13"}
			}
		},
		{
			"from": [8.625, 4.5633, 12.94416],
			"to": [10.15, 4.7133, 13.21916],
			"rotation": {"angle": 0, "axis": "x", "origin": [4.875, 4.6133, 11.19416]},
			"faces": {
				"north": {"uv": [0, 0, 0.38125, 0.0375], "texture": "#13"},
				"east": {"uv": [0, 0, 0.06875, 0.0375], "texture": "#13"},
				"south": {"uv": [0, 0, 0.38125, 0.0375], "texture": "#13"},
				"west": {"uv": [0, 0, 0.06875, 0.0375], "texture": "#13"},
				"up": {"uv": [0, 0, 0.38125, 0.06875], "texture": "#13"},
				"down": {"uv": [0, 0, 0.38125, 0.06875], "texture": "#13"}
			}
		},
		{
			"from": [8.625, 4.8133, 12.59416],
			"to": [10.15, 5.1883, 14.01916],
			"rotation": {"angle": 0, "axis": "x", "origin": [4.875, 4.6133, 11.19416]},
			"faces": {
				"north": {"uv": [0, 0, 0.38125, 0.09375], "texture": "#13"},
				"east": {"uv": [0, 0, 0.35625, 0.09375], "texture": "#13"},
				"south": {"uv": [0, 0, 0.38125, 0.09375], "texture": "#13"},
				"west": {"uv": [0, 0, 0.35625, 0.09375], "texture": "#13"},
				"up": {"uv": [0, 0, 0.38125, 0.35625], "texture": "#13"},
				"down": {"uv": [0, 0, 0.38125, 0.35625], "texture": "#13"}
			}
		},
		{
			"from": [8.625, 5.0383, 12.19416],
			"to": [10.15, 5.4133, 13.61916],
			"rotation": {"angle": 0, "axis": "x", "origin": [4.875, 4.6133, 11.19416]},
			"faces": {
				"north": {"uv": [0, 0, 0.38125, 0.09375], "texture": "#13"},
				"east": {"uv": [0, 0, 0.35625, 0.09375], "texture": "#13"},
				"south": {"uv": [0, 0, 0.38125, 0.09375], "texture": "#13"},
				"west": {"uv": [0, 0, 0.35625, 0.09375], "texture": "#13"},
				"up": {"uv": [0, 0, 0.38125, 0.35625], "texture": "#13"},
				"down": {"uv": [0, 0, 0.38125, 0.35625], "texture": "#13"}
			}
		},
		{
			"from": [8.625, 5.3633, 11.91916],
			"to": [10.15, 5.7383, 12.71916],
			"rotation": {"angle": 0, "axis": "x", "origin": [4.875, 4.6133, 11.19416]},
			"faces": {
				"north": {"uv": [0, 0, 0.38125, 0.09375], "texture": "#13"},
				"east": {"uv": [0, 0, 0.2, 0.09375], "texture": "#13"},
				"south": {"uv": [0, 0, 0.38125, 0.09375], "texture": "#13"},
				"west": {"uv": [0, 0, 0.2, 0.09375], "texture": "#13"},
				"up": {"uv": [0, 0, 0.38125, 0.2], "texture": "#13"},
				"down": {"uv": [0, 0, 0.38125, 0.2], "texture": "#13"}
			}
		},
		{
			"from": [8.625, 5.4133, 12.66916],
			"to": [10.15, 5.5633, 13.09416],
			"rotation": {"angle": 0, "axis": "x", "origin": [4.875, 4.6133, 11.19416]},
			"faces": {
				"north": {"uv": [0, 0, 0.38125, 0.0375], "texture": "#13"},
				"east": {"uv": [0, 0, 0.10625, 0.0375], "texture": "#13"},
				"south": {"uv": [0, 0, 0.38125, 0.0375], "texture": "#13"},
				"west": {"uv": [0, 0, 0.10625, 0.0375], "texture": "#13"},
				"up": {"uv": [0, 0, 0.38125, 0.10625], "texture": "#13"},
				"down": {"uv": [0, 0, 0.38125, 0.10625], "texture": "#13"}
			}
		},
		{
			"from": [8.475, 5.23766, 12.06349],
			"to": [10.275, 5.43766, 14.03849],
			"rotation": {"angle": 22.5, "axis": "x", "origin": [4.875, 4.66266, 13.33849]},
			"faces": {
				"north": {"uv": [0, 0, 0.45, 0.05], "texture": "#13"},
				"east": {"uv": [0, 0, 0.49375, 0.05], "texture": "#13"},
				"south": {"uv": [0, 0, 0.45, 0.05], "texture": "#13"},
				"west": {"uv": [0, 0, 0.49375, 0.05], "texture": "#13"},
				"up": {"uv": [0, 0, 0.45, 0.49375], "texture": "#13"},
				"down": {"uv": [0, 0, 0.45, 0.49375], "texture": "#13"}
			}
		},
		{
			"from": [-0.375, 4.3383, 11.09416],
			"to": [1.15, 4.8633, 12.51916],
			"rotation": {"angle": 0, "axis": "y", "origin": [4.875, 4.6133, 11.19416]},
			"faces": {
				"north": {"uv": [0, 0, 0.38125, 0.13125], "texture": "#13"},
				"east": {"uv": [0, 0, 0.35625, 0.13125], "texture": "#13"},
				"south": {"uv": [0, 0, 0.38125, 0.13125], "texture": "#13"},
				"west": {"uv": [7, 8, 7.35625, 8.13125], "texture": "#13"},
				"up": {"uv": [11, 3, 11.38125, 3.35625], "texture": "#13"},
				"down": {"uv": [4, 3, 4.38125, 3.35625], "texture": "#13"}
			}
		},
		{
			"from": [-0.375, 4.4633, 10.76916],
			"to": [1.15, 4.7383, 12.76916],
			"rotation": {"angle": -45, "axis": "x", "origin": [4.875, 4.6133, 11.19416]},
			"faces": {
				"north": {"uv": [0, 0, 0.38125, 0.06875], "texture": "#13"},
				"east": {"uv": [0, 0, 0.5, 0.06875], "texture": "#13"},
				"south": {"uv": [0, 0, 0.38125, 0.06875], "texture": "#13"},
				"west": {"uv": [7, 8, 7.5, 8.06875], "texture": "#13"},
				"up": {"uv": [11, 3, 11.38125, 3.5], "texture": "#13"},
				"down": {"uv": [4, 3, 4.38125, 3.5], "texture": "#13"}
			}
		},
		{
			"from": [-0.375, 4.6883, 12.51916],
			"to": [1.15, 5.1383, 13.54416],
			"rotation": {"angle": 0, "axis": "y", "origin": [4.875, 4.6133, 11.19416]},
			"faces": {
				"north": {"uv": [0, 0, 0.38125, 0.1125], "texture": "#13"},
				"east": {"uv": [0, 0, 0.25625, 0.1125], "texture": "#13"},
				"south": {"uv": [0, 0, 0.38125, 0.1125], "texture": "#13"},
				"west": {"uv": [7, 8, 7.25625, 8.1125], "texture": "#13"},
				"up": {"uv": [11, 3, 11.38125, 3.25625], "texture": "#13"},
				"down": {"uv": [4, 3, 4.38125, 3.25625], "texture": "#13"}
			}
		},
		{
			"from": [-0.375, 4.3883, 12.46916],
			"to": [1.15, 4.8383, 12.94416],
			"rotation": {"angle": 0, "axis": "y", "origin": [4.875, 4.6133, 11.19416]},
			"faces": {
				"north": {"uv": [0, 0, 0.38125, 0.1125], "texture": "#13"},
				"east": {"uv": [0, 0, 0.11875, 0.1125], "texture": "#13"},
				"south": {"uv": [0, 0, 0.38125, 0.1125], "texture": "#13"},
				"west": {"uv": [7, 8, 7.11875, 8.1125], "texture": "#13"},
				"up": {"uv": [11, 3, 11.38125, 3.11875], "texture": "#13"},
				"down": {"uv": [4, 3, 4.38125, 3.11875], "texture": "#13"}
			}
		},
		{
			"from": [-0.375, 4.5633, 12.94416],
			"to": [1.15, 4.7133, 13.21916],
			"rotation": {"angle": 0, "axis": "y", "origin": [4.875, 4.6133, 11.19416]},
			"faces": {
				"north": {"uv": [0, 0, 0.38125, 0.0375], "texture": "#13"},
				"east": {"uv": [0, 0, 0.06875, 0.0375], "texture": "#13"},
				"south": {"uv": [0, 0, 0.38125, 0.0375], "texture": "#13"},
				"west": {"uv": [7, 8, 7.06875, 8.0375], "texture": "#13"},
				"up": {"uv": [11, 3, 11.38125, 3.06875], "texture": "#13"},
				"down": {"uv": [4, 3, 4.38125, 3.06875], "texture": "#13"}
			}
		},
		{
			"from": [-0.375, 4.8133, 12.59416],
			"to": [1.15, 5.1883, 14.01916],
			"rotation": {"angle": 0, "axis": "y", "origin": [4.875, 4.6133, 11.19416]},
			"faces": {
				"north": {"uv": [0, 0, 0.38125, 0.09375], "texture": "#13"},
				"east": {"uv": [0, 0, 0.35625, 0.09375], "texture": "#13"},
				"south": {"uv": [0, 0, 0.38125, 0.09375], "texture": "#13"},
				"west": {"uv": [7, 8, 7.35625, 8.09375], "texture": "#13"},
				"up": {"uv": [11, 3, 11.38125, 3.35625], "texture": "#13"},
				"down": {"uv": [4, 3, 4.38125, 3.35625], "texture": "#13"}
			}
		},
		{
			"from": [-0.375, 4.8133, 11.64416],
			"to": [1.15, 5.4383, 13.06916],
			"rotation": {"angle": 0, "axis": "y", "origin": [4.875, 4.6133, 11.19416]},
			"faces": {
				"north": {"uv": [0, 0, 0.38125, 0.15625], "texture": "#13"},
				"east": {"uv": [0, 0, 0.35625, 0.15625], "texture": "#13"},
				"south": {"uv": [0, 0, 0.38125, 0.15625], "texture": "#13"},
				"west": {"uv": [7, 8, 7.35625, 8.15625], "texture": "#13"},
				"up": {"uv": [11, 3, 11.38125, 3.35625], "texture": "#13"},
				"down": {"uv": [4, 3, 4.38125, 3.35625], "texture": "#13"}
			}
		},
		{
			"from": [-0.375, 5.0383, 12.19416],
			"to": [1.15, 5.4133, 13.61916],
			"rotation": {"angle": 0, "axis": "y", "origin": [4.875, 4.6133, 11.19416]},
			"faces": {
				"north": {"uv": [0, 0, 0.38125, 0.09375], "texture": "#13"},
				"east": {"uv": [0, 0, 0.35625, 0.09375], "texture": "#13"},
				"south": {"uv": [0, 0, 0.38125, 0.09375], "texture": "#13"},
				"west": {"uv": [7, 8, 7.35625, 8.09375], "texture": "#13"},
				"up": {"uv": [11, 3, 11.38125, 3.35625], "texture": "#13"},
				"down": {"uv": [4, 3, 4.38125, 3.35625], "texture": "#13"}
			}
		},
		{
			"from": [-0.375, 5.3633, 11.91916],
			"to": [1.075, 5.7383, 12.71916],
			"rotation": {"angle": 0, "axis": "y", "origin": [4.875, 4.6133, 11.19416]},
			"faces": {
				"north": {"uv": [0, 0, 0.3625, 0.09375], "texture": "#13"},
				"east": {"uv": [0, 0, 0.2, 0.09375], "texture": "#13"},
				"south": {"uv": [0, 0, 0.3625, 0.09375], "texture": "#13"},
				"west": {"uv": [7, 8, 7.2, 8.09375], "texture": "#13"},
				"up": {"uv": [11, 3, 11.3625, 3.2], "texture": "#13"},
				"down": {"uv": [4, 3, 4.3625, 3.2], "texture": "#13"}
			}
		},
		{
			"from": [-0.375, 5.4133, 12.66916],
			"to": [1.075, 5.5633, 13.09416],
			"rotation": {"angle": 0, "axis": "y", "origin": [4.875, 4.6133, 11.19416]},
			"faces": {
				"north": {"uv": [0, 0, 0.3625, 0.0375], "texture": "#13"},
				"east": {"uv": [0, 0, 0.10625, 0.0375], "texture": "#13"},
				"south": {"uv": [0, 0, 0.3625, 0.0375], "texture": "#13"},
				"west": {"uv": [7, 8, 7.10625, 8.0375], "texture": "#13"},
				"up": {"uv": [11, 3, 11.3625, 3.10625], "texture": "#13"},
				"down": {"uv": [4, 3, 4.3625, 3.10625], "texture": "#13"}
			}
		},
		{
			"from": [-0.525, 5.23766, 12.06349],
			"to": [1.275, 5.43766, 14.03849],
			"rotation": {"angle": 22.5, "axis": "x", "origin": [4.875, 4.66266, 13.33849]},
			"faces": {
				"north": {"uv": [0, 0, 0.45, 0.05], "texture": "#13"},
				"east": {"uv": [0, 0, 0.49375, 0.05], "texture": "#13"},
				"south": {"uv": [0, 0, 0.45, 0.05], "texture": "#13"},
				"west": {"uv": [0, 0, 0.49375, 0.05], "texture": "#13"},
				"up": {"uv": [0, 0, 0.45, 0.49375], "texture": "#13"},
				"down": {"uv": [0, 0, 0.45, 0.49375], "texture": "#13"}
			}
		},
		{
			"from": [-0.525, 4.18762, 10.51847],
			"to": [1.275, 4.38762, 12.51847],
			"rotation": {"angle": 0, "axis": "y", "origin": [4.875, 4.28762, 8.13097]},
			"faces": {
				"north": {"uv": [0, 0, 0.45, 0.05], "texture": "#13"},
				"east": {"uv": [0, 0, 0.5, 0.05], "texture": "#13"},
				"south": {"uv": [0, 0, 0.45, 0.05], "texture": "#13"},
				"west": {"uv": [0, 0, 0.5, 0.05], "texture": "#13"},
				"up": {"uv": [0, 0, 0.45, 0.5], "texture": "#13"},
				"down": {"uv": [0, 0, 0.45, 0.5], "texture": "#13"}
			}
		},
		{
			"from": [-0.525, 3.81262, 12.39347],
			"to": [1.275, 4.01262, 14.39347],
			"rotation": {"angle": -22.5, "axis": "x", "origin": [4.875, 4.28762, 11.51847]},
			"faces": {
				"north": {"uv": [0, 0, 0.45, 0.05], "texture": "#13"},
				"east": {"uv": [0, 0, 0.5, 0.05], "texture": "#13"},
				"south": {"uv": [0, 0, 0.45, 0.05], "texture": "#13"},
				"west": {"uv": [0, 0, 0.5, 0.05], "texture": "#13"},
				"up": {"uv": [0, 0, 0.45, 0.5], "texture": "#13"},
				"down": {"uv": [0, 0, 0.45, 0.5], "texture": "#13"}
			}
		},
		{
			"from": [-0.525, 4.7133, 10.56916],
			"to": [1.275, 4.9133, 12.66916],
			"rotation": {"angle": -45, "axis": "x", "origin": [4.875, 4.6133, 11.19416]},
			"faces": {
				"north": {"uv": [0, 0, 0.45, 0.05], "texture": "#13"},
				"east": {"uv": [0, 0, 0.525, 0.05], "texture": "#13"},
				"south": {"uv": [0, 0, 0.45, 0.05], "texture": "#13"},
				"west": {"uv": [0, 0, 0.525, 0.05], "texture": "#13"},
				"up": {"uv": [0, 0, 0.45, 0.525], "texture": "#13"},
				"down": {"uv": [0, 0, 0.45, 0.525], "texture": "#13"}
			}
		},
		{
			"from": [-0.525, 5.66262, 12.01847],
			"to": [1.275, 5.86262, 12.49347],
			"rotation": {"angle": 0, "axis": "y", "origin": [4.875, 4.28762, 8.13097]},
			"faces": {
				"north": {"uv": [0, 0, 0.45, 0.05], "texture": "#13"},
				"east": {"uv": [0, 0, 0.11875, 0.05], "texture": "#13"},
				"south": {"uv": [0, 0, 0.45, 0.05], "texture": "#13"},
				"west": {"uv": [0, 0, 0.11875, 0.05], "texture": "#13"},
				"up": {"uv": [0, 0, 0.45, 0.11875], "texture": "#13"},
				"down": {"uv": [0, 0, 0.45, 0.11875], "texture": "#13"}
			}
		}
	],
	"display": {
		"head": {
			"translation": [0, 20, -29.25],
			"scale": [2, 2, 2]
		}
	},
	"groups": [
		{
			"name": "scatch",
			"origin": [8, 3.7215, 14.25703],
			"color": 0,
			"children": [0, 1, 2, 3, 4, 5, 6, 7, 8, 9, 10, 11, 12, 13, 14, 15]
		},
		{
			"name": "white part",
			"origin": [0, 0, 0],
			"color": 0,
			"children": [16, 17, 18, 19, 20, 21, 22, 23, 24, 25, 26, 27, 28, 29, 30, 31, 32, 33, 34, 35, 36, 37, 38, 39, 40, 41, 42, 43, 44, 45, 46, 47, 48, 49, 50, 51, 52, 53, 54, 55, 56, 57, 58, 59, 60, 61, 62, 63, 64, 65, 66, 67, 68, 69, 70, 71, 72, 73, 74, 75, 76, 77, 78, 79, 80, 81, 82, 83, 84, 85, 86, 87, 88, 89, 90, 91, 92, 93, 94, 95, 96, 97, 98, 99, 100, 101, 102, 103, 104, 105, 106]
		},
		{
			"name": "eye",
			"origin": [4.875, 4.28762, 8.13097],
			"color": 0,
			"children": [107, 108, 109, 110, 111, 112, 113, 114, 115, 116, 117, 118, 119, 120, 121]
		},
		{
			"name": "eye2",
			"origin": [4.875, 4.28762, 8.13097],
			"color": 0,
			"children": [
				{
					"name": "inside",
					"origin": [4.875, 4.6133, 11.19416],
					"color": 0,
					"children": [122, 123, 124, 125, 126, 127, 128, 129, 130, 131]
				},
				132,
				133,
				134,
				135,
				136
			]
		}
	]
}