{
    "__comment": "Model generated using MrCrayfish's Model Creator (https://mrcrayfish.com/tools?id=mc)",
    "textures": {
        "yellow_concrete": "minecraft:blocks/yellow_concrete",
        "gray_concrete": "minecraft:blocks/gray_concrete",
        "white_concrete": "minecraft:blocks/white_concrete",
        "light_gray_concrete": "minecraft:blocks/light_gray_concrete"
    },
    "display": {
        "gui": {
            "rotation": [ 10, 0, 270 ],
            "translation": [ 16, -21, -0.1 ],
            "scale": [ 2.425, 2.725, 1.525 ]
        },
        "ground": {
            "rotation": [ 0, 0, 0 ],
            "translation": [ 0, 3, 0 ],
            "scale": [ 0.25, 0.25, 0.25 ]
        },
        "fixed": {
            "rotation": [ 0, 180, 0 ],
            "translation": [ 0, 0, 0 ],
            "scale": [ 1, 1, 1 ]
        },
        "head": {
            "rotation": [ 0, 180, 0 ],
            "translation": [ 0, 0, 0 ],
            "scale": [ 1, 1, 1 ]
        },
        "firstperson_righthand": {
            "rotation": [ 0, 108, 0 ],
            "translation": [ 0.7, 1.5, -1.5 ],
            "scale": [ 0.5, 0.7, 0.5 ]
        },
        "thirdperson_righthand": {
            "rotation": [ 0, 90, 0 ],
            "translation": [ 8.8, -0.3, -6 ],
            "scale": [ 1.075, 0.975, 1.075 ]
        }
    },
    "elements": [
        {
            "name": "Yellow",
            "from": [ 0.1, 0, 0 ], 
            "to": [ 2.1, 1, 1.3 ], 
            "faces": {
                "north": { "texture": "#yellow_concrete", "uv": [ 0, 0, 2, 1 ] },
                "east": { "texture": "#yellow_concrete", "uv": [ 0, 0, 1.3, 1 ] },
                "south": { "texture": "#yellow_concrete", "uv": [ 0, 0, 2, 1 ] },
                "west": { "texture": "#yellow_concrete", "uv": [ 0, 0, 1.3, 1 ] },
                "up": { "texture": "#yellow_concrete", "uv": [ 0, 0, 2, 1.3 ] },
                "down": { "texture": "#yellow_concrete", "uv": [ 0, 0, 2, 1.3 ] }
            }
        },
        {
            "name": "White",
            "from": [ 0.51, 1, 0.2 ], 
            "to": [ 1.6, 12, 1.1 ], 
            "faces": {
                "north": { "texture": "#white_concrete", "uv": [ 0, 0, 1.09, 11 ] },
                "east": { "texture": "#white_concrete", "uv": [ 0, 0, 0.9, 11 ] },
                "south": { "texture": "#white_concrete", "uv": [ 0, 0, 1.09, 11 ] },
                "west": { "texture": "#white_concrete", "uv": [ 0, 0, 0.9, 11 ] }
            }
        },
        {
            "name": "Handle",
            "from": [ -0.4, 12, 0 ], 
            "to": [ 2.39, 12.5, 1.3 ], 
            "faces": {
                "north": { "texture": "#white_concrete", "uv": [ 0, 0, 2.79, 0.5 ] },
                "east": { "texture": "#white_concrete", "uv": [ 0, 0, 1.3, 0.5 ] },
                "south": { "texture": "#white_concrete", "uv": [ 0, 0, 2.79, 0.5 ] },
                "west": { "texture": "#white_concrete", "uv": [ 0, 0, 1.3, 0.5 ] },
                "up": { "texture": "#white_concrete", "uv": [ 0, 0, 2.79, 1.3 ] },
                "down": { "texture": "#white_concrete", "uv": [ 0, 0, 2.79, 1.3 ] }
            }
        },
        {
            "name": "Handle",
            "from": [ 0.18, 12.48, 0.49 ], 
            "to": [ 1.77, 12.98, 0.77 ], 
            "faces": {
                "north": { "texture": "#white_concrete", "uv": [ 0, 0, 1.59, 0.5 ] },
                "east": { "texture": "#white_concrete", "uv": [ 0, 0, 0.28, 0.5 ] },
                "south": { "texture": "#white_concrete", "uv": [ 0, 0, 1.59, 0.5 ] },
                "west": { "texture": "#white_concrete", "uv": [ 0, 0, 0.28, 0.5 ] },
                "up": { "texture": "#white_concrete", "uv": [ 0, 0, 1.59, 0.28 ] }
            }
        },
        {
            "name": "Handle",
            "from": [ 0.25, 12.88, 0.54 ], 
            "to": [ 1.4, 29.18, 0.72 ], 
            "faces": {
                "north": { "texture": "#gray_concrete", "uv": [ 0, 0, 1.15, 16 ] },
                "east": { "texture": "#gray_concrete", "uv": [ 0, 0, 0.18, 16 ] },
                "south": { "texture": "#gray_concrete", "uv": [ 0, 0, 1.15, 16 ] },
                "west": { "texture": "#gray_concrete", "uv": [ 0, 0, 0.18, 16 ] },
                "up": { "texture": "#gray_concrete", "uv": [ 0, 0, 1.15, 0.18 ] }
            }
        },
        {
            "name": "Handle",
            "from": [ 1.4, 12.88, 0.55 ], 
            "to": [ 1.67, 29.18, 0.71 ], 
            "faces": {
                "north": { "texture": "#light_gray_concrete", "uv": [ 0, 0, 0.27, 16 ] },
                "east": { "texture": "#light_gray_concrete", "uv": [ 0, 0, 0.16, 16 ] },
                "south": { "texture": "#light_gray_concrete", "uv": [ 0, 0, 0.27, 16 ] },
                "up": { "texture": "#light_gray_concrete", "uv": [ 0, 0, 0.27, 0.16 ] }
            }
        },
        {
            "name": "Handle",
            "from": [ 10.01, 29.99, 0.55 ], 
            "to": [ 10.26, 30.87, 0.71 ], 
            "rotation": { "origin": [ 8, 8, 8 ], "axis": "z", "angle": 22.5 },
            "faces": {
                "north": { "texture": "#light_gray_concrete", "uv": [ 0, 0, 0.25, 0.88 ] },
                "east": { "texture": "#light_gray_concrete", "uv": [ 0, 0, 0.16, 0.88 ] },
                "south": { "texture": "#light_gray_concrete", "uv": [ 0, 0, 0.25, 0.88 ] },
                "west": { "texture": "#light_gray_concrete", "uv": [ 0, 0, 0.16, 0.88 ] },
                "up": { "texture": "#light_gray_concrete", "uv": [ 0, 0, 0.25, 0.16 ] },
                "down": { "texture": "#light_gray_concrete", "uv": [ 0, 0, 0.25, 0.16 ] }
            }
        },
        {
            "name": "Handle",
            "from": [ 18.598, 28.25, 0.55 ], 
            "to": [ 18.838, 29.43, 0.71 ], 
            "rotation": { "origin": [ 8, 8, 8 ], "axis": "z", "angle": 45.0 },
            "faces": {
                "north": { "texture": "#light_gray_concrete", "uv": [ 0, 0, 0.24, 1.18 ] },
                "east": { "texture": "#light_gray_concrete", "uv": [ 0, 0, 0.16, 1.18 ] },
                "south": { "texture": "#light_gray_concrete", "uv": [ 0, 0, 0.24, 1.18 ] },
                "west": { "texture": "#light_gray_concrete", "uv": [ 0, 0, 0.16, 1.18 ] },
                "up": { "texture": "#light_gray_concrete", "uv": [ 0, 0, 0.24, 0.16 ] },
                "down": { "texture": "#light_gray_concrete", "uv": [ 0, 0, 0.24, 0.16 ] }
            }
        },
        {
            "name": "Handle",
            "from": [ 0.25, 29.17, 0.54 ], 
            "to": [ 1.16, 29.77, 0.72 ], 
            "faces": {
                "north": { "texture": "#gray_concrete", "uv": [ 0, 0, 0.91, 0.6 ] },
                "east": { "texture": "#gray_concrete", "uv": [ 0, 0, 0.18, 0.6 ] },
                "south": { "texture": "#gray_concrete", "uv": [ 0, 0, 0.91, 0.6 ] },
                "west": { "texture": "#gray_concrete", "uv": [ 0, 0, 0.18, 0.6 ] },
                "up": { "texture": "#gray_concrete", "uv": [ 0, 0, 0.91, 0.18 ] }
            }
        },
        {
            "name": "Handle",
            "from": [ 9.086, 30.09, 0.54 ], 
            "to": [ 10.009, 30.84, 0.72 ], 
            "rotation": { "origin": [ 8, 8, 8 ], "axis": "z", "angle": 22.5 },
            "faces": {
                "north": { "texture": "#gray_concrete", "uv": [ 0, 0, 0.923, 0.75 ] },
                "east": { "texture": "#gray_concrete", "uv": [ 0, 0, 0.18, 0.75 ] },
                "south": { "texture": "#gray_concrete", "uv": [ 0, 0, 0.923, 0.75 ] },
                "west": { "texture": "#gray_concrete", "uv": [ 0, 0, 0.18, 0.75 ] },
                "up": { "texture": "#gray_concrete", "uv": [ 0, 0, 0.923, 0.18 ] },
                "down": { "texture": "#gray_concrete", "uv": [ 0, 0, 0.923, 0.18 ] }
            }
        },
        {
            "name": "Handle",
            "from": [ 18.076, 28.33, 0.54 ], 
            "to": [ 18.599, 28.97, 0.72 ], 
            "rotation": { "origin": [ 8, 8, 8 ], "axis": "z", "angle": 45.0 },
            "faces": {
                "north": { "texture": "#gray_concrete", "uv": [ 0, 0, 0.523, 0.64 ] },
                "east": { "texture": "#gray_concrete", "uv": [ 0, 0, 0.18, 0.64 ] },
                "south": { "texture": "#gray_concrete", "uv": [ 0, 0, 0.523, 0.64 ] },
                "west": { "texture": "#gray_concrete", "uv": [ 0, 0, 0.18, 0.64 ] },
                "up": { "texture": "#gray_concrete", "uv": [ 0, 0, 0.523, 0.18 ] },
                "down": { "texture": "#gray_concrete", "uv": [ 0, 0, 0.523, 0.18 ] }
            }
        },
        {
            "name": "Handle",
            "from": [ 0.25, 29.72, 0.54 ], 
            "to": [ 0.66, 30.32, 0.72 ], 
            "faces": {
                "north": { "texture": "#gray_concrete", "uv": [ 0, 0, 0.41, 0.6 ] },
                "east": { "texture": "#gray_concrete", "uv": [ 0, 0, 0.18, 0.6 ] },
                "south": { "texture": "#gray_concrete", "uv": [ 0, 0, 0.41, 0.6 ] },
                "west": { "texture": "#gray_concrete", "uv": [ 0, 0, 0.18, 0.6 ] },
                "up": { "texture": "#gray_concrete", "uv": [ 0, 0, 0.41, 0.18 ] }
            }
        },
        {
            "name": "Handle",
            "from": [ 0.248, 30.617, 0.55 ], 
            "to": [ 0.508, 30.817, 0.71 ], 
            "faces": {
                "north": { "texture": "#light_gray_concrete", "uv": [ 0, 0, 0.26, 0.2 ] },
                "east": { "texture": "#light_gray_concrete", "uv": [ 0, 0, 0.16, 0.2 ] },
                "south": { "texture": "#light_gray_concrete", "uv": [ 0, 0, 0.26, 0.2 ] },
                "west": { "texture": "#light_gray_concrete", "uv": [ 0, 0, 0.16, 0.2 ] },
                "up": { "texture": "#light_gray_concrete", "uv": [ 0, 0, 0.26, 0.16 ] },
                "down": { "texture": "#light_gray_concrete", "uv": [ 0, 0, 0.26, 0.16 ] }
            }
        },
        {
            "name": "Handle",
            "from": [ 0.25, 30.317, 0.54 ], 
            "to": [ 0.51, 30.477, 0.72 ], 
            "faces": {
                "north": { "texture": "#gray_concrete", "uv": [ 0, 0, 0.26, 0.16 ] },
                "east": { "texture": "#gray_concrete", "uv": [ 0, 0, 0.18, 0.16 ] },
                "south": { "texture": "#gray_concrete", "uv": [ 0, 0, 0.26, 0.16 ] },
                "west": { "texture": "#gray_concrete", "uv": [ 0, 0, 0.18, 0.16 ] },
                "up": { "texture": "#gray_concrete", "uv": [ 0, 0, 0.26, 0.18 ] }
            }
        },
        {
            "name": "Handle",
            "from": [ 18.43, 28.947, 0.54 ], 
            "to": [ 18.6, 29.387, 0.72 ], 
            "rotation": { "origin": [ 8, 8, 8 ], "axis": "z", "angle": 45.0 },
            "faces": {
                "north": { "texture": "#gray_concrete", "uv": [ 0, 0, 0.17, 0.44 ] },
                "east": { "texture": "#gray_concrete", "uv": [ 0, 0, 0.18, 0.44 ] },
                "south": { "texture": "#gray_concrete", "uv": [ 0, 0, 0.17, 0.44 ] },
                "west": { "texture": "#gray_concrete", "uv": [ 0, 0, 0.18, 0.44 ] },
                "up": { "texture": "#gray_concrete", "uv": [ 0, 0, 0.17, 0.18 ] },
                "down": { "texture": "#gray_concrete", "uv": [ 0, 0, 0.17, 0.18 ] }
            }
        },
        {
            "name": "Handle",
            "from": [ 0.25, 30.457, 0.54 ], 
            "to": [ 0.37, 30.617, 0.72 ], 
            "faces": {
                "north": { "texture": "#gray_concrete", "uv": [ 0, 0, 0.12, 0.16 ] },
                "east": { "texture": "#gray_concrete", "uv": [ 0, 0, 0.18, 0.16 ] },
                "south": { "texture": "#gray_concrete", "uv": [ 0, 0, 0.12, 0.16 ] },
                "west": { "texture": "#gray_concrete", "uv": [ 0, 0, 0.18, 0.16 ] },
                "up": { "texture": "#gray_concrete", "uv": [ 0, 0, 0.12, 0.18 ] }
            }
        },
        {
            "name": "Thunder",
            "from": [ 0.79, 12.88, 0.53 ], 
            "to": [ 1.06, 13.68, 0.73 ], 
            "faces": {
                "north": { "texture": "#yellow_concrete", "uv": [ 0, 0, 0.27, 0.8 ] },
                "east": { "texture": "#yellow_concrete", "uv": [ 0, 0, 0.2, 0.8 ] },
                "south": { "texture": "#yellow_concrete", "uv": [ 0, 0, 0.27, 0.8 ] },
                "west": { "texture": "#yellow_concrete", "uv": [ 0, 0, 0.2, 0.8 ] },
                "up": { "texture": "#yellow_concrete", "uv": [ 0, 0, 0.27, 0.2 ] }
            }
        },
        {
            "name": "Thunder",
            "from": [ 0.39, 14.47, 0.53 ], 
            "to": [ 0.66, 15.25, 0.73 ], 
            "faces": {
                "north": { "texture": "#yellow_concrete", "uv": [ 0, 0, 0.27, 0.78 ] },
                "east": { "texture": "#yellow_concrete", "uv": [ 0, 0, 0.2, 0.78 ] },
                "south": { "texture": "#yellow_concrete", "uv": [ 0, 0, 0.27, 0.78 ] },
                "west": { "texture": "#yellow_concrete", "uv": [ 0, 0, 0.2, 0.78 ] },
                "up": { "texture": "#yellow_concrete", "uv": [ 0, 0, 0.27, 0.2 ] },
                "down": { "texture": "#yellow_concrete", "uv": [ 0, 0, 0.27, 0.2 ] }
            }
        },
        {
            "name": "Thunder",
            "from": [ 0.75, 15.49, 0.53 ], 
            "to": [ 1.02, 15.77, 0.73 ], 
            "faces": {
                "north": { "texture": "#yellow_concrete", "uv": [ 0, 0, 0.27, 0.28 ] },
                "east": { "texture": "#yellow_concrete", "uv": [ 0, 0, 0.2, 0.28 ] },
                "south": { "texture": "#yellow_concrete", "uv": [ 0, 0, 0.27, 0.28 ] },
                "west": { "texture": "#yellow_concrete", "uv": [ 0, 0, 0.2, 0.28 ] },
                "up": { "texture": "#yellow_concrete", "uv": [ 0, 0, 0.27, 0.2 ] },
                "down": { "texture": "#yellow_concrete", "uv": [ 0, 0, 0.27, 0.2 ] }
            }
        },
        {
            "name": "Thunder",
            "from": [ 0.37, 16.07, 0.53 ], 
            "to": [ 0.64, 17.37, 0.73 ], 
            "faces": {
                "north": { "texture": "#yellow_concrete", "uv": [ 0, 0, 0.27, 1.3 ] },
                "east": { "texture": "#yellow_concrete", "uv": [ 0, 0, 0.2, 1.3 ] },
                "south": { "texture": "#yellow_concrete", "uv": [ 0, 0, 0.27, 1.3 ] },
                "west": { "texture": "#yellow_concrete", "uv": [ 0, 0, 0.2, 1.3 ] },
                "up": { "texture": "#yellow_concrete", "uv": [ 0, 0, 0.27, 0.2 ] },
                "down": { "texture": "#yellow_concrete", "uv": [ 0, 0, 0.27, 0.2 ] }
            }
        },
        {
            "name": "Thunder",
            "from": [ 0.89, 17.59, 0.53 ], 
            "to": [ 1.12, 18.97, 0.73 ], 
            "faces": {
                "north": { "texture": "#yellow_concrete", "uv": [ 0, 0, 0.23, 1.38 ] },
                "east": { "texture": "#yellow_concrete", "uv": [ 0, 0, 0.2, 1.38 ] },
                "south": { "texture": "#yellow_concrete", "uv": [ 0, 0, 0.23, 1.38 ] },
                "west": { "texture": "#yellow_concrete", "uv": [ 0, 0, 0.2, 1.38 ] },
                "up": { "texture": "#yellow_concrete", "uv": [ 0, 0, 0.23, 0.2 ] },
                "down": { "texture": "#yellow_concrete", "uv": [ 0, 0, 0.23, 0.2 ] }
            }
        },
        {
            "name": "Thunder",
            "from": [ 0.44, 18.19, 0.53 ], 
            "to": [ 0.64, 19.29, 0.73 ], 
            "faces": {
                "north": { "texture": "#yellow_concrete", "uv": [ 0, 0, 0.2, 1.1 ] },
                "east": { "texture": "#yellow_concrete", "uv": [ 0, 0, 0.2, 1.1 ] },
                "south": { "texture": "#yellow_concrete", "uv": [ 0, 0, 0.2, 1.1 ] },
                "west": { "texture": "#yellow_concrete", "uv": [ 0, 0, 0.2, 1.1 ] },
                "up": { "texture": "#yellow_concrete", "uv": [ 0, 0, 0.2, 0.2 ] },
                "down": { "texture": "#yellow_concrete", "uv": [ 0, 0, 0.2, 0.2 ] }
            }
        },
        {
            "name": "Thunder",
            "from": [ 0.69, 19.47, 0.53 ], 
            "to": [ 0.96, 20.35, 0.73 ], 
            "faces": {
                "north": { "texture": "#yellow_concrete", "uv": [ 0, 0, 0.27, 0.88 ] },
                "east": { "texture": "#yellow_concrete", "uv": [ 0, 0, 0.2, 0.88 ] },
                "south": { "texture": "#yellow_concrete", "uv": [ 0, 0, 0.27, 0.88 ] },
                "west": { "texture": "#yellow_concrete", "uv": [ 0, 0, 0.2, 0.88 ] },
                "up": { "texture": "#yellow_concrete", "uv": [ 0, 0, 0.27, 0.2 ] },
                "down": { "texture": "#yellow_concrete", "uv": [ 0, 0, 0.27, 0.2 ] }
            }
        },
        {
            "name": "Thunder",
            "from": [ 0.4, 20.57, 0.53 ], 
            "to": [ 0.63, 21.5, 0.73 ], 
            "faces": {
                "north": { "texture": "#yellow_concrete", "uv": [ 0, 0, 0.23, 0.93 ] },
                "east": { "texture": "#yellow_concrete", "uv": [ 0, 0, 0.2, 0.93 ] },
                "south": { "texture": "#yellow_concrete", "uv": [ 0, 0, 0.23, 0.93 ] },
                "west": { "texture": "#yellow_concrete", "uv": [ 0, 0, 0.2, 0.93 ] },
                "up": { "texture": "#yellow_concrete", "uv": [ 0, 0, 0.23, 0.2 ] },
                "down": { "texture": "#yellow_concrete", "uv": [ 0, 0, 0.23, 0.2 ] }
            }
        },
        {
            "name": "Thunder",
            "from": [ 0.65, 21.69, 0.53 ], 
            "to": [ 0.92, 22.57, 0.73 ], 
            "faces": {
                "north": { "texture": "#yellow_concrete", "uv": [ 0, 0, 0.27, 0.88 ] },
                "east": { "texture": "#yellow_concrete", "uv": [ 0, 0, 0.2, 0.88 ] },
                "south": { "texture": "#yellow_concrete", "uv": [ 0, 0, 0.27, 0.88 ] },
                "west": { "texture": "#yellow_concrete", "uv": [ 0, 0, 0.2, 0.88 ] },
                "up": { "texture": "#yellow_concrete", "uv": [ 0, 0, 0.27, 0.2 ] },
                "down": { "texture": "#yellow_concrete", "uv": [ 0, 0, 0.27, 0.2 ] }
            }
        },
        {
            "name": "Thunder",
            "from": [ 1.04, 22.838, 0.53 ], 
            "to": [ 1.23, 23.818, 0.73 ], 
            "faces": {
                "north": { "texture": "#yellow_concrete", "uv": [ 0, 0, 0.19, 0.98 ] },
                "east": { "texture": "#yellow_concrete", "uv": [ 0, 0, 0.2, 0.98 ] },
                "south": { "texture": "#yellow_concrete", "uv": [ 0, 0, 0.19, 0.98 ] },
                "west": { "texture": "#yellow_concrete", "uv": [ 0, 0, 0.2, 0.98 ] },
                "up": { "texture": "#yellow_concrete", "uv": [ 0, 0, 0.19, 0.2 ] },
                "down": { "texture": "#yellow_concrete", "uv": [ 0, 0, 0.19, 0.2 ] }
            }
        },
        {
            "name": "Thunder",
            "from": [ 0.69, 24.07, 0.53 ], 
            "to": [ 0.9, 28.35, 0.73 ], 
            "faces": {
                "north": { "texture": "#yellow_concrete", "uv": [ 0, 0, 0.21, 4.28 ] },
                "east": { "texture": "#yellow_concrete", "uv": [ 0, 0, 0.2, 4.28 ] },
                "south": { "texture": "#yellow_concrete", "uv": [ 0, 0, 0.21, 4.28 ] },
                "west": { "texture": "#yellow_concrete", "uv": [ 0, 0, 0.2, 4.28 ] },
                "up": { "texture": "#yellow_concrete", "uv": [ 0, 0, 0.21, 0.2 ] },
                "down": { "texture": "#yellow_concrete", "uv": [ 0, 0, 0.21, 0.2 ] }
            }
        },
        {
            "name": "Thunder",
            "from": [ 0.43, 28.52, 0.53 ], 
            "to": [ 0.7, 29.6, 0.73 ], 
            "faces": {
                "north": { "texture": "#yellow_concrete", "uv": [ 0, 0, 0.27, 1.08 ] },
                "east": { "texture": "#yellow_concrete", "uv": [ 0, 0, 0.2, 1.08 ] },
                "south": { "texture": "#yellow_concrete", "uv": [ 0, 0, 0.27, 1.08 ] },
                "west": { "texture": "#yellow_concrete", "uv": [ 0, 0, 0.2, 1.08 ] },
                "up": { "texture": "#yellow_concrete", "uv": [ 0, 0, 0.27, 0.2 ] },
                "down": { "texture": "#yellow_concrete", "uv": [ 0, 0, 0.27, 0.2 ] }
            }
        },
        {
            "name": "Thunder",
            "from": [ -0.79, 10.43, 0.53 ], 
            "to": [ -0.52, 11.07, 0.73 ], 
            "rotation": { "origin": [ 8, 8, 8 ], "axis": "z", "angle": -22.5 },
            "faces": {
                "north": { "texture": "#yellow_concrete", "uv": [ 0, 0, 0.27, 0.64 ] },
                "east": { "texture": "#yellow_concrete", "uv": [ 0, 0, 0.2, 0.64 ] },
                "south": { "texture": "#yellow_concrete", "uv": [ 0, 0, 0.27, 0.64 ] },
                "west": { "texture": "#yellow_concrete", "uv": [ 0, 0, 0.2, 0.64 ] },
                "up": { "texture": "#yellow_concrete", "uv": [ 0, 0, 0.27, 0.2 ] },
                "down": { "texture": "#yellow_concrete", "uv": [ 0, 0, 0.27, 0.2 ] }
            }
        },
        {
            "name": "Thunder",
            "from": [ 3.45, 15.83, 0.53 ], 
            "to": [ 3.72, 16.9, 0.73 ], 
            "rotation": { "origin": [ 8, 8, 8 ], "axis": "z", "angle": 22.5 },
            "faces": {
                "north": { "texture": "#yellow_concrete", "uv": [ 0, 0, 0.27, 1.07 ] },
                "east": { "texture": "#yellow_concrete", "uv": [ 0, 0, 0.2, 1.07 ] },
                "south": { "texture": "#yellow_concrete", "uv": [ 0, 0, 0.27, 1.07 ] },
                "west": { "texture": "#yellow_concrete", "uv": [ 0, 0, 0.2, 1.07 ] },
                "up": { "texture": "#yellow_concrete", "uv": [ 0, 0, 0.27, 0.2 ] },
                "down": { "texture": "#yellow_concrete", "uv": [ 0, 0, 0.27, 0.2 ] }
            }
        },
        {
            "name": "Thunder",
            "from": [ -2.51, 7.74, 0.53 ], 
            "to": [ -2.24, 8.37, 0.73 ], 
            "rotation": { "origin": [ 8, 8, 8 ], "axis": "z", "angle": -45.0 },
            "faces": {
                "north": { "texture": "#yellow_concrete", "uv": [ 0, 0, 0.27, 0.63 ] },
                "east": { "texture": "#yellow_concrete", "uv": [ 0, 0, 0.2, 0.63 ] },
                "south": { "texture": "#yellow_concrete", "uv": [ 0, 0, 0.27, 0.63 ] },
                "west": { "texture": "#yellow_concrete", "uv": [ 0, 0, 0.2, 0.63 ] },
                "up": { "texture": "#yellow_concrete", "uv": [ 0, 0, 0.27, 0.2 ] },
                "down": { "texture": "#yellow_concrete", "uv": [ 0, 0, 0.27, 0.2 ] }
            }
        },
        {
            "name": "Thunder",
            "from": [ 8.31, 18.42, 0.53 ], 
            "to": [ 8.56, 19.1, 0.73 ], 
            "rotation": { "origin": [ 8, 8, 8 ], "axis": "z", "angle": 45.0 },
            "faces": {
                "north": { "texture": "#yellow_concrete", "uv": [ 0, 0, 0.25, 0.68 ] },
                "east": { "texture": "#yellow_concrete", "uv": [ 0, 0, 0.2, 0.68 ] },
                "south": { "texture": "#yellow_concrete", "uv": [ 0, 0, 0.25, 0.68 ] },
                "west": { "texture": "#yellow_concrete", "uv": [ 0, 0, 0.2, 0.68 ] },
                "up": { "texture": "#yellow_concrete", "uv": [ 0, 0, 0.25, 0.2 ] },
                "down": { "texture": "#yellow_concrete", "uv": [ 0, 0, 0.25, 0.2 ] }
            }
        },
        {
            "name": "Thunder",
            "from": [ -3.93, 9.23, 0.53 ], 
            "to": [ -3.65, 9.92, 0.73 ], 
            "rotation": { "origin": [ 8, 8, 8 ], "axis": "z", "angle": -45.0 },
            "faces": {
                "north": { "texture": "#yellow_concrete", "uv": [ 0, 0, 0.28, 0.69 ] },
                "east": { "texture": "#yellow_concrete", "uv": [ 0, 0, 0.2, 0.69 ] },
                "south": { "texture": "#yellow_concrete", "uv": [ 0, 0, 0.28, 0.69 ] },
                "west": { "texture": "#yellow_concrete", "uv": [ 0, 0, 0.2, 0.69 ] },
                "up": { "texture": "#yellow_concrete", "uv": [ 0, 0, 0.28, 0.2 ] },
                "down": { "texture": "#yellow_concrete", "uv": [ 0, 0, 0.28, 0.2 ] }
            }
        },
        {
            "name": "Thunder",
            "from": [ 9.14, 19.87, 0.53 ], 
            "to": [ 9.38, 20.1, 0.73 ], 
            "rotation": { "origin": [ 8, 8, 8 ], "axis": "z", "angle": 45.0 },
            "faces": {
                "north": { "texture": "#yellow_concrete", "uv": [ 0, 0, 0.24, 0.23 ] },
                "east": { "texture": "#yellow_concrete", "uv": [ 0, 0, 0.2, 0.23 ] },
                "south": { "texture": "#yellow_concrete", "uv": [ 0, 0, 0.24, 0.23 ] },
                "west": { "texture": "#yellow_concrete", "uv": [ 0, 0, 0.2, 0.23 ] },
                "up": { "texture": "#yellow_concrete", "uv": [ 0, 0, 0.24, 0.2 ] },
                "down": { "texture": "#yellow_concrete", "uv": [ 0, 0, 0.24, 0.2 ] }
            }
        },
        {
            "name": "Thunder",
            "from": [ -4.78, 10.74, 0.53 ], 
            "to": [ -4.5, 11.13, 0.73 ], 
            "rotation": { "origin": [ 8, 8, 8 ], "axis": "z", "angle": -45.0 },
            "faces": {
                "north": { "texture": "#yellow_concrete", "uv": [ 0, 0, 0.28, 0.39 ] },
                "east": { "texture": "#yellow_concrete", "uv": [ 0, 0, 0.2, 0.39 ] },
                "south": { "texture": "#yellow_concrete", "uv": [ 0, 0, 0.28, 0.39 ] },
                "west": { "texture": "#yellow_concrete", "uv": [ 0, 0, 0.2, 0.39 ] },
                "up": { "texture": "#yellow_concrete", "uv": [ 0, 0, 0.28, 0.2 ] },
                "down": { "texture": "#yellow_concrete", "uv": [ 0, 0, 0.28, 0.2 ] }
            }
        },
        {
            "name": "Thunder",
            "from": [ 9.86, 19.87, 0.53 ], 
            "to": [ 10.1, 20.56, 0.73 ], 
            "rotation": { "origin": [ 8, 8, 8 ], "axis": "z", "angle": 45.0 },
            "faces": {
                "north": { "texture": "#yellow_concrete", "uv": [ 0, 0, 0.24, 0.69 ] },
                "east": { "texture": "#yellow_concrete", "uv": [ 0, 0, 0.2, 0.69 ] },
                "south": { "texture": "#yellow_concrete", "uv": [ 0, 0, 0.24, 0.69 ] },
                "west": { "texture": "#yellow_concrete", "uv": [ 0, 0, 0.2, 0.69 ] },
                "up": { "texture": "#yellow_concrete", "uv": [ 0, 0, 0.24, 0.2 ] },
                "down": { "texture": "#yellow_concrete", "uv": [ 0, 0, 0.24, 0.2 ] }
            }
        },
        {
            "name": "Thunder",
            "from": [ -5.33, 10.64, 0.53 ], 
            "to": [ -5.09, 11.12, 0.73 ], 
            "rotation": { "origin": [ 8, 8, 8 ], "axis": "z", "angle": -45.0 },
            "faces": {
                "north": { "texture": "#yellow_concrete", "uv": [ 0, 0, 0.24, 0.48 ] },
                "east": { "texture": "#yellow_concrete", "uv": [ 0, 0, 0.2, 0.48 ] },
                "south": { "texture": "#yellow_concrete", "uv": [ 0, 0, 0.24, 0.48 ] },
                "west": { "texture": "#yellow_concrete", "uv": [ 0, 0, 0.2, 0.48 ] },
                "up": { "texture": "#yellow_concrete", "uv": [ 0, 0, 0.24, 0.2 ] },
                "down": { "texture": "#yellow_concrete", "uv": [ 0, 0, 0.24, 0.2 ] }
            }
        },
        {
            "name": "Thunder",
            "from": [ 11.51, 21.7, 0.53 ], 
            "to": [ 11.75, 22.26, 0.73 ], 
            "rotation": { "origin": [ 8, 8, 8 ], "axis": "z", "angle": 45.0 },
            "faces": {
                "north": { "texture": "#yellow_concrete", "uv": [ 0, 0, 0.24, 0.56 ] },
                "east": { "texture": "#yellow_concrete", "uv": [ 0, 0, 0.2, 0.56 ] },
                "south": { "texture": "#yellow_concrete", "uv": [ 0, 0, 0.24, 0.56 ] },
                "west": { "texture": "#yellow_concrete", "uv": [ 0, 0, 0.2, 0.56 ] },
                "up": { "texture": "#yellow_concrete", "uv": [ 0, 0, 0.24, 0.2 ] },
                "down": { "texture": "#yellow_concrete", "uv": [ 0, 0, 0.24, 0.2 ] }
            }
        },
        {
            "name": "Thunder",
            "from": [ -6.92, 12.17, 0.53 ], 
            "to": [ -6.68, 12.67, 0.73 ], 
            "rotation": { "origin": [ 8, 8, 8 ], "axis": "z", "angle": -45.0 },
            "faces": {
                "north": { "texture": "#yellow_concrete", "uv": [ 0, 0, 0.24, 0.5 ] },
                "east": { "texture": "#yellow_concrete", "uv": [ 0, 0, 0.2, 0.5 ] },
                "south": { "texture": "#yellow_concrete", "uv": [ 0, 0, 0.24, 0.5 ] },
                "west": { "texture": "#yellow_concrete", "uv": [ 0, 0, 0.2, 0.5 ] },
                "up": { "texture": "#yellow_concrete", "uv": [ 0, 0, 0.24, 0.2 ] },
                "down": { "texture": "#yellow_concrete", "uv": [ 0, 0, 0.24, 0.2 ] }
            }
        },
        {
            "name": "Thunder",
            "from": [ 13.03, 23.29, 0.53 ], 
            "to": [ 13.27, 23.85, 0.73 ], 
            "rotation": { "origin": [ 8, 8, 8 ], "axis": "z", "angle": 45.0 },
            "faces": {
                "north": { "texture": "#yellow_concrete", "uv": [ 0, 0, 0.24, 0.56 ] },
                "east": { "texture": "#yellow_concrete", "uv": [ 0, 0, 0.2, 0.56 ] },
                "south": { "texture": "#yellow_concrete", "uv": [ 0, 0, 0.24, 0.56 ] },
                "west": { "texture": "#yellow_concrete", "uv": [ 0, 0, 0.2, 0.56 ] },
                "up": { "texture": "#yellow_concrete", "uv": [ 0, 0, 0.24, 0.2 ] },
                "down": { "texture": "#yellow_concrete", "uv": [ 0, 0, 0.24, 0.2 ] }
            }
        },
        {
            "name": "Thunder",
            "from": [ -7.46, 13.14, 0.53 ], 
            "to": [ -7.28, 13.7, 0.73 ], 
            "rotation": { "origin": [ 8, 8, 8 ], "axis": "z", "angle": -45.0 },
            "faces": {
                "north": { "texture": "#yellow_concrete", "uv": [ 0, 0, 0.18, 0.56 ] },
                "east": { "texture": "#yellow_concrete", "uv": [ 0, 0, 0.2, 0.56 ] },
                "south": { "texture": "#yellow_concrete", "uv": [ 0, 0, 0.18, 0.56 ] },
                "west": { "texture": "#yellow_concrete", "uv": [ 0, 0, 0.2, 0.56 ] },
                "up": { "texture": "#yellow_concrete", "uv": [ 0, 0, 0.18, 0.2 ] },
                "down": { "texture": "#yellow_concrete", "uv": [ 0, 0, 0.18, 0.2 ] }
            }
        },
        {
            "name": "Thunder",
            "from": [ 14.2, 23.97, 0.53 ], 
            "to": [ 14.4, 24.53, 0.73 ], 
            "rotation": { "origin": [ 8, 8, 8 ], "axis": "z", "angle": 45.0 },
            "faces": {
                "north": { "texture": "#yellow_concrete", "uv": [ 0, 0, 0.2, 0.56 ] },
                "east": { "texture": "#yellow_concrete", "uv": [ 0, 0, 0.2, 0.56 ] },
                "south": { "texture": "#yellow_concrete", "uv": [ 0, 0, 0.2, 0.56 ] },
                "west": { "texture": "#yellow_concrete", "uv": [ 0, 0, 0.2, 0.56 ] },
                "up": { "texture": "#yellow_concrete", "uv": [ 0, 0, 0.2, 0.2 ] },
                "down": { "texture": "#yellow_concrete", "uv": [ 0, 0, 0.2, 0.2 ] }
            }
        },
        {
            "name": "Thunder",
            "from": [ 15.2, 25.47, 0.53 ], 
            "to": [ 15.4, 26.03, 0.73 ], 
            "rotation": { "origin": [ 8, 8, 8 ], "axis": "z", "angle": 45.0 },
            "faces": {
                "north": { "texture": "#yellow_concrete", "uv": [ 0, 0, 0.2, 0.56 ] },
                "east": { "texture": "#yellow_concrete", "uv": [ 0, 0, 0.2, 0.56 ] },
                "south": { "texture": "#yellow_concrete", "uv": [ 0, 0, 0.2, 0.56 ] },
                "west": { "texture": "#yellow_concrete", "uv": [ 0, 0, 0.2, 0.56 ] },
                "up": { "texture": "#yellow_concrete", "uv": [ 0, 0, 0.2, 0.2 ] },
                "down": { "texture": "#yellow_concrete", "uv": [ 0, 0, 0.2, 0.2 ] }
            }
        },
        {
            "name": "Thunder",
            "from": [ -8.76, 14.54, 0.53 ], 
            "to": [ -8.58, 15.1, 0.73 ], 
            "rotation": { "origin": [ 8, 8, 8 ], "axis": "z", "angle": -45.0 },
            "faces": {
                "north": { "texture": "#yellow_concrete", "uv": [ 0, 0, 0.18, 0.56 ] },
                "east": { "texture": "#yellow_concrete", "uv": [ 0, 0, 0.2, 0.56 ] },
                "south": { "texture": "#yellow_concrete", "uv": [ 0, 0, 0.18, 0.56 ] },
                "west": { "texture": "#yellow_concrete", "uv": [ 0, 0, 0.2, 0.56 ] },
                "up": { "texture": "#yellow_concrete", "uv": [ 0, 0, 0.18, 0.2 ] },
                "down": { "texture": "#yellow_concrete", "uv": [ 0, 0, 0.18, 0.2 ] }
            }
        },
        {
            "name": "Thunder",
            "from": [ -10.87, 16.56, 0.53 ], 
            "to": [ -10.69, 17.12, 0.73 ], 
            "rotation": { "origin": [ 8, 8, 8 ], "axis": "z", "angle": -45.0 },
            "faces": {
                "north": { "texture": "#yellow_concrete", "uv": [ 0, 0, 0.18, 0.56 ] },
                "east": { "texture": "#yellow_concrete", "uv": [ 0, 0, 0.2, 0.56 ] },
                "south": { "texture": "#yellow_concrete", "uv": [ 0, 0, 0.18, 0.56 ] },
                "west": { "texture": "#yellow_concrete", "uv": [ 0, 0, 0.2, 0.56 ] },
                "up": { "texture": "#yellow_concrete", "uv": [ 0, 0, 0.18, 0.2 ] },
                "down": { "texture": "#yellow_concrete", "uv": [ 0, 0, 0.18, 0.2 ] }
            }
        },
        {
            "name": "Thunder",
            "from": [ 17.16, 27.4, 0.53 ], 
            "to": [ 17.36, 27.86, 0.73 ], 
            "rotation": { "origin": [ 8, 8, 8 ], "axis": "z", "angle": 45.0 },
            "faces": {
                "north": { "texture": "#yellow_concrete", "uv": [ 0, 0, 0.2, 0.46 ] },
                "east": { "texture": "#yellow_concrete", "uv": [ 0, 0, 0.2, 0.46 ] },
                "south": { "texture": "#yellow_concrete", "uv": [ 0, 0, 0.2, 0.46 ] },
                "west": { "texture": "#yellow_concrete", "uv": [ 0, 0, 0.2, 0.46 ] },
                "up": { "texture": "#yellow_concrete", "uv": [ 0, 0, 0.2, 0.2 ] },
                "down": { "texture": "#yellow_concrete", "uv": [ 0, 0, 0.2, 0.2 ] }
            }
        },
        {
            "name": "Thunder",
            "from": [ -1.79, 12.46, 0.53 ], 
            "to": [ -1.52, 13.1, 0.73 ], 
            "rotation": { "origin": [ 8, 8, 8 ], "axis": "z", "angle": -22.5 },
            "faces": {
                "north": { "texture": "#yellow_concrete", "uv": [ 0, 0, 0.27, 0.64 ] },
                "east": { "texture": "#yellow_concrete", "uv": [ 0, 0, 0.2, 0.64 ] },
                "south": { "texture": "#yellow_concrete", "uv": [ 0, 0, 0.27, 0.64 ] },
                "west": { "texture": "#yellow_concrete", "uv": [ 0, 0, 0.2, 0.64 ] },
                "up": { "texture": "#yellow_concrete", "uv": [ 0, 0, 0.27, 0.2 ] },
                "down": { "texture": "#yellow_concrete", "uv": [ 0, 0, 0.27, 0.2 ] }
            }
        },
        {
            "name": "Thunder",
            "from": [ -3.79, 16.84, 0.53 ], 
            "to": [ -3.59, 17.48, 0.73 ], 
            "rotation": { "origin": [ 8, 8, 8 ], "axis": "z", "angle": -22.5 },
            "faces": {
                "north": { "texture": "#yellow_concrete", "uv": [ 0, 0, 0.2, 0.64 ] },
                "east": { "texture": "#yellow_concrete", "uv": [ 0, 0, 0.2, 0.64 ] },
                "south": { "texture": "#yellow_concrete", "uv": [ 0, 0, 0.2, 0.64 ] },
                "west": { "texture": "#yellow_concrete", "uv": [ 0, 0, 0.2, 0.64 ] },
                "up": { "texture": "#yellow_concrete", "uv": [ 0, 0, 0.2, 0.2 ] },
                "down": { "texture": "#yellow_concrete", "uv": [ 0, 0, 0.2, 0.2 ] }
            }
        },
        {
            "name": "Thunder",
            "from": [ 13.83, 23.64, 0.53 ], 
            "to": [ 14.03, 24.2, 0.73 ], 
            "rotation": { "origin": [ 8, 8, 8 ], "axis": "z", "angle": 45.0 },
            "faces": {
                "north": { "texture": "#yellow_concrete", "uv": [ 0, 0, 0.2, 0.56 ] },
                "east": { "texture": "#yellow_concrete", "uv": [ 0, 0, 0.2, 0.56 ] },
                "south": { "texture": "#yellow_concrete", "uv": [ 0, 0, 0.2, 0.56 ] },
                "west": { "texture": "#yellow_concrete", "uv": [ 0, 0, 0.2, 0.56 ] },
                "up": { "texture": "#yellow_concrete", "uv": [ 0, 0, 0.2, 0.2 ] },
                "down": { "texture": "#yellow_concrete", "uv": [ 0, 0, 0.2, 0.2 ] }
            }
        },
        {
            "name": "Handle",
            "from": [ 0.29, 12, -0.84 ], 
            "to": [ 1.7, 12.5, 2.01 ], 
            "faces": {
                "north": { "texture": "#white_concrete", "uv": [ 0, 0, 1.41, 0.5 ] },
                "east": { "texture": "#white_concrete", "uv": [ 0, 0, 2.85, 0.5 ] },
                "south": { "texture": "#white_concrete", "uv": [ 0, 0, 1.41, 0.5 ] },
                "west": { "texture": "#white_concrete", "uv": [ 0, 0, 2.85, 0.5 ] },
                "up": { "texture": "#white_concrete", "uv": [ 0, 0, 1.41, 2.85 ] },
                "down": { "texture": "#white_concrete", "uv": [ 0, 0, 1.41, 2.85 ] }
            }
        },
        {
            "name": "Handle",
            "from": [ 0.53, 12, -1.1 ], 
            "to": [ 1.41, 12.5, 2.32 ], 
            "faces": {
                "north": { "texture": "#white_concrete", "uv": [ 0, 0, 0.88, 0.5 ] },
                "east": { "texture": "#white_concrete", "uv": [ 0, 0, 3.42, 0.5 ] },
                "south": { "texture": "#white_concrete", "uv": [ 0, 0, 0.88, 0.5 ] },
                "west": { "texture": "#white_concrete", "uv": [ 0, 0, 3.42, 0.5 ] },
                "up": { "texture": "#white_concrete", "uv": [ 0, 0, 0.88, 3.42 ] },
                "down": { "texture": "#white_concrete", "uv": [ 0, 0, 0.88, 3.42 ] }
            }
        },
        {
            "name": "Handle",
            "from": [ -0.6, 12, 0.2 ], 
            "to": [ 2.59, 12.5, 1.1 ], 
            "faces": {
                "north": { "texture": "#white_concrete", "uv": [ 0, 0, 3.19, 0.5 ] },
                "east": { "texture": "#white_concrete", "uv": [ 0, 0, 0.9, 0.5 ] },
                "south": { "texture": "#white_concrete", "uv": [ 0, 0, 3.19, 0.5 ] },
                "west": { "texture": "#white_concrete", "uv": [ 0, 0, 0.9, 0.5 ] },
                "up": { "texture": "#white_concrete", "uv": [ 0, 0, 3.19, 0.9 ] },
                "down": { "texture": "#white_concrete", "uv": [ 0, 0, 3.19, 0.9 ] }
            }
        },
        {
            "name": "Handle",
            "from": [ -0.72, 11.99, 0.25 ], 
            "to": [ -0.52, 12.51, 1.11 ], 
            "faces": {
                "north": { "texture": "#yellow_concrete", "uv": [ 0, 0, 0.2, 0.52 ] },
                "east": { "texture": "#yellow_concrete", "uv": [ 0, 0, 0.86, 0.52 ] },
                "south": { "texture": "#yellow_concrete", "uv": [ 0, 0, 0.2, 0.52 ] },
                "west": { "texture": "#yellow_concrete", "uv": [ 0, 0, 0.86, 0.52 ] },
                "up": { "texture": "#yellow_concrete", "uv": [ 0, 0, 0.2, 0.86 ] },
                "down": { "texture": "#yellow_concrete", "uv": [ 0, 0, 0.2, 0.86 ] }
            }
        },
        {
            "name": "Handle",
            "from": [ -3.65, 11.99, 8.15 ], 
            "to": [ -3.45, 12.51, 8.68 ], 
            "rotation": { "origin": [ 8, 8, 8 ], "axis": "y", "angle": -45.0 },
            "faces": {
                "north": { "texture": "#yellow_concrete", "uv": [ 0, 0, 0.2, 0.52 ] },
                "east": { "texture": "#yellow_concrete", "uv": [ 0, 0, 0.53, 0.52 ] },
                "south": { "texture": "#yellow_concrete", "uv": [ 0, 0, 0.2, 0.52 ] },
                "west": { "texture": "#yellow_concrete", "uv": [ 0, 0, 0.53, 0.52 ] },
                "up": { "texture": "#yellow_concrete", "uv": [ 0, 0, 0.2, 0.53 ] },
                "down": { "texture": "#yellow_concrete", "uv": [ 0, 0, 0.2, 0.53 ] }
            }
        },
        {
            "name": "Handle",
            "from": [ -0.35, 11.99, -0.13 ], 
            "to": [ 0.21, 12.51, 0.07 ], 
            "faces": {
                "north": { "texture": "#yellow_concrete", "uv": [ 0, 0, 0.56, 0.52 ] },
                "east": { "texture": "#yellow_concrete", "uv": [ 0, 0, 0.2, 0.52 ] },
                "south": { "texture": "#yellow_concrete", "uv": [ 0, 0, 0.56, 0.52 ] },
                "west": { "texture": "#yellow_concrete", "uv": [ 0, 0, 0.2, 0.52 ] },
                "up": { "texture": "#yellow_concrete", "uv": [ 0, 0, 0.56, 0.2 ] },
                "down": { "texture": "#yellow_concrete", "uv": [ 0, 0, 0.56, 0.2 ] }
            }
        },
        {
            "name": "Handle",
            "from": [ 0.16, 11.99, -0.74 ], 
            "to": [ 0.36, 12.51, -0.069 ], 
            "faces": {
                "north": { "texture": "#yellow_concrete", "uv": [ 0, 0, 0.2, 0.52 ] },
                "east": { "texture": "#yellow_concrete", "uv": [ 0, 0, 0.671, 0.52 ] },
                "south": { "texture": "#yellow_concrete", "uv": [ 0, 0, 0.2, 0.52 ] },
                "west": { "texture": "#yellow_concrete", "uv": [ 0, 0, 0.671, 0.52 ] },
                "up": { "texture": "#yellow_concrete", "uv": [ 0, 0, 0.2, 0.671 ] },
                "down": { "texture": "#yellow_concrete", "uv": [ 0, 0, 0.2, 0.671 ] }
            }
        },
        {
            "name": "Handle",
            "from": [ 8.1, 11.99, -3.31 ], 
            "to": [ 8.3, 12.51, -3.11 ], 
            "rotation": { "origin": [ 8, 8, 8 ], "axis": "y", "angle": 45.0 },
            "faces": {
                "north": { "texture": "#yellow_concrete", "uv": [ 0, 0, 0.2, 0.52 ] },
                "east": { "texture": "#yellow_concrete", "uv": [ 0, 0, 0.2, 0.52 ] },
                "south": { "texture": "#yellow_concrete", "uv": [ 0, 0, 0.2, 0.52 ] },
                "west": { "texture": "#yellow_concrete", "uv": [ 0, 0, 0.2, 0.52 ] },
                "up": { "texture": "#yellow_concrete", "uv": [ 0, 0, 0.2, 0.2 ] },
                "down": { "texture": "#yellow_concrete", "uv": [ 0, 0, 0.2, 0.2 ] }
            }
        },
        {
            "name": "Handle",
            "from": [ -3.72, 11.99, 6.83 ], 
            "to": [ -3.52, 12.51, 7.36 ], 
            "rotation": { "origin": [ 8, 8, 8 ], "axis": "y", "angle": -45.0 },
            "faces": {
                "north": { "texture": "#yellow_concrete", "uv": [ 0, 0, 0.2, 0.52 ] },
                "east": { "texture": "#yellow_concrete", "uv": [ 0, 0, 0.53, 0.52 ] },
                "south": { "texture": "#yellow_concrete", "uv": [ 0, 0, 0.2, 0.52 ] },
                "west": { "texture": "#yellow_concrete", "uv": [ 0, 0, 0.53, 0.52 ] },
                "up": { "texture": "#yellow_concrete", "uv": [ 0, 0, 0.2, 0.53 ] },
                "down": { "texture": "#yellow_concrete", "uv": [ 0, 0, 0.2, 0.53 ] }
            }
        },
        {
            "name": "Handle",
            "from": [ 0.54, 11.99, -1.11 ], 
            "to": [ 1.42, 12.51, -0.91 ], 
            "faces": {
                "north": { "texture": "#yellow_concrete", "uv": [ 0, 0, 0.88, 0.52 ] },
                "east": { "texture": "#yellow_concrete", "uv": [ 0, 0, 0.2, 0.52 ] },
                "south": { "texture": "#yellow_concrete", "uv": [ 0, 0, 0.88, 0.52 ] },
                "west": { "texture": "#yellow_concrete", "uv": [ 0, 0, 0.2, 0.52 ] },
                "up": { "texture": "#yellow_concrete", "uv": [ 0, 0, 0.88, 0.2 ] },
                "down": { "texture": "#yellow_concrete", "uv": [ 0, 0, 0.88, 0.2 ] }
            }
        },
        {
            "name": "Handle",
            "from": [ 9.59, 11.99, -3.09 ], 
            "to": [ 9.79, 12.51, -2.56 ], 
            "rotation": { "origin": [ 8, 8, 8 ], "axis": "y", "angle": 45.0 },
            "faces": {
                "north": { "texture": "#yellow_concrete", "uv": [ 0, 0, 0.2, 0.52 ] },
                "east": { "texture": "#yellow_concrete", "uv": [ 0, 0, 0.53, 0.52 ] },
                "south": { "texture": "#yellow_concrete", "uv": [ 0, 0, 0.2, 0.52 ] },
                "west": { "texture": "#yellow_concrete", "uv": [ 0, 0, 0.53, 0.52 ] },
                "up": { "texture": "#yellow_concrete", "uv": [ 0, 0, 0.2, 0.53 ] },
                "down": { "texture": "#yellow_concrete", "uv": [ 0, 0, 0.2, 0.53 ] }
            }
        },
        {
            "name": "Handle",
            "from": [ 1.6, 11.99, -0.74 ], 
            "to": [ 1.8, 12.51, -0.069 ], 
            "faces": {
                "north": { "texture": "#yellow_concrete", "uv": [ 0, 0, 0.2, 0.52 ] },
                "east": { "texture": "#yellow_concrete", "uv": [ 0, 0, 0.671, 0.52 ] },
                "south": { "texture": "#yellow_concrete", "uv": [ 0, 0, 0.2, 0.52 ] },
                "west": { "texture": "#yellow_concrete", "uv": [ 0, 0, 0.671, 0.52 ] },
                "up": { "texture": "#yellow_concrete", "uv": [ 0, 0, 0.2, 0.671 ] },
                "down": { "texture": "#yellow_concrete", "uv": [ 0, 0, 0.2, 0.671 ] }
            }
        },
        {
            "name": "Handle",
            "from": [ 9.18, 11.99, -2.23 ], 
            "to": [ 9.38, 12.51, -2.03 ], 
            "rotation": { "origin": [ 8, 8, 8 ], "axis": "y", "angle": 45.0 },
            "faces": {
                "north": { "texture": "#yellow_concrete", "uv": [ 0, 0, 0.2, 0.52 ] },
                "east": { "texture": "#yellow_concrete", "uv": [ 0, 0, 0.2, 0.52 ] },
                "south": { "texture": "#yellow_concrete", "uv": [ 0, 0, 0.2, 0.52 ] },
                "west": { "texture": "#yellow_concrete", "uv": [ 0, 0, 0.2, 0.52 ] },
                "up": { "texture": "#yellow_concrete", "uv": [ 0, 0, 0.2, 0.2 ] },
                "down": { "texture": "#yellow_concrete", "uv": [ 0, 0, 0.2, 0.2 ] }
            }
        },
        {
            "name": "Handle",
            "from": [ 1.74, 11.99, -0.13 ], 
            "to": [ 2.3, 12.51, 0.07 ], 
            "faces": {
                "north": { "texture": "#yellow_concrete", "uv": [ 0, 0, 0.56, 0.52 ] },
                "east": { "texture": "#yellow_concrete", "uv": [ 0, 0, 0.2, 0.52 ] },
                "south": { "texture": "#yellow_concrete", "uv": [ 0, 0, 0.56, 0.52 ] },
                "west": { "texture": "#yellow_concrete", "uv": [ 0, 0, 0.2, 0.52 ] },
                "up": { "texture": "#yellow_concrete", "uv": [ 0, 0, 0.56, 0.2 ] },
                "down": { "texture": "#yellow_concrete", "uv": [ 0, 0, 0.56, 0.2 ] }
            }
        },
        {
            "name": "Handle",
            "from": [ 9.52, 11.99, -1.78 ], 
            "to": [ 9.72, 12.51, -1.24 ], 
            "rotation": { "origin": [ 8, 8, 8 ], "axis": "y", "angle": 45.0 },
            "faces": {
                "north": { "texture": "#yellow_concrete", "uv": [ 0, 0, 0.2, 0.52 ] },
                "east": { "texture": "#yellow_concrete", "uv": [ 0, 0, 0.54, 0.52 ] },
                "south": { "texture": "#yellow_concrete", "uv": [ 0, 0, 0.2, 0.52 ] },
                "west": { "texture": "#yellow_concrete", "uv": [ 0, 0, 0.54, 0.52 ] },
                "up": { "texture": "#yellow_concrete", "uv": [ 0, 0, 0.2, 0.54 ] },
                "down": { "texture": "#yellow_concrete", "uv": [ 0, 0, 0.2, 0.54 ] }
            }
        },
        {
            "name": "Handle",
            "from": [ 2.48, 11.99, 0.25 ], 
            "to": [ 2.68, 12.51, 1.021 ], 
            "faces": {
                "north": { "texture": "#yellow_concrete", "uv": [ 0, 0, 0.2, 0.52 ] },
                "east": { "texture": "#yellow_concrete", "uv": [ 0, 0, 0.771, 0.52 ] },
                "south": { "texture": "#yellow_concrete", "uv": [ 0, 0, 0.2, 0.52 ] },
                "west": { "texture": "#yellow_concrete", "uv": [ 0, 0, 0.771, 0.52 ] },
                "up": { "texture": "#yellow_concrete", "uv": [ 0, 0, 0.2, 0.771 ] },
                "down": { "texture": "#yellow_concrete", "uv": [ 0, 0, 0.2, 0.771 ] }
            }
        },
        {
            "name": "Handle",
            "from": [ -0.9, 11.99, 6.82 ], 
            "to": [ -0.7, 12.51, 7.35 ], 
            "rotation": { "origin": [ 8, 8, 8 ], "axis": "y", "angle": -45.0 },
            "faces": {
                "north": { "texture": "#yellow_concrete", "uv": [ 0, 0, 0.2, 0.52 ] },
                "east": { "texture": "#yellow_concrete", "uv": [ 0, 0, 0.53, 0.52 ] },
                "south": { "texture": "#yellow_concrete", "uv": [ 0, 0, 0.2, 0.52 ] },
                "west": { "texture": "#yellow_concrete", "uv": [ 0, 0, 0.53, 0.52 ] },
                "up": { "texture": "#yellow_concrete", "uv": [ 0, 0, 0.2, 0.53 ] },
                "down": { "texture": "#yellow_concrete", "uv": [ 0, 0, 0.2, 0.53 ] }
            }
        },
        {
            "name": "Handle",
            "from": [ 1.74, 11.99, 1.18 ], 
            "to": [ 2.3, 12.51, 1.38 ], 
            "faces": {
                "north": { "texture": "#yellow_concrete", "uv": [ 0, 0, 0.56, 0.52 ] },
                "east": { "texture": "#yellow_concrete", "uv": [ 0, 0, 0.2, 0.52 ] },
                "south": { "texture": "#yellow_concrete", "uv": [ 0, 0, 0.56, 0.52 ] },
                "west": { "texture": "#yellow_concrete", "uv": [ 0, 0, 0.2, 0.52 ] },
                "up": { "texture": "#yellow_concrete", "uv": [ 0, 0, 0.56, 0.2 ] },
                "down": { "texture": "#yellow_concrete", "uv": [ 0, 0, 0.56, 0.2 ] }
            }
        },
        {
            "name": "Handle",
            "from": [ 8.2, 11.99, -1.25 ], 
            "to": [ 8.4, 12.51, -1.05 ], 
            "rotation": { "origin": [ 8, 8, 8 ], "axis": "y", "angle": 45.0 },
            "faces": {
                "north": { "texture": "#yellow_concrete", "uv": [ 0, 0, 0.2, 0.52 ] },
                "east": { "texture": "#yellow_concrete", "uv": [ 0, 0, 0.2, 0.52 ] },
                "south": { "texture": "#yellow_concrete", "uv": [ 0, 0, 0.2, 0.52 ] },
                "west": { "texture": "#yellow_concrete", "uv": [ 0, 0, 0.2, 0.52 ] },
                "up": { "texture": "#yellow_concrete", "uv": [ 0, 0, 0.2, 0.2 ] },
                "down": { "texture": "#yellow_concrete", "uv": [ 0, 0, 0.2, 0.2 ] }
            }
        },
        {
            "name": "Handle",
            "from": [ 1.6, 11.99, 1.32 ], 
            "to": [ 1.8, 12.51, 1.991 ], 
            "faces": {
                "north": { "texture": "#yellow_concrete", "uv": [ 0, 0, 0.2, 0.52 ] },
                "east": { "texture": "#yellow_concrete", "uv": [ 0, 0, 0.671, 0.52 ] },
                "south": { "texture": "#yellow_concrete", "uv": [ 0, 0, 0.2, 0.52 ] },
                "west": { "texture": "#yellow_concrete", "uv": [ 0, 0, 0.671, 0.52 ] },
                "up": { "texture": "#yellow_concrete", "uv": [ 0, 0, 0.2, 0.671 ] },
                "down": { "texture": "#yellow_concrete", "uv": [ 0, 0, 0.2, 0.671 ] }
            }
        },
        {
            "name": "Handle",
            "from": [ -0.84, 11.99, 8.14 ], 
            "to": [ -0.64, 12.51, 8.67 ], 
            "rotation": { "origin": [ 8, 8, 8 ], "axis": "y", "angle": -45.0 },
            "faces": {
                "north": { "texture": "#yellow_concrete", "uv": [ 0, 0, 0.2, 0.52 ] },
                "east": { "texture": "#yellow_concrete", "uv": [ 0, 0, 0.53, 0.52 ] },
                "south": { "texture": "#yellow_concrete", "uv": [ 0, 0, 0.2, 0.52 ] },
                "west": { "texture": "#yellow_concrete", "uv": [ 0, 0, 0.53, 0.52 ] },
                "up": { "texture": "#yellow_concrete", "uv": [ 0, 0, 0.2, 0.53 ] },
                "down": { "texture": "#yellow_concrete", "uv": [ 0, 0, 0.2, 0.53 ] }
            }
        },
        {
            "name": "Handle",
            "from": [ 0.54, 11.99, 2.17 ], 
            "to": [ 1.42, 12.51, 2.37 ], 
            "faces": {
                "north": { "texture": "#yellow_concrete", "uv": [ 0, 0, 0.88, 0.52 ] },
                "east": { "texture": "#yellow_concrete", "uv": [ 0, 0, 0.2, 0.52 ] },
                "south": { "texture": "#yellow_concrete", "uv": [ 0, 0, 0.88, 0.52 ] },
                "west": { "texture": "#yellow_concrete", "uv": [ 0, 0, 0.2, 0.52 ] },
                "up": { "texture": "#yellow_concrete", "uv": [ 0, 0, 0.88, 0.2 ] },
                "down": { "texture": "#yellow_concrete", "uv": [ 0, 0, 0.88, 0.2 ] }
            }
        },
        {
            "name": "Handle",
            "from": [ 6.71, 11.99, -3.04 ], 
            "to": [ 6.91, 12.51, -2.5 ], 
            "rotation": { "origin": [ 8, 8, 8 ], "axis": "y", "angle": 45.0 },
            "faces": {
                "north": { "texture": "#yellow_concrete", "uv": [ 0, 0, 0.2, 0.52 ] },
                "east": { "texture": "#yellow_concrete", "uv": [ 0, 0, 0.54, 0.52 ] },
                "south": { "texture": "#yellow_concrete", "uv": [ 0, 0, 0.2, 0.52 ] },
                "west": { "texture": "#yellow_concrete", "uv": [ 0, 0, 0.54, 0.52 ] },
                "up": { "texture": "#yellow_concrete", "uv": [ 0, 0, 0.2, 0.54 ] },
                "down": { "texture": "#yellow_concrete", "uv": [ 0, 0, 0.2, 0.54 ] }
            }
        },
        {
            "name": "Handle",
            "from": [ -0.33, 11.99, 1.29 ], 
            "to": [ 0.23, 12.51, 1.49 ], 
            "faces": {
                "north": { "texture": "#yellow_concrete", "uv": [ 0, 0, 0.56, 0.52 ] },
                "east": { "texture": "#yellow_concrete", "uv": [ 0, 0, 0.2, 0.52 ] },
                "south": { "texture": "#yellow_concrete", "uv": [ 0, 0, 0.56, 0.52 ] },
                "west": { "texture": "#yellow_concrete", "uv": [ 0, 0, 0.2, 0.52 ] },
                "up": { "texture": "#yellow_concrete", "uv": [ 0, 0, 0.56, 0.2 ] },
                "down": { "texture": "#yellow_concrete", "uv": [ 0, 0, 0.56, 0.2 ] }
            }
        },
        {
            "name": "Handle",
            "from": [ 7.06, 11.99, -2.24 ], 
            "to": [ 7.26, 12.51, -1.91 ], 
            "rotation": { "origin": [ 8, 8, 8 ], "axis": "y", "angle": 45.0 },
            "faces": {
                "north": { "texture": "#yellow_concrete", "uv": [ 0, 0, 0.2, 0.52 ] },
                "east": { "texture": "#yellow_concrete", "uv": [ 0, 0, 0.33, 0.52 ] },
                "south": { "texture": "#yellow_concrete", "uv": [ 0, 0, 0.2, 0.52 ] },
                "west": { "texture": "#yellow_concrete", "uv": [ 0, 0, 0.33, 0.52 ] },
                "up": { "texture": "#yellow_concrete", "uv": [ 0, 0, 0.2, 0.33 ] },
                "down": { "texture": "#yellow_concrete", "uv": [ 0, 0, 0.2, 0.33 ] }
            }
        },
        {
            "name": "Handle",
            "from": [ 0.27, 11.99, 1.51 ], 
            "to": [ 0.47, 12.51, 2.091 ], 
            "faces": {
                "north": { "texture": "#yellow_concrete", "uv": [ 0, 0, 0.2, 0.52 ] },
                "east": { "texture": "#yellow_concrete", "uv": [ 0, 0, 0.581, 0.52 ] },
                "south": { "texture": "#yellow_concrete", "uv": [ 0, 0, 0.2, 0.52 ] },
                "west": { "texture": "#yellow_concrete", "uv": [ 0, 0, 0.581, 0.52 ] },
                "up": { "texture": "#yellow_concrete", "uv": [ 0, 0, 0.2, 0.581 ] },
                "down": { "texture": "#yellow_concrete", "uv": [ 0, 0, 0.2, 0.581 ] }
            }
        },
        {
            "name": "Handle",
            "from": [ 6.71, 11.99, -1.64 ], 
            "to": [ 6.91, 12.51, -1.25 ], 
            "rotation": { "origin": [ 8, 8, 8 ], "axis": "y", "angle": 45.0 },
            "faces": {
                "north": { "texture": "#yellow_concrete", "uv": [ 0, 0, 0.2, 0.52 ] },
                "east": { "texture": "#yellow_concrete", "uv": [ 0, 0, 0.39, 0.52 ] },
                "south": { "texture": "#yellow_concrete", "uv": [ 0, 0, 0.2, 0.52 ] },
                "west": { "texture": "#yellow_concrete", "uv": [ 0, 0, 0.39, 0.52 ] },
                "up": { "texture": "#yellow_concrete", "uv": [ 0, 0, 0.2, 0.39 ] },
                "down": { "texture": "#yellow_concrete", "uv": [ 0, 0, 0.2, 0.39 ] }
            }
        },
        {
            "name": "Handle",
            "from": [ 0.45, 12, 1.7 ], 
            "to": [ 1.55, 12.5, 2.12 ], 
            "faces": {
                "east": { "texture": "#white_concrete", "uv": [ 0, 0, 0.42, 0.5 ] },
                "south": { "texture": "#white_concrete", "uv": [ 0, 0, 1.1, 0.5 ] },
                "west": { "texture": "#white_concrete", "uv": [ 0, 0, 0.42, 0.5 ] },
                "up": { "texture": "#white_concrete", "uv": [ 0, 0, 1.1, 0.42 ] },
                "down": { "texture": "#white_concrete", "uv": [ 0, 0, 1.1, 0.42 ] }
            }
        },
        {
            "name": "Handle",
            "from": [ 0.15, 12, 1.15 ], 
            "to": [ 0.33, 12.5, 1.39 ], 
            "faces": {
                "south": { "texture": "#white_concrete", "uv": [ 0, 0, 0.18, 0.5 ] },
                "west": { "texture": "#white_concrete", "uv": [ 0, 0, 0.24, 0.5 ] },
                "up": { "texture": "#white_concrete", "uv": [ 0, 0, 0.18, 0.24 ] },
                "down": { "texture": "#white_concrete", "uv": [ 0, 0, 0.18, 0.24 ] }
            }
        },
        {
            "name": "Handle",
            "from": [ -0.46, 12, 0.95 ], 
            "to": [ -0.28, 12.5, 1.19 ], 
            "faces": {
                "south": { "texture": "#white_concrete", "uv": [ 0, 0, 0.18, 0.5 ] },
                "west": { "texture": "#white_concrete", "uv": [ 0, 0, 0.24, 0.5 ] },
                "up": { "texture": "#white_concrete", "uv": [ 0, 0, 0.18, 0.24 ] },
                "down": { "texture": "#white_concrete", "uv": [ 0, 0, 0.18, 0.24 ] }
            }
        },
        {
            "name": "White",
            "from": [ 0.31, 1, 0.4 ], 
            "to": [ 1.8, 12, 0.9 ], 
            "faces": {
                "north": { "texture": "#white_concrete", "uv": [ 0, 0, 1.49, 11 ] },
                "east": { "texture": "#white_concrete", "uv": [ 0, 0, 0.5, 11 ] },
                "south": { "texture": "#white_concrete", "uv": [ 0, 0, 1.49, 11 ] },
                "west": { "texture": "#white_concrete", "uv": [ 0, 0, 0.5, 11 ] }
            }
        },
        {
            "name": "White",
            "from": [ 7.58, 1, -2.46 ], 
            "to": [ 8.38, 12, -2.18 ], 
            "rotation": { "origin": [ 8, 8, 8 ], "axis": "y", "angle": 45.0 },
            "faces": {
                "north": { "texture": "#white_concrete", "uv": [ 0, 0, 0.8, 11 ] },
                "east": { "texture": "#white_concrete", "uv": [ 0, 0, 0.28, 11 ] },
                "south": { "texture": "#white_concrete", "uv": [ 0, 0, 0.8, 11 ] },
                "west": { "texture": "#white_concrete", "uv": [ 0, 0, 0.28, 11 ] },
                "up": { "texture": "#white_concrete", "uv": [ 0, 0, 0.8, 0.28 ] },
                "down": { "texture": "#white_concrete", "uv": [ 0, 0, 0.8, 0.28 ] }
            }
        },
        {
            "name": "White",
            "from": [ 8.578, 1, -2.04 ], 
            "to": [ 8.988, 12, -1.76 ], 
            "rotation": { "origin": [ 8, 8, 8 ], "axis": "y", "angle": 45.0 },
            "faces": {
                "north": { "texture": "#white_concrete", "uv": [ 0, 0, 0.41, 11 ] },
                "east": { "texture": "#white_concrete", "uv": [ 0, 0, 0.28, 11 ] },
                "south": { "texture": "#white_concrete", "uv": [ 0, 0, 0.41, 11 ] },
                "west": { "texture": "#white_concrete", "uv": [ 0, 0, 0.28, 11 ] },
                "up": { "texture": "#white_concrete", "uv": [ 0, 0, 0.41, 0.28 ] },
                "down": { "texture": "#white_concrete", "uv": [ 0, 0, 0.41, 0.28 ] }
            }
        },
        {
            "name": "White",
            "from": [ -2.21, 1, 7.33 ], 
            "to": [ -1.41, 12, 7.61 ], 
            "rotation": { "origin": [ 8, 8, 8 ], "axis": "y", "angle": -45.0 },
            "faces": {
                "north": { "texture": "#white_concrete", "uv": [ 0, 0, 0.8, 11 ] },
                "east": { "texture": "#white_concrete", "uv": [ 0, 0, 0.28, 11 ] },
                "south": { "texture": "#white_concrete", "uv": [ 0, 0, 0.8, 11 ] },
                "west": { "texture": "#white_concrete", "uv": [ 0, 0, 0.28, 11 ] },
                "up": { "texture": "#white_concrete", "uv": [ 0, 0, 0.8, 0.28 ] },
                "down": { "texture": "#white_concrete", "uv": [ 0, 0, 0.8, 0.28 ] }
            }
        },
        {
            "name": "White",
            "from": [ -2.81, 1, 7.78 ], 
            "to": [ -2.01, 12, 8.06 ], 
            "rotation": { "origin": [ 8, 8, 8 ], "axis": "y", "angle": -45.0 },
            "faces": {
                "north": { "texture": "#white_concrete", "uv": [ 0, 0, 0.8, 11 ] },
                "east": { "texture": "#white_concrete", "uv": [ 0, 0, 0.28, 11 ] },
                "south": { "texture": "#white_concrete", "uv": [ 0, 0, 0.8, 11 ] },
                "west": { "texture": "#white_concrete", "uv": [ 0, 0, 0.28, 11 ] },
                "up": { "texture": "#white_concrete", "uv": [ 0, 0, 0.8, 0.28 ] },
                "down": { "texture": "#white_concrete", "uv": [ 0, 0, 0.8, 0.28 ] }
            }
        },
        {
            "name": "Yellow",
            "from": [ 0.62, 1.8, 0.19 ], 
            "to": [ 1.42, 2.1, 1.11 ], 
            "faces": {
                "north": { "texture": "#yellow_concrete", "uv": [ 0, 0, 0.8, 0.3 ] },
                "east": { "texture": "#yellow_concrete", "uv": [ 0, 0, 0.92, 0.3 ] },
                "south": { "texture": "#yellow_concrete", "uv": [ 0, 0, 0.8, 0.3 ] },
                "west": { "texture": "#yellow_concrete", "uv": [ 0, 0, 0.92, 0.3 ] },
                "up": { "texture": "#yellow_concrete", "uv": [ 0, 0, 0.8, 0.92 ] },
                "down": { "texture": "#yellow_concrete", "uv": [ 0, 0, 0.8, 0.92 ] }
            }
        },
        {
            "name": "Yellow",
            "from": [ 0.62, 2.8, 0.19 ], 
            "to": [ 1.42, 3.1, 1.11 ], 
            "faces": {
                "north": { "texture": "#yellow_concrete", "uv": [ 0, 0, 0.8, 0.3 ] },
                "east": { "texture": "#yellow_concrete", "uv": [ 0, 0, 0.92, 0.3 ] },
                "south": { "texture": "#yellow_concrete", "uv": [ 0, 0, 0.8, 0.3 ] },
                "west": { "texture": "#yellow_concrete", "uv": [ 0, 0, 0.92, 0.3 ] },
                "up": { "texture": "#yellow_concrete", "uv": [ 0, 0, 0.8, 0.92 ] },
                "down": { "texture": "#yellow_concrete", "uv": [ 0, 0, 0.8, 0.92 ] }
            }
        },
        {
            "name": "Yellow",
            "from": [ 0.62, 3.8, 0.19 ], 
            "to": [ 1.42, 4.1, 1.11 ], 
            "faces": {
                "north": { "texture": "#yellow_concrete", "uv": [ 0, 0, 0.8, 0.3 ] },
                "east": { "texture": "#yellow_concrete", "uv": [ 0, 0, 0.92, 0.3 ] },
                "south": { "texture": "#yellow_concrete", "uv": [ 0, 0, 0.8, 0.3 ] },
                "west": { "texture": "#yellow_concrete", "uv": [ 0, 0, 0.92, 0.3 ] },
                "up": { "texture": "#yellow_concrete", "uv": [ 0, 0, 0.8, 0.92 ] },
                "down": { "texture": "#yellow_concrete", "uv": [ 0, 0, 0.8, 0.92 ] }
            }
        },
        {
            "name": "Yellow",
            "from": [ 0.62, 4.8, 0.19 ], 
            "to": [ 1.42, 5.1, 1.11 ], 
            "faces": {
                "north": { "texture": "#yellow_concrete", "uv": [ 0, 0, 0.8, 0.3 ] },
                "east": { "texture": "#yellow_concrete", "uv": [ 0, 0, 0.92, 0.3 ] },
                "south": { "texture": "#yellow_concrete", "uv": [ 0, 0, 0.8, 0.3 ] },
                "west": { "texture": "#yellow_concrete", "uv": [ 0, 0, 0.92, 0.3 ] },
                "up": { "texture": "#yellow_concrete", "uv": [ 0, 0, 0.8, 0.92 ] },
                "down": { "texture": "#yellow_concrete", "uv": [ 0, 0, 0.8, 0.92 ] }
            }
        },
        {
            "name": "Yellow",
            "from": [ 0.62, 5.8, 0.19 ], 
            "to": [ 1.42, 6.1, 1.11 ], 
            "faces": {
                "north": { "texture": "#yellow_concrete", "uv": [ 0, 0, 0.8, 0.3 ] },
                "east": { "texture": "#yellow_concrete", "uv": [ 0, 0, 0.92, 0.3 ] },
                "south": { "texture": "#yellow_concrete", "uv": [ 0, 0, 0.8, 0.3 ] },
                "west": { "texture": "#yellow_concrete", "uv": [ 0, 0, 0.92, 0.3 ] },
                "up": { "texture": "#yellow_concrete", "uv": [ 0, 0, 0.8, 0.92 ] },
                "down": { "texture": "#yellow_concrete", "uv": [ 0, 0, 0.8, 0.92 ] }
            }
        },
        {
            "name": "Yellow",
            "from": [ 0.62, 6.8, 0.19 ], 
            "to": [ 1.42, 7.1, 1.11 ], 
            "faces": {
                "north": { "texture": "#yellow_concrete", "uv": [ 0, 0, 0.8, 0.3 ] },
                "east": { "texture": "#yellow_concrete", "uv": [ 0, 0, 0.92, 0.3 ] },
                "south": { "texture": "#yellow_concrete", "uv": [ 0, 0, 0.8, 0.3 ] },
                "west": { "texture": "#yellow_concrete", "uv": [ 0, 0, 0.92, 0.3 ] },
                "up": { "texture": "#yellow_concrete", "uv": [ 0, 0, 0.8, 0.92 ] },
                "down": { "texture": "#yellow_concrete", "uv": [ 0, 0, 0.8, 0.92 ] }
            }
        },
        {
            "name": "Yellow",
            "from": [ 0.62, 7.8, 0.19 ], 
            "to": [ 1.42, 8.1, 1.11 ], 
            "faces": {
                "north": { "texture": "#yellow_concrete", "uv": [ 0, 0, 0.8, 0.3 ] },
                "east": { "texture": "#yellow_concrete", "uv": [ 0, 0, 0.92, 0.3 ] },
                "south": { "texture": "#yellow_concrete", "uv": [ 0, 0, 0.8, 0.3 ] },
                "west": { "texture": "#yellow_concrete", "uv": [ 0, 0, 0.92, 0.3 ] },
                "up": { "texture": "#yellow_concrete", "uv": [ 0, 0, 0.8, 0.92 ] },
                "down": { "texture": "#yellow_concrete", "uv": [ 0, 0, 0.8, 0.92 ] }
            }
        },
        {
            "name": "Yellow",
            "from": [ 0.62, 8.8, 0.19 ], 
            "to": [ 1.42, 9.1, 1.11 ], 
            "faces": {
                "north": { "texture": "#yellow_concrete", "uv": [ 0, 0, 0.8, 0.3 ] },
                "east": { "texture": "#yellow_concrete", "uv": [ 0, 0, 0.92, 0.3 ] },
                "south": { "texture": "#yellow_concrete", "uv": [ 0, 0, 0.8, 0.3 ] },
                "west": { "texture": "#yellow_concrete", "uv": [ 0, 0, 0.92, 0.3 ] },
                "up": { "texture": "#yellow_concrete", "uv": [ 0, 0, 0.8, 0.92 ] },
                "down": { "texture": "#yellow_concrete", "uv": [ 0, 0, 0.8, 0.92 ] }
            }
        },
        {
            "name": "Yellow",
            "from": [ 0.62, 9.8, 0.19 ], 
            "to": [ 1.42, 10.1, 1.11 ], 
            "faces": {
                "north": { "texture": "#yellow_concrete", "uv": [ 0, 0, 0.8, 0.3 ] },
                "east": { "texture": "#yellow_concrete", "uv": [ 0, 0, 0.92, 0.3 ] },
                "south": { "texture": "#yellow_concrete", "uv": [ 0, 0, 0.8, 0.3 ] },
                "west": { "texture": "#yellow_concrete", "uv": [ 0, 0, 0.92, 0.3 ] },
                "up": { "texture": "#yellow_concrete", "uv": [ 0, 0, 0.8, 0.92 ] },
                "down": { "texture": "#yellow_concrete", "uv": [ 0, 0, 0.8, 0.92 ] }
            }
        },
        {
            "name": "Yellow",
            "from": [ 0.62, 10.8, 0.19 ], 
            "to": [ 1.42, 11.1, 1.11 ], 
            "faces": {
                "north": { "texture": "#yellow_concrete", "uv": [ 0, 0, 0.8, 0.3 ] },
                "east": { "texture": "#yellow_concrete", "uv": [ 0, 0, 0.92, 0.3 ] },
                "south": { "texture": "#yellow_concrete", "uv": [ 0, 0, 0.8, 0.3 ] },
                "west": { "texture": "#yellow_concrete", "uv": [ 0, 0, 0.92, 0.3 ] },
                "up": { "texture": "#yellow_concrete", "uv": [ 0, 0, 0.8, 0.92 ] },
                "down": { "texture": "#yellow_concrete", "uv": [ 0, 0, 0.8, 0.92 ] }
            }
        },
        {
            "name": "Yellow",
            "from": [ 0.62, 11.6, 0.19 ], 
            "to": [ 1.42, 11.9, 1.11 ], 
            "faces": {
                "north": { "texture": "#yellow_concrete", "uv": [ 0, 0, 0.8, 0.3 ] },
                "east": { "texture": "#yellow_concrete", "uv": [ 0, 0, 0.92, 0.3 ] },
                "south": { "texture": "#yellow_concrete", "uv": [ 0, 0, 0.8, 0.3 ] },
                "west": { "texture": "#yellow_concrete", "uv": [ 0, 0, 0.92, 0.3 ] },
                "up": { "texture": "#yellow_concrete", "uv": [ 0, 0, 0.8, 0.92 ] },
                "down": { "texture": "#yellow_concrete", "uv": [ 0, 0, 0.8, 0.92 ] }
            }
        }
    ]
}