{
    "__comment": "Made with TheDestruc7i0n's advancements generator: https://advancements.thedestruc7i0n.ca",
    "display": {
        "title": {
            "text": "Demon slayer datapack",
            "color": "red",
            "italic": false
        },
        "description": {
            "text": "Thanks for downloading the datapack! :D",
            "color": "gold"
        },
        "icon": {
            "item": "minecraft:carrot_on_a_stick",
            "nbt": "{CustomModelData:100b}"
        },
        "frame": "challenge",
        "show_toast": false,
        "announce_to_chat": false,
        "hidden": false,
        "background": "minecraft:textures/gui/advancements/backgrounds/stone.png"
    },
    "criteria": {
        "get": {
            "trigger": "minecraft:tick"
        }
    }
}