{
	"credit": "Made with Blockbench",
	"textures": {
		"3": "block/red_concrete",
		"4": "block/super_light_gray",
		"5": "block/orange_concrete_powder",
		"6": "block/cyan_concrete",
		"7": "block/gray_concrete",
		"particle": "block/super_light_gray",
		"black_concrete": "block/black_concrete",
		"white_concrete": "block/white_concrete"
	},
	"elements": [
		{
			"name": "White",
			"from": [0.96408, -11.925, -0.09569],
			"to": [1.26908, -10.925, 0.36431],
			"rotation": {"angle": 45, "axis": "y", "origin": [0.90033, -6.1625, 0.58581]},
			"faces": {
				"north": {"uv": [0, 0, 0.28, 11], "texture": "#5"},
				"east": {"uv": [0, 0, 0.41, 11], "texture": "#5"},
				"south": {"uv": [0, 0, 0.28, 11], "texture": "#5"},
				"west": {"uv": [0, 0, 0.41, 11], "texture": "#5"},
				"up": {"uv": [0, 0, 0.41, 0.28], "rotation": 270, "texture": "#5"},
				"down": {"uv": [0, 0, 0.41, 0.28], "rotation": 90, "texture": "#5"}
			}
		},
		{
			"from": [0.47952, -11.925, 0.06114],
			"to": [1.44952, -11.275, 1.23614],
			"rotation": {"angle": 0, "axis": "y", "origin": [0.90033, -6.1625, 0.58581]},
			"faces": {
				"north": {"uv": [0, 0, 0.97, 1], "texture": "#5"},
				"east": {"uv": [0, 0, 1.175, 1], "texture": "#5"},
				"south": {"uv": [0, 0, 0.97, 1], "texture": "#5"},
				"west": {"uv": [0, 0, 1.175, 1], "texture": "#5"},
				"up": {"uv": [0, 0, 1.175, 0.97], "rotation": 270, "texture": "#5"},
				"down": {"uv": [0, 0, 1.175, 0.97], "rotation": 90, "texture": "#5"}
			}
		},
		{
			"from": [0.47952, -11.275, 0.06114],
			"to": [1.44952, -10.925, 0.43614],
			"rotation": {"angle": 0, "axis": "y", "origin": [0.90033, -6.1625, 0.58581]},
			"faces": {
				"north": {"uv": [0, 0, 0.97, 1], "texture": "#5"},
				"east": {"uv": [0, 0, 1.175, 1], "texture": "#5"},
				"south": {"uv": [0, 0, 0.97, 1], "texture": "#5"},
				"west": {"uv": [0, 0, 1.175, 1], "texture": "#5"},
				"up": {"uv": [0, 0, 1.175, 0.97], "rotation": 270, "texture": "#5"},
				"down": {"uv": [0, 0, 1.175, 0.97], "rotation": 90, "texture": "#5"}
			}
		},
		{
			"from": [0.47952, -11.275, 0.86114],
			"to": [1.44952, -10.925, 1.23614],
			"rotation": {"angle": 0, "axis": "y", "origin": [0.90033, -6.1625, 0.58581]},
			"faces": {
				"north": {"uv": [0, 0, 0.97, 1], "texture": "#5"},
				"east": {"uv": [0, 0, 1.175, 1], "texture": "#5"},
				"south": {"uv": [0, 0, 0.97, 1], "texture": "#5"},
				"west": {"uv": [0, 0, 1.175, 1], "texture": "#5"},
				"up": {"uv": [0, 0, 1.175, 0.97], "rotation": 270, "texture": "#5"},
				"down": {"uv": [0, 0, 1.175, 0.97], "rotation": 90, "texture": "#5"}
			}
		},
		{
			"from": [0.47952, -11.275, 0.43614],
			"to": [1.44952, -10.925, 0.86114],
			"rotation": {"angle": 0, "axis": "y", "origin": [0.90033, -6.1625, 0.58581]},
			"faces": {
				"north": {"uv": [0, 0, 0.97, 1], "texture": "#black_concrete"},
				"east": {"uv": [0, 0, 1.175, 1], "texture": "#black_concrete"},
				"south": {"uv": [0, 0, 0.97, 1], "texture": "#black_concrete"},
				"west": {"uv": [0, 0, 1.175, 1], "texture": "#black_concrete"},
				"up": {"uv": [0, 0, 1.175, 0.97], "rotation": 270, "texture": "#black_concrete"},
				"down": {"uv": [0, 0, 1.175, 0.97], "rotation": 90, "texture": "#black_concrete"}
			}
		},
		{
			"name": "White",
			"from": [0.14408, -11.925, 0.74731],
			"to": [0.94408, -10.925, 1.02731],
			"rotation": {"angle": 45, "axis": "y", "origin": [0.90033, -6.1625, 0.58581]},
			"faces": {
				"north": {"uv": [0, 0, 0.8, 11], "texture": "#5"},
				"east": {"uv": [0, 0, 0.28, 11], "texture": "#5"},
				"south": {"uv": [0, 0, 0.8, 11], "texture": "#5"},
				"west": {"uv": [0, 0, 0.28, 11], "texture": "#5"},
				"up": {"uv": [0, 0, 0.8, 0.28], "texture": "#5"},
				"down": {"uv": [0, 0, 0.8, 0.28], "texture": "#5"}
			}
		},
		{
			"from": [0.67952, -11.925, -0.16386],
			"to": [1.24952, -10.925, 1.43614],
			"rotation": {"angle": 0, "axis": "y", "origin": [0.90033, -6.1625, 0.58581]},
			"faces": {
				"north": {"uv": [0, 0, 0.57, 1], "texture": "#5"},
				"east": {"uv": [0, 0, 1.6, 1], "texture": "#5"},
				"south": {"uv": [0, 0, 0.57, 1], "texture": "#5"},
				"west": {"uv": [0, 0, 1.6, 1], "texture": "#5"},
				"up": {"uv": [0, 0, 1.6, 0.57], "rotation": 270, "texture": "#5"},
				"down": {"uv": [0, 0, 1.6, 0.57], "rotation": 90, "texture": "#5"}
			}
		},
		{
			"name": "White",
			"from": [0.54408, -11.925, 0.63731],
			"to": [0.82408, -10.925, 1.43731],
			"rotation": {"angle": 45, "axis": "y", "origin": [0.90033, -6.1625, 0.58581]},
			"faces": {
				"north": {"uv": [0, 0, 0.28, 11], "texture": "#5"},
				"east": {"uv": [0, 0, 0.8, 11], "texture": "#5"},
				"south": {"uv": [0, 0, 0.28, 11], "texture": "#5"},
				"west": {"uv": [0, 0, 0.8, 11], "texture": "#5"},
				"up": {"uv": [0, 0, 0.8, 0.28], "rotation": 270, "texture": "#5"},
				"down": {"uv": [0, 0, 0.8, 0.28], "rotation": 90, "texture": "#5"}
			}
		},
		{
			"name": "White",
			"from": [0.84408, -11.925, 0.29731],
			"to": [1.66908, -10.925, 0.60231],
			"rotation": {"angle": 45, "axis": "y", "origin": [0.90033, -6.1625, 0.58581]},
			"faces": {
				"north": {"uv": [0, 0, 0.8, 11], "texture": "#5"},
				"east": {"uv": [0, 0, 0.28, 11], "texture": "#5"},
				"south": {"uv": [0, 0, 0.8, 11], "texture": "#5"},
				"west": {"uv": [0, 0, 0.28, 11], "texture": "#5"},
				"up": {"uv": [0, 0, 0.8, 0.28], "texture": "#5"},
				"down": {"uv": [0, 0, 0.8, 0.28], "texture": "#5"}
			}
		},
		{
			"name": "White",
			"from": [0.51452, -11.475, 0.11114],
			"to": [1.41452, -0.475, 1.20114],
			"rotation": {"angle": 0, "axis": "y", "origin": [0.90033, -6.1625, 0.58581]},
			"faces": {
				"north": {"uv": [0, 0, 0.9, 11], "texture": "#3"},
				"east": {"uv": [0, 0, 1.09, 11], "texture": "#3"},
				"south": {"uv": [0, 0, 0.9, 11], "texture": "#3"},
				"west": {"uv": [0, 0, 1.09, 11], "texture": "#3"},
				"up": {"uv": [0, 0, 0, 0], "rotation": 270, "texture": "#3"},
				"down": {"uv": [0, 0, 0, 0], "rotation": 90, "texture": "#3"}
			}
		},
		{
			"name": "White",
			"from": [0.19408, -11.475, 0.74731],
			"to": [0.99408, -0.475, 1.02731],
			"rotation": {"angle": 45, "axis": "y", "origin": [0.90033, -6.1625, 0.58581]},
			"faces": {
				"north": {"uv": [0, 0, 0.8, 11], "texture": "#3"},
				"east": {"uv": [0, 0, 0.28, 11], "texture": "#3"},
				"south": {"uv": [0, 0, 0.8, 11], "texture": "#3"},
				"west": {"uv": [0, 0, 0.28, 11], "texture": "#3"},
				"up": {"uv": [0, 0, 0.8, 0.28], "texture": "#3"},
				"down": {"uv": [0, 0, 0.8, 0.28], "texture": "#3"}
			}
		},
		{
			"name": "White",
			"from": [0.96408, -11.475, -0.02069],
			"to": [1.24408, -0.475, 0.38931],
			"rotation": {"angle": 45, "axis": "y", "origin": [0.90033, -6.1625, 0.58581]},
			"faces": {
				"north": {"uv": [0, 0, 0.28, 11], "texture": "#3"},
				"east": {"uv": [0, 0, 0.41, 11], "texture": "#3"},
				"south": {"uv": [0, 0, 0.28, 11], "texture": "#3"},
				"west": {"uv": [0, 0, 0.41, 11], "texture": "#3"},
				"up": {"uv": [0, 0, 0.41, 0.28], "rotation": 270, "texture": "#3"},
				"down": {"uv": [0, 0, 0.41, 0.28], "rotation": 90, "texture": "#3"}
			}
		},
		{
			"name": "White",
			"from": [0.71452, -11.475, -0.08886],
			"to": [1.21452, -0.475, 1.40114],
			"rotation": {"angle": 0, "axis": "y", "origin": [0.90033, -6.1625, 0.58581]},
			"faces": {
				"north": {"uv": [0, 0, 0.5, 11], "texture": "#3"},
				"east": {"uv": [0, 0, 1.49, 11], "texture": "#3"},
				"south": {"uv": [0, 0, 0.5, 11], "texture": "#3"},
				"west": {"uv": [0, 0, 1.49, 11], "texture": "#3"},
				"up": {"uv": [0, 0, 0, 0], "rotation": 270, "texture": "#3"},
				"down": {"uv": [0, 0, 0, 0], "rotation": 90, "texture": "#3"}
			}
		},
		{
			"name": "White",
			"from": [0.54408, -11.475, 0.58731],
			"to": [0.82408, -0.475, 1.38731],
			"rotation": {"angle": 45, "axis": "y", "origin": [0.90033, -6.1625, 0.58581]},
			"faces": {
				"north": {"uv": [0, 0, 0.28, 11], "texture": "#3"},
				"east": {"uv": [0, 0, 0.8, 11], "texture": "#3"},
				"south": {"uv": [0, 0, 0.28, 11], "texture": "#3"},
				"west": {"uv": [0, 0, 0.8, 11], "texture": "#3"},
				"up": {"uv": [0, 0, 0.8, 0.28], "rotation": 270, "texture": "#3"},
				"down": {"uv": [0, 0, 0.8, 0.28], "rotation": 90, "texture": "#3"}
			}
		},
		{
			"name": "White",
			"from": [0.79408, -11.475, 0.29731],
			"to": [1.59408, -0.475, 0.57731],
			"rotation": {"angle": 45, "axis": "y", "origin": [0.90033, -6.1625, 0.58581]},
			"faces": {
				"north": {"uv": [0, 0, 0.8, 11], "texture": "#3"},
				"east": {"uv": [0, 0, 0.28, 11], "texture": "#3"},
				"south": {"uv": [0, 0, 0.8, 11], "texture": "#3"},
				"west": {"uv": [0, 0, 0.28, 11], "texture": "#3"},
				"up": {"uv": [0, 0, 0.8, 0.28], "texture": "#3"},
				"down": {"uv": [0, 0, 0.8, 0.28], "texture": "#3"}
			}
		},
		{
			"name": "Yellow",
			"from": [0.45452, -3.3, 0.29114],
			"to": [1.47452, -3, 1.09114],
			"rotation": {"angle": 0, "axis": "y", "origin": [0.90033, -6.1625, 0.58581]},
			"faces": {
				"north": {"uv": [0, 0, 0.92, 0.3], "texture": "#black_concrete"},
				"east": {"uv": [0, 0, 0.8, 0.3], "texture": "#black_concrete"},
				"south": {"uv": [0, 0, 0.92, 0.3], "texture": "#black_concrete"},
				"west": {"uv": [0, 0, 0.8, 0.3], "texture": "#black_concrete"},
				"up": {"uv": [0, 0, 0.8, 0.92], "rotation": 270, "texture": "#black_concrete"},
				"down": {"uv": [0, 0, 0.8, 0.92], "rotation": 90, "texture": "#black_concrete"}
			}
		},
		{
			"name": "Yellow",
			"from": [0.45452, -1.675, 0.29114],
			"to": [1.47452, -1.375, 1.09114],
			"rotation": {"angle": 0, "axis": "y", "origin": [0.90033, -6.1625, 0.58581]},
			"faces": {
				"north": {"uv": [0, 0, 0.92, 0.3], "texture": "#black_concrete"},
				"east": {"uv": [0, 0, 0.8, 0.3], "texture": "#black_concrete"},
				"south": {"uv": [0, 0, 0.92, 0.3], "texture": "#black_concrete"},
				"west": {"uv": [0, 0, 0.8, 0.3], "texture": "#black_concrete"},
				"up": {"uv": [0, 0, 0.8, 0.92], "rotation": 270, "texture": "#black_concrete"},
				"down": {"uv": [0, 0, 0.8, 0.92], "rotation": 90, "texture": "#black_concrete"}
			}
		},
		{
			"name": "Yellow",
			"from": [0.45452, -2.45, 0.29114],
			"to": [1.47452, -2.15, 1.09114],
			"rotation": {"angle": 0, "axis": "y", "origin": [0.90033, -6.1625, 0.58581]},
			"faces": {
				"north": {"uv": [0, 0, 0.92, 0.3], "texture": "#black_concrete"},
				"east": {"uv": [0, 0, 0.8, 0.3], "texture": "#black_concrete"},
				"south": {"uv": [0, 0, 0.92, 0.3], "texture": "#black_concrete"},
				"west": {"uv": [0, 0, 0.8, 0.3], "texture": "#black_concrete"},
				"up": {"uv": [0, 0, 0.8, 0.92], "rotation": 270, "texture": "#black_concrete"},
				"down": {"uv": [0, 0, 0.8, 0.92], "rotation": 90, "texture": "#black_concrete"}
			}
		},
		{
			"name": "Yellow",
			"from": [0.45452, -0.875, 0.29114],
			"to": [1.47452, -0.575, 1.09114],
			"rotation": {"angle": 0, "axis": "y", "origin": [0.90033, -6.1625, 0.58581]},
			"faces": {
				"north": {"uv": [0, 0, 0.92, 0.3], "texture": "#black_concrete"},
				"east": {"uv": [0, 0, 0.8, 0.3], "texture": "#black_concrete"},
				"south": {"uv": [0, 0, 0.92, 0.3], "texture": "#black_concrete"},
				"west": {"uv": [0, 0, 0.8, 0.3], "texture": "#black_concrete"},
				"up": {"uv": [0, 0, 0.8, 0.92], "rotation": 270, "texture": "#black_concrete"},
				"down": {"uv": [0, 0, 0.8, 0.92], "rotation": 90, "texture": "#black_concrete"}
			}
		},
		{
			"name": "Yellow",
			"from": [0.45452, -6.525, 0.29114],
			"to": [1.47452, -6.225, 1.09114],
			"rotation": {"angle": 0, "axis": "y", "origin": [0.90033, -6.1625, 0.58581]},
			"faces": {
				"north": {"uv": [0, 0, 0.92, 0.3], "texture": "#black_concrete"},
				"east": {"uv": [0, 0, 0.8, 0.3], "texture": "#black_concrete"},
				"south": {"uv": [0, 0, 0.92, 0.3], "texture": "#black_concrete"},
				"west": {"uv": [0, 0, 0.8, 0.3], "texture": "#black_concrete"},
				"up": {"uv": [0, 0, 0.8, 0.92], "rotation": 270, "texture": "#black_concrete"},
				"down": {"uv": [0, 0, 0.8, 0.92], "rotation": 90, "texture": "#black_concrete"}
			}
		},
		{
			"name": "Yellow",
			"from": [0.45452, -5.675, 0.29114],
			"to": [1.47452, -5.375, 1.09114],
			"rotation": {"angle": 0, "axis": "y", "origin": [0.90033, -6.1625, 0.58581]},
			"faces": {
				"north": {"uv": [0, 0, 0.92, 0.3], "texture": "#black_concrete"},
				"east": {"uv": [0, 0, 0.8, 0.3], "texture": "#black_concrete"},
				"south": {"uv": [0, 0, 0.92, 0.3], "texture": "#black_concrete"},
				"west": {"uv": [0, 0, 0.8, 0.3], "texture": "#black_concrete"},
				"up": {"uv": [0, 0, 0.8, 0.92], "rotation": 270, "texture": "#black_concrete"},
				"down": {"uv": [0, 0, 0.8, 0.92], "rotation": 90, "texture": "#black_concrete"}
			}
		},
		{
			"name": "Yellow",
			"from": [0.45452, -4.9, 0.29114],
			"to": [1.47452, -4.6, 1.09114],
			"rotation": {"angle": 0, "axis": "y", "origin": [0.90033, -6.1625, 0.58581]},
			"faces": {
				"north": {"uv": [0, 0, 0.92, 0.3], "texture": "#black_concrete"},
				"east": {"uv": [0, 0, 0.8, 0.3], "texture": "#black_concrete"},
				"south": {"uv": [0, 0, 0.92, 0.3], "texture": "#black_concrete"},
				"west": {"uv": [0, 0, 0.8, 0.3], "texture": "#black_concrete"},
				"up": {"uv": [0, 0, 0.8, 0.92], "rotation": 270, "texture": "#black_concrete"},
				"down": {"uv": [0, 0, 0.8, 0.92], "rotation": 90, "texture": "#black_concrete"}
			}
		},
		{
			"name": "Yellow",
			"from": [0.45452, -4.1, 0.29114],
			"to": [1.47452, -3.8, 1.09114],
			"rotation": {"angle": 0, "axis": "y", "origin": [0.90033, -6.1625, 0.58581]},
			"faces": {
				"north": {"uv": [0, 0, 0.92, 0.3], "texture": "#black_concrete"},
				"east": {"uv": [0, 0, 0.8, 0.3], "texture": "#black_concrete"},
				"south": {"uv": [0, 0, 0.92, 0.3], "texture": "#black_concrete"},
				"west": {"uv": [0, 0, 0.8, 0.3], "texture": "#black_concrete"},
				"up": {"uv": [0, 0, 0.8, 0.92], "rotation": 270, "texture": "#black_concrete"},
				"down": {"uv": [0, 0, 0.8, 0.92], "rotation": 90, "texture": "#black_concrete"}
			}
		},
		{
			"name": "Yellow",
			"from": [0.45452, -9.75, 0.29114],
			"to": [1.47452, -9.45, 1.09114],
			"rotation": {"angle": 0, "axis": "y", "origin": [0.90033, -6.1625, 0.58581]},
			"faces": {
				"north": {"uv": [0, 0, 0.92, 0.3], "texture": "#black_concrete"},
				"east": {"uv": [0, 0, 0.8, 0.3], "texture": "#black_concrete"},
				"south": {"uv": [0, 0, 0.92, 0.3], "texture": "#black_concrete"},
				"west": {"uv": [0, 0, 0.8, 0.3], "texture": "#black_concrete"},
				"up": {"uv": [0, 0, 0.8, 0.92], "rotation": 270, "texture": "#black_concrete"},
				"down": {"uv": [0, 0, 0.8, 0.92], "rotation": 90, "texture": "#black_concrete"}
			}
		},
		{
			"name": "Yellow",
			"from": [0.45452, -8.9, 0.29114],
			"to": [1.47452, -8.6, 1.09114],
			"rotation": {"angle": 0, "axis": "y", "origin": [0.90033, -6.1625, 0.58581]},
			"faces": {
				"north": {"uv": [0, 0, 0.92, 0.3], "texture": "#black_concrete"},
				"east": {"uv": [0, 0, 0.8, 0.3], "texture": "#black_concrete"},
				"south": {"uv": [0, 0, 0.92, 0.3], "texture": "#black_concrete"},
				"west": {"uv": [0, 0, 0.8, 0.3], "texture": "#black_concrete"},
				"up": {"uv": [0, 0, 0.8, 0.92], "rotation": 270, "texture": "#black_concrete"},
				"down": {"uv": [0, 0, 0.8, 0.92], "rotation": 90, "texture": "#black_concrete"}
			}
		},
		{
			"name": "Yellow",
			"from": [0.45452, -8.125, 0.29114],
			"to": [1.47452, -7.825, 1.09114],
			"rotation": {"angle": 0, "axis": "y", "origin": [0.90033, -6.1625, 0.58581]},
			"faces": {
				"north": {"uv": [0, 0, 0.92, 0.3], "texture": "#black_concrete"},
				"east": {"uv": [0, 0, 0.8, 0.3], "texture": "#black_concrete"},
				"south": {"uv": [0, 0, 0.92, 0.3], "texture": "#black_concrete"},
				"west": {"uv": [0, 0, 0.8, 0.3], "texture": "#black_concrete"},
				"up": {"uv": [0, 0, 0.8, 0.92], "rotation": 270, "texture": "#black_concrete"},
				"down": {"uv": [0, 0, 0.8, 0.92], "rotation": 90, "texture": "#black_concrete"}
			}
		},
		{
			"name": "Yellow",
			"from": [0.45452, -7.325, 0.29114],
			"to": [1.47452, -7.025, 1.09114],
			"rotation": {"angle": 0, "axis": "y", "origin": [0.90033, -6.1625, 0.58581]},
			"faces": {
				"north": {"uv": [0, 0, 0.92, 0.3], "texture": "#black_concrete"},
				"east": {"uv": [0, 0, 0.8, 0.3], "texture": "#black_concrete"},
				"south": {"uv": [0, 0, 0.92, 0.3], "texture": "#black_concrete"},
				"west": {"uv": [0, 0, 0.8, 0.3], "texture": "#black_concrete"},
				"up": {"uv": [0, 0, 0.8, 0.92], "rotation": 270, "texture": "#black_concrete"},
				"down": {"uv": [0, 0, 0.8, 0.92], "rotation": 90, "texture": "#black_concrete"}
			}
		},
		{
			"name": "Yellow",
			"from": [0.45452, -10.6, 0.29114],
			"to": [1.47452, -10.3, 1.09114],
			"rotation": {"angle": 0, "axis": "y", "origin": [0.90033, -6.1625, 0.58581]},
			"faces": {
				"north": {"uv": [0, 0, 0.92, 0.3], "texture": "#black_concrete"},
				"east": {"uv": [0, 0, 0.8, 0.3], "texture": "#black_concrete"},
				"south": {"uv": [0, 0, 0.92, 0.3], "texture": "#black_concrete"},
				"west": {"uv": [0, 0, 0.8, 0.3], "texture": "#black_concrete"},
				"up": {"uv": [0, 0, 0.8, 0.92], "rotation": 270, "texture": "#black_concrete"},
				"down": {"uv": [0, 0, 0.8, 0.92], "rotation": 90, "texture": "#black_concrete"}
			}
		},
		{
			"name": "Handle",
			"from": [-0.72, -0.485, 0.25],
			"to": [-0.52, -0.14, 1.11],
			"rotation": {"angle": 0, "axis": "y", "origin": [0, -12.475, 0]},
			"faces": {
				"north": {"uv": [0, 0, 0.2, 0.52], "texture": "#6"},
				"east": {"uv": [0, 0, 0.86, 0.52], "texture": "#6"},
				"south": {"uv": [0, 0, 0.2, 0.52], "texture": "#6"},
				"west": {"uv": [0, 0, 0.86, 0.52], "texture": "#6"},
				"up": {"uv": [0, 0, 0.2, 0.86], "texture": "#6"},
				"down": {"uv": [0, 0, 0.2, 0.86], "texture": "#6"}
			}
		},
		{
			"name": "Handle",
			"from": [-0.6, -0.475, 0.2],
			"to": [2.59, -0.15, 1.1],
			"rotation": {"angle": 0, "axis": "y", "origin": [0, -12.475, 0]},
			"faces": {
				"north": {"uv": [0, 0, 3.19, 0.5], "texture": "#5"},
				"east": {"uv": [0, 0, 0.9, 0.5], "texture": "#5"},
				"south": {"uv": [0, 0, 3.19, 0.5], "texture": "#5"},
				"west": {"uv": [0, 0, 0.9, 0.5], "texture": "#5"},
				"up": {"uv": [0, 0, 3.19, 0.9], "texture": "#5"},
				"down": {"uv": [0, 0, 3.19, 0.9], "texture": "#5"}
			}
		},
		{
			"name": "Handle",
			"from": [-3.65, -0.485, 8.15],
			"to": [-3.45, -0.14, 8.68],
			"rotation": {"angle": -45, "axis": "y", "origin": [8, -4.475, 8]},
			"faces": {
				"north": {"uv": [0, 0, 0.2, 0.52], "texture": "#6"},
				"east": {"uv": [0, 0, 0.53, 0.52], "texture": "#6"},
				"south": {"uv": [0, 0, 0.2, 0.52], "texture": "#6"},
				"west": {"uv": [0, 0, 0.53, 0.52], "texture": "#6"},
				"up": {"uv": [0, 0, 0.2, 0.53], "texture": "#6"},
				"down": {"uv": [0, 0, 0.2, 0.53], "texture": "#6"}
			}
		},
		{
			"name": "Handle",
			"from": [-0.4, -0.475, 0],
			"to": [2.39, -0.15, 1.3],
			"rotation": {"angle": 0, "axis": "y", "origin": [0, -12.475, 0]},
			"faces": {
				"north": {"uv": [0, 0, 2.79, 0.5], "texture": "#5"},
				"east": {"uv": [0, 0, 1.3, 0.5], "texture": "#5"},
				"south": {"uv": [0, 0, 2.79, 0.5], "texture": "#5"},
				"west": {"uv": [0, 0, 1.3, 0.5], "texture": "#5"},
				"up": {"uv": [0, 0, 2.79, 1.3], "texture": "#5"},
				"down": {"uv": [0, 0, 2.79, 1.3], "texture": "#5"}
			}
		},
		{
			"name": "Handle",
			"from": [-0.35, -0.485, -0.13],
			"to": [0.21, -0.14, 0.07],
			"rotation": {"angle": 0, "axis": "y", "origin": [0, -12.475, 0]},
			"faces": {
				"north": {"uv": [0, 0, 0.56, 0.52], "texture": "#6"},
				"east": {"uv": [0, 0, 0.2, 0.52], "texture": "#6"},
				"south": {"uv": [0, 0, 0.56, 0.52], "texture": "#6"},
				"west": {"uv": [0, 0, 0.2, 0.52], "texture": "#6"},
				"up": {"uv": [0, 0, 0.56, 0.2], "texture": "#6"},
				"down": {"uv": [0, 0, 0.56, 0.2], "texture": "#6"}
			}
		},
		{
			"name": "Handle",
			"from": [0.29, -0.475, -0.815],
			"to": [1.7, -0.15, 2.01],
			"rotation": {"angle": 0, "axis": "y", "origin": [0, -12.475, 0]},
			"faces": {
				"north": {"uv": [0, 0, 1.41, 0.5], "texture": "#5"},
				"east": {"uv": [0, 0, 2.85, 0.5], "texture": "#5"},
				"south": {"uv": [0, 0, 1.41, 0.5], "texture": "#5"},
				"west": {"uv": [0, 0, 2.85, 0.5], "texture": "#5"},
				"up": {"uv": [0, 0, 1.41, 2.85], "texture": "#5"},
				"down": {"uv": [0, 0, 1.41, 2.85], "texture": "#5"}
			}
		},
		{
			"name": "Handle",
			"from": [0.16, -0.485, -0.74],
			"to": [0.36, -0.14, -0.069],
			"rotation": {"angle": 0, "axis": "y", "origin": [0, -12.475, 0]},
			"faces": {
				"north": {"uv": [0, 0, 0.2, 0.52], "texture": "#6"},
				"east": {"uv": [0, 0, 0.671, 0.52], "texture": "#6"},
				"south": {"uv": [0, 0, 0.2, 0.52], "texture": "#6"},
				"west": {"uv": [0, 0, 0.671, 0.52], "texture": "#6"},
				"up": {"uv": [0, 0, 0.2, 0.671], "texture": "#6"},
				"down": {"uv": [0, 0, 0.2, 0.671], "texture": "#6"}
			}
		},
		{
			"name": "Handle",
			"from": [-3.72, -0.485, 6.83],
			"to": [-3.52, -0.14, 7.36],
			"rotation": {"angle": -45, "axis": "y", "origin": [8, -4.475, 8]},
			"faces": {
				"north": {"uv": [0, 0, 0.2, 0.52], "texture": "#6"},
				"east": {"uv": [0, 0, 0.53, 0.52], "texture": "#6"},
				"south": {"uv": [0, 0, 0.2, 0.52], "texture": "#6"},
				"west": {"uv": [0, 0, 0.53, 0.52], "texture": "#6"},
				"up": {"uv": [0, 0, 0.2, 0.53], "texture": "#6"},
				"down": {"uv": [0, 0, 0.2, 0.53], "texture": "#6"}
			}
		},
		{
			"name": "Handle",
			"from": [0.54, -0.485, -1.11],
			"to": [1.42, -0.14, -0.91],
			"rotation": {"angle": 0, "axis": "y", "origin": [0, -12.475, 0]},
			"faces": {
				"north": {"uv": [0, 0, 0.88, 0.52], "texture": "#6"},
				"east": {"uv": [0, 0, 0.2, 0.52], "texture": "#6"},
				"south": {"uv": [0, 0, 0.88, 0.52], "texture": "#6"},
				"west": {"uv": [0, 0, 0.2, 0.52], "texture": "#6"},
				"up": {"uv": [0, 0, 0.88, 0.2], "texture": "#6"},
				"down": {"uv": [0, 0, 0.88, 0.2], "texture": "#6"}
			}
		},
		{
			"name": "Handle",
			"from": [0.53, -0.475, -1.1],
			"to": [1.41, -0.15, 2.32],
			"rotation": {"angle": 0, "axis": "y", "origin": [0, -12.475, 0]},
			"faces": {
				"north": {"uv": [0, 0, 0.88, 0.5], "texture": "#5"},
				"east": {"uv": [0, 0, 3.42, 0.5], "texture": "#5"},
				"south": {"uv": [0, 0, 0.88, 0.5], "texture": "#5"},
				"west": {"uv": [0, 0, 3.42, 0.5], "texture": "#5"},
				"up": {"uv": [0, 0, 0.88, 3.42], "texture": "#5"},
				"down": {"uv": [0, 0, 0.88, 3.42], "texture": "#5"}
			}
		},
		{
			"name": "Handle",
			"from": [9.59, -0.485, -3.09],
			"to": [9.79, -0.14, -2.56],
			"rotation": {"angle": 45, "axis": "y", "origin": [8, -4.475, 8]},
			"faces": {
				"north": {"uv": [0, 0, 0.2, 0.52], "texture": "#6"},
				"east": {"uv": [0, 0, 0.53, 0.52], "texture": "#6"},
				"south": {"uv": [0, 0, 0.2, 0.52], "texture": "#6"},
				"west": {"uv": [0, 0, 0.53, 0.52], "texture": "#6"},
				"up": {"uv": [0, 0, 0.2, 0.53], "texture": "#6"},
				"down": {"uv": [0, 0, 0.2, 0.53], "texture": "#6"}
			}
		},
		{
			"name": "Handle",
			"from": [1.6, -0.485, -0.74],
			"to": [1.8, -0.14, -0.069],
			"rotation": {"angle": 0, "axis": "y", "origin": [0, -12.475, 0]},
			"faces": {
				"north": {"uv": [0, 0, 0.2, 0.52], "texture": "#6"},
				"east": {"uv": [0, 0, 0.671, 0.52], "texture": "#6"},
				"south": {"uv": [0, 0, 0.2, 0.52], "texture": "#6"},
				"west": {"uv": [0, 0, 0.671, 0.52], "texture": "#6"},
				"up": {"uv": [0, 0, 0.2, 0.671], "texture": "#6"},
				"down": {"uv": [0, 0, 0.2, 0.671], "texture": "#6"}
			}
		},
		{
			"name": "Handle",
			"from": [9.18, -0.485, -2.23],
			"to": [9.38, -0.14, -2.03],
			"rotation": {"angle": 45, "axis": "y", "origin": [8, -4.475, 8]},
			"faces": {
				"north": {"uv": [0, 0, 0.2, 0.52], "texture": "#6"},
				"east": {"uv": [0, 0, 0.2, 0.52], "texture": "#6"},
				"south": {"uv": [0, 0, 0.2, 0.52], "texture": "#6"},
				"west": {"uv": [0, 0, 0.2, 0.52], "texture": "#6"},
				"up": {"uv": [0, 0, 0.2, 0.2], "texture": "#6"},
				"down": {"uv": [0, 0, 0.2, 0.2], "texture": "#6"}
			}
		},
		{
			"name": "Handle",
			"from": [9.52, -0.485, -1.78],
			"to": [9.72, -0.14, -1.24],
			"rotation": {"angle": 45, "axis": "y", "origin": [8, -4.475, 8]},
			"faces": {
				"north": {"uv": [0, 0, 0.2, 0.52], "texture": "#6"},
				"east": {"uv": [0, 0, 0.54, 0.52], "texture": "#6"},
				"south": {"uv": [0, 0, 0.2, 0.52], "texture": "#6"},
				"west": {"uv": [0, 0, 0.54, 0.52], "texture": "#6"},
				"up": {"uv": [0, 0, 0.2, 0.54], "texture": "#6"},
				"down": {"uv": [0, 0, 0.2, 0.54], "texture": "#6"}
			}
		},
		{
			"name": "Handle",
			"from": [2.48, -0.485, 0.25],
			"to": [2.68, -0.14, 1.021],
			"rotation": {"angle": 0, "axis": "y", "origin": [0, -12.475, 0]},
			"faces": {
				"north": {"uv": [0, 0, 0.2, 0.52], "texture": "#6"},
				"east": {"uv": [0, 0, 0.771, 0.52], "texture": "#6"},
				"south": {"uv": [0, 0, 0.2, 0.52], "texture": "#6"},
				"west": {"uv": [0, 0, 0.771, 0.52], "texture": "#6"},
				"up": {"uv": [0, 0, 0.2, 0.771], "texture": "#6"},
				"down": {"uv": [0, 0, 0.2, 0.771], "texture": "#6"}
			}
		},
		{
			"name": "Handle",
			"from": [1.655, -0.485, 0.55],
			"to": [2.48, -0.14, 0.721],
			"rotation": {"angle": 0, "axis": "y", "origin": [0, -12.475, 0]},
			"faces": {
				"north": {"uv": [0, 0, 0.2, 0.52], "texture": "#3"},
				"east": {"uv": [0, 0, 0.771, 0.52], "texture": "#3"},
				"south": {"uv": [0, 0, 0.2, 0.52], "texture": "#3"},
				"west": {"uv": [0, 0, 0.771, 0.52], "texture": "#3"},
				"up": {"uv": [0, 0, 0.2, 0.771], "texture": "#3"},
				"down": {"uv": [0, 0, 0.2, 0.771], "texture": "#3"}
			}
		},
		{
			"name": "Handle",
			"from": [-0.52, -0.485, 0.55],
			"to": [0.305, -0.14, 0.721],
			"rotation": {"angle": 0, "axis": "y", "origin": [0, -12.475, 0]},
			"faces": {
				"north": {"uv": [0, 0, 0.2, 0.52], "texture": "#3"},
				"east": {"uv": [0, 0, 0.771, 0.52], "texture": "#3"},
				"south": {"uv": [0, 0, 0.2, 0.52], "texture": "#3"},
				"west": {"uv": [0, 0, 0.771, 0.52], "texture": "#3"},
				"up": {"uv": [0, 0, 0.2, 0.771], "texture": "#3"},
				"down": {"uv": [0, 0, 0.2, 0.771], "texture": "#3"}
			}
		},
		{
			"name": "Handle",
			"from": [0.304, -0.485, 0.205],
			"to": [0.475, -0.14, 1.03],
			"rotation": {"angle": 0, "axis": "y", "origin": [0, -12.475, 0]},
			"faces": {
				"north": {"uv": [0, 0, 0.771, 0.52], "texture": "#3"},
				"east": {"uv": [0, 0, 0.2, 0.52], "texture": "#3"},
				"south": {"uv": [0, 0, 0.771, 0.52], "texture": "#3"},
				"west": {"uv": [0, 0, 0.2, 0.52], "texture": "#3"},
				"up": {"uv": [0, 0, 0.2, 0.771], "rotation": 90, "texture": "#3"},
				"down": {"uv": [0, 0, 0.2, 0.771], "rotation": 270, "texture": "#3"}
			}
		},
		{
			"name": "Handle",
			"from": [1.504, -0.485, 0.205],
			"to": [1.675, -0.14, 1.005],
			"rotation": {"angle": 0, "axis": "y", "origin": [0, -12.475, 0]},
			"faces": {
				"north": {"uv": [0, 0, 0.771, 0.52], "texture": "#3"},
				"east": {"uv": [0, 0, 0.2, 0.52], "texture": "#3"},
				"south": {"uv": [0, 0, 0.771, 0.52], "texture": "#3"},
				"west": {"uv": [0, 0, 0.2, 0.52], "texture": "#3"},
				"up": {"uv": [0, 0, 0.2, 0.771], "rotation": 90, "texture": "#3"},
				"down": {"uv": [0, 0, 0.2, 0.771], "rotation": 270, "texture": "#3"}
			}
		},
		{
			"name": "Handle",
			"from": [0.652, -0.485, 1.207],
			"to": [1.302, -0.14, 1.378],
			"rotation": {"angle": 0, "axis": "y", "origin": [1.5645, -0.3125, 1.5675]},
			"faces": {
				"north": {"uv": [0, 0, 0.2, 0.52], "texture": "#3"},
				"east": {"uv": [0, 0, 0.771, 0.52], "texture": "#3"},
				"south": {"uv": [0, 0, 0.2, 0.52], "texture": "#3"},
				"west": {"uv": [0, 0, 0.771, 0.52], "texture": "#3"},
				"up": {"uv": [0, 0, 0.2, 0.771], "rotation": 180, "texture": "#3"},
				"down": {"uv": [0, 0, 0.2, 0.771], "rotation": 180, "texture": "#3"}
			}
		},
		{
			"name": "Handle",
			"from": [0.627, -0.485, -0.118],
			"to": [1.352, -0.14, 0.053],
			"rotation": {"angle": 0, "axis": "y", "origin": [1.5645, -0.3125, 1.5675]},
			"faces": {
				"north": {"uv": [0, 0, 0.2, 0.52], "texture": "#3"},
				"east": {"uv": [0, 0, 0.771, 0.52], "texture": "#3"},
				"south": {"uv": [0, 0, 0.2, 0.52], "texture": "#3"},
				"west": {"uv": [0, 0, 0.771, 0.52], "texture": "#3"},
				"up": {"uv": [0, 0, 0.2, 0.771], "rotation": 180, "texture": "#3"},
				"down": {"uv": [0, 0, 0.2, 0.771], "rotation": 180, "texture": "#3"}
			}
		},
		{
			"name": "Handle",
			"from": [1.177, -0.485, -0.343],
			"to": [1.652, -0.14, -0.172],
			"rotation": {"angle": -45, "axis": "y", "origin": [0.9895, -0.3125, -0.0325]},
			"faces": {
				"north": {"uv": [0, 0, 0.2, 0.52], "texture": "#3"},
				"east": {"uv": [0, 0, 0.771, 0.52], "texture": "#3"},
				"south": {"uv": [0, 0, 0.2, 0.52], "texture": "#3"},
				"west": {"uv": [0, 0, 0.771, 0.52], "texture": "#3"},
				"up": {"uv": [0, 0, 0.2, 0.771], "rotation": 180, "texture": "#3"},
				"down": {"uv": [0, 0, 0.2, 0.771], "rotation": 180, "texture": "#3"}
			}
		},
		{
			"name": "Handle",
			"from": [1.252, -0.485, 1.032],
			"to": [1.752, -0.14, 1.203],
			"rotation": {"angle": -45, "axis": "y", "origin": [0.9895, -0.3125, -0.0325]},
			"faces": {
				"north": {"uv": [0, 0, 0.2, 0.52], "texture": "#3"},
				"east": {"uv": [0, 0, 0.771, 0.52], "texture": "#3"},
				"south": {"uv": [0, 0, 0.2, 0.52], "texture": "#3"},
				"west": {"uv": [0, 0, 0.771, 0.52], "texture": "#3"},
				"up": {"uv": [0, 0, 0.2, 0.771], "rotation": 180, "texture": "#3"},
				"down": {"uv": [0, 0, 0.2, 0.771], "rotation": 180, "texture": "#3"}
			}
		},
		{
			"name": "Handle",
			"from": [0.35033, -0.485, 0.09565],
			"to": [0.80033, -0.14, 0.26665],
			"rotation": {"angle": 45, "axis": "y", "origin": [0.45033, -0.3125, 0.20615]},
			"faces": {
				"north": {"uv": [0, 0, 0.2, 0.52], "texture": "#3"},
				"east": {"uv": [0, 0, 0.771, 0.52], "texture": "#3"},
				"south": {"uv": [0, 0, 0.2, 0.52], "texture": "#3"},
				"west": {"uv": [0, 0, 0.771, 0.52], "texture": "#3"},
				"up": {"uv": [0, 0, 0.2, 0.771], "texture": "#3"},
				"down": {"uv": [0, 0, 0.2, 0.771], "texture": "#3"}
			}
		},
		{
			"name": "Handle",
			"from": [0.22533, -0.485, 1.47065],
			"to": [0.75033, -0.14, 1.64165],
			"rotation": {"angle": 45, "axis": "y", "origin": [0.45033, -0.3125, 0.20615]},
			"faces": {
				"north": {"uv": [0, 0, 0.2, 0.52], "texture": "#3"},
				"east": {"uv": [0, 0, 0.771, 0.52], "texture": "#3"},
				"south": {"uv": [0, 0, 0.2, 0.52], "texture": "#3"},
				"west": {"uv": [0, 0, 0.771, 0.52], "texture": "#3"},
				"up": {"uv": [0, 0, 0.2, 0.771], "texture": "#3"},
				"down": {"uv": [0, 0, 0.2, 0.771], "texture": "#3"}
			}
		},
		{
			"name": "Handle",
			"from": [0.904, -0.485, 1.355],
			"to": [1.075, -0.14, 2.18],
			"rotation": {"angle": 0, "axis": "y", "origin": [0, -12.475, 0]},
			"faces": {
				"north": {"uv": [0, 0, 0.771, 0.52], "texture": "#3"},
				"east": {"uv": [0, 0, 0.2, 0.52], "texture": "#3"},
				"south": {"uv": [0, 0, 0.771, 0.52], "texture": "#3"},
				"west": {"uv": [0, 0, 0.2, 0.52], "texture": "#3"},
				"up": {"uv": [0, 0, 0.2, 0.771], "rotation": 90, "texture": "#3"},
				"down": {"uv": [0, 0, 0.2, 0.771], "rotation": 270, "texture": "#3"}
			}
		},
		{
			"name": "Handle",
			"from": [0.904, -0.485, -0.92],
			"to": [1.075, -0.14, -0.095],
			"rotation": {"angle": 0, "axis": "y", "origin": [0, -12.475, 0]},
			"faces": {
				"north": {"uv": [0, 0, 0.771, 0.52], "texture": "#3"},
				"east": {"uv": [0, 0, 0.2, 0.52], "texture": "#3"},
				"south": {"uv": [0, 0, 0.771, 0.52], "texture": "#3"},
				"west": {"uv": [0, 0, 0.2, 0.52], "texture": "#3"},
				"up": {"uv": [0, 0, 0.2, 0.771], "rotation": 90, "texture": "#3"},
				"down": {"uv": [0, 0, 0.2, 0.771], "rotation": 270, "texture": "#3"}
			}
		},
		{
			"name": "Handle",
			"from": [1.74, -0.485, -0.13],
			"to": [2.3, -0.14, 0.07],
			"rotation": {"angle": 0, "axis": "y", "origin": [0, -12.475, 0]},
			"faces": {
				"north": {"uv": [0, 0, 0.56, 0.52], "texture": "#6"},
				"east": {"uv": [0, 0, 0.2, 0.52], "texture": "#6"},
				"south": {"uv": [0, 0, 0.56, 0.52], "texture": "#6"},
				"west": {"uv": [0, 0, 0.2, 0.52], "texture": "#6"},
				"up": {"uv": [0, 0, 0.56, 0.2], "texture": "#6"},
				"down": {"uv": [0, 0, 0.56, 0.2], "texture": "#6"}
			}
		},
		{
			"name": "Handle",
			"from": [6.71, -0.485, -3.04],
			"to": [6.91, -0.14, -2.5],
			"rotation": {"angle": 45, "axis": "y", "origin": [8, -4.475, 8]},
			"faces": {
				"north": {"uv": [0, 0, 0.2, 0.52], "texture": "#6"},
				"east": {"uv": [0, 0, 0.54, 0.52], "texture": "#6"},
				"south": {"uv": [0, 0, 0.2, 0.52], "texture": "#6"},
				"west": {"uv": [0, 0, 0.54, 0.52], "texture": "#6"},
				"up": {"uv": [0, 0, 0.2, 0.54], "texture": "#6"},
				"down": {"uv": [0, 0, 0.2, 0.54], "texture": "#6"}
			}
		},
		{
			"name": "Handle",
			"from": [-0.33, -0.485, 1.29],
			"to": [0.23, -0.14, 1.49],
			"rotation": {"angle": 0, "axis": "y", "origin": [0, -12.475, 0]},
			"faces": {
				"north": {"uv": [0, 0, 0.56, 0.52], "texture": "#6"},
				"east": {"uv": [0, 0, 0.2, 0.52], "texture": "#6"},
				"south": {"uv": [0, 0, 0.56, 0.52], "texture": "#6"},
				"west": {"uv": [0, 0, 0.2, 0.52], "texture": "#6"},
				"up": {"uv": [0, 0, 0.56, 0.2], "texture": "#6"},
				"down": {"uv": [0, 0, 0.56, 0.2], "texture": "#6"}
			}
		},
		{
			"name": "Handle",
			"from": [7.06, -0.485, -2.24],
			"to": [7.26, -0.14, -1.91],
			"rotation": {"angle": 45, "axis": "y", "origin": [8, -4.475, 8]},
			"faces": {
				"north": {"uv": [0, 0, 0.2, 0.52], "texture": "#6"},
				"east": {"uv": [0, 0, 0.33, 0.52], "texture": "#6"},
				"south": {"uv": [0, 0, 0.2, 0.52], "texture": "#6"},
				"west": {"uv": [0, 0, 0.33, 0.52], "texture": "#6"},
				"up": {"uv": [0, 0, 0.2, 0.33], "texture": "#6"},
				"down": {"uv": [0, 0, 0.2, 0.33], "texture": "#6"}
			}
		},
		{
			"name": "Handle",
			"from": [0.27, -0.485, 1.51],
			"to": [0.47, -0.14, 2.091],
			"rotation": {"angle": 0, "axis": "y", "origin": [0, -12.475, 0]},
			"faces": {
				"north": {"uv": [0, 0, 0.2, 0.52], "texture": "#6"},
				"east": {"uv": [0, 0, 0.581, 0.52], "texture": "#6"},
				"south": {"uv": [0, 0, 0.2, 0.52], "texture": "#6"},
				"west": {"uv": [0, 0, 0.581, 0.52], "texture": "#6"},
				"up": {"uv": [0, 0, 0.2, 0.581], "texture": "#6"},
				"down": {"uv": [0, 0, 0.2, 0.581], "texture": "#6"}
			}
		},
		{
			"name": "Handle",
			"from": [6.71, -0.485, -1.64],
			"to": [6.91, -0.14, -1.25],
			"rotation": {"angle": 45, "axis": "y", "origin": [8, -4.475, 8]},
			"faces": {
				"north": {"uv": [0, 0, 0.2, 0.52], "texture": "#6"},
				"east": {"uv": [0, 0, 0.39, 0.52], "texture": "#6"},
				"south": {"uv": [0, 0, 0.2, 0.52], "texture": "#6"},
				"west": {"uv": [0, 0, 0.39, 0.52], "texture": "#6"},
				"up": {"uv": [0, 0, 0.2, 0.39], "texture": "#6"},
				"down": {"uv": [0, 0, 0.2, 0.39], "texture": "#6"}
			}
		},
		{
			"name": "Handle",
			"from": [0.54, -0.485, 2.17],
			"to": [1.42, -0.14, 2.37],
			"rotation": {"angle": 0, "axis": "y", "origin": [0, -12.475, 0]},
			"faces": {
				"north": {"uv": [0, 0, 0.88, 0.52], "texture": "#6"},
				"east": {"uv": [0, 0, 0.2, 0.52], "texture": "#6"},
				"south": {"uv": [0, 0, 0.88, 0.52], "texture": "#6"},
				"west": {"uv": [0, 0, 0.2, 0.52], "texture": "#6"},
				"up": {"uv": [0, 0, 0.88, 0.2], "texture": "#6"},
				"down": {"uv": [0, 0, 0.88, 0.2], "texture": "#6"}
			}
		},
		{
			"name": "Handle",
			"from": [-0.84, -0.485, 8.14],
			"to": [-0.64, -0.14, 8.67],
			"rotation": {"angle": -45, "axis": "y", "origin": [8, -4.475, 8]},
			"faces": {
				"north": {"uv": [0, 0, 0.2, 0.52], "texture": "#6"},
				"east": {"uv": [0, 0, 0.53, 0.52], "texture": "#6"},
				"south": {"uv": [0, 0, 0.2, 0.52], "texture": "#6"},
				"west": {"uv": [0, 0, 0.53, 0.52], "texture": "#6"},
				"up": {"uv": [0, 0, 0.2, 0.53], "texture": "#6"},
				"down": {"uv": [0, 0, 0.2, 0.53], "texture": "#6"}
			}
		},
		{
			"name": "Handle",
			"from": [1.6, -0.485, 1.32],
			"to": [1.8, -0.14, 1.991],
			"rotation": {"angle": 0, "axis": "y", "origin": [0, -12.475, 0]},
			"faces": {
				"north": {"uv": [0, 0, 0.2, 0.52], "texture": "#6"},
				"east": {"uv": [0, 0, 0.671, 0.52], "texture": "#6"},
				"south": {"uv": [0, 0, 0.2, 0.52], "texture": "#6"},
				"west": {"uv": [0, 0, 0.671, 0.52], "texture": "#6"},
				"up": {"uv": [0, 0, 0.2, 0.671], "texture": "#6"},
				"down": {"uv": [0, 0, 0.2, 0.671], "texture": "#6"}
			}
		},
		{
			"name": "Handle",
			"from": [-0.9, -0.485, 6.82],
			"to": [-0.7, -0.14, 7.35],
			"rotation": {"angle": -45, "axis": "y", "origin": [8, -4.475, 8]},
			"faces": {
				"north": {"uv": [0, 0, 0.2, 0.52], "texture": "#6"},
				"east": {"uv": [0, 0, 0.53, 0.52], "texture": "#6"},
				"south": {"uv": [0, 0, 0.2, 0.52], "texture": "#6"},
				"west": {"uv": [0, 0, 0.53, 0.52], "texture": "#6"},
				"up": {"uv": [0, 0, 0.2, 0.53], "texture": "#6"},
				"down": {"uv": [0, 0, 0.2, 0.53], "texture": "#6"}
			}
		},
		{
			"name": "Handle",
			"from": [1.74, -0.485, 1.18],
			"to": [2.3, -0.14, 1.38],
			"rotation": {"angle": 0, "axis": "y", "origin": [0, -12.475, 0]},
			"faces": {
				"north": {"uv": [0, 0, 0.56, 0.52], "texture": "#6"},
				"east": {"uv": [0, 0, 0.2, 0.52], "texture": "#6"},
				"south": {"uv": [0, 0, 0.56, 0.52], "texture": "#6"},
				"west": {"uv": [0, 0, 0.2, 0.52], "texture": "#6"},
				"up": {"uv": [0, 0, 0.56, 0.2], "texture": "#6"},
				"down": {"uv": [0, 0, 0.56, 0.2], "texture": "#6"}
			}
		},
		{
			"name": "Handle",
			"from": [8.2, -0.485, -1.25],
			"to": [8.4, -0.14, -1.05],
			"rotation": {"angle": 45, "axis": "y", "origin": [8, -4.475, 8]},
			"faces": {
				"north": {"uv": [0, 0, 0.2, 0.52], "texture": "#6"},
				"east": {"uv": [0, 0, 0.2, 0.52], "texture": "#6"},
				"south": {"uv": [0, 0, 0.2, 0.52], "texture": "#6"},
				"west": {"uv": [0, 0, 0.2, 0.52], "texture": "#6"},
				"up": {"uv": [0, 0, 0.2, 0.2], "texture": "#6"},
				"down": {"uv": [0, 0, 0.2, 0.2], "texture": "#6"}
			}
		},
		{
			"name": "Handle",
			"from": [0.45, -0.475, 1.7],
			"to": [1.55, -0.15, 2.12],
			"rotation": {"angle": 0, "axis": "y", "origin": [0, -12.475, 0]},
			"faces": {
				"north": {"uv": [0, 0, 0, 0], "texture": "#5"},
				"east": {"uv": [0, 0, 0.42, 0.5], "texture": "#5"},
				"south": {"uv": [0, 0, 1.1, 0.5], "texture": "#5"},
				"west": {"uv": [0, 0, 0.42, 0.5], "texture": "#5"},
				"up": {"uv": [0, 0, 1.1, 0.42], "texture": "#5"},
				"down": {"uv": [0, 0, 1.1, 0.42], "texture": "#5"}
			}
		},
		{
			"name": "Handle",
			"from": [0.15, -0.475, 1.15],
			"to": [0.33, -0.15, 1.39],
			"rotation": {"angle": 0, "axis": "y", "origin": [0, -12.475, 0]},
			"faces": {
				"north": {"uv": [0, 0, 0, 0], "texture": "#5"},
				"east": {"uv": [0, 0, 0, 0], "texture": "#5"},
				"south": {"uv": [0, 0, 0.18, 0.5], "texture": "#5"},
				"west": {"uv": [0, 0, 0.24, 0.5], "texture": "#5"},
				"up": {"uv": [0, 0, 0.18, 0.24], "texture": "#5"},
				"down": {"uv": [0, 0, 0.18, 0.24], "texture": "#5"}
			}
		},
		{
			"name": "Handle",
			"from": [-0.46, -0.475, 0.95],
			"to": [-0.28, -0.15, 1.19],
			"rotation": {"angle": 0, "axis": "y", "origin": [0, -12.475, 0]},
			"faces": {
				"north": {"uv": [0, 0, 0, 0], "texture": "#5"},
				"east": {"uv": [0, 0, 0, 0], "texture": "#5"},
				"south": {"uv": [0, 0, 0.18, 0.5], "texture": "#4"},
				"west": {"uv": [0, 0, 0.24, 0.5], "texture": "#5"},
				"up": {"uv": [0, 0, 0.18, 0.24], "texture": "#5"},
				"down": {"uv": [0, 0, 0.18, 0.24], "texture": "#5"}
			}
		},
		{
			"name": "Handle",
			"from": [8.1, -0.485, -3.31],
			"to": [8.3, -0.14, -3.11],
			"rotation": {"angle": 45, "axis": "y", "origin": [8, -4.475, 8]},
			"faces": {
				"north": {"uv": [0, 0, 0.2, 0.52], "texture": "#6"},
				"east": {"uv": [0, 0, 0.2, 0.52], "texture": "#6"},
				"south": {"uv": [0, 0, 0.2, 0.52], "texture": "#6"},
				"west": {"uv": [0, 0, 0.2, 0.52], "texture": "#6"},
				"up": {"uv": [0, 0, 0.2, 0.2], "texture": "#6"},
				"down": {"uv": [0, 0, 0.2, 0.2], "texture": "#6"}
			}
		},
		{
			"name": "Handle",
			"from": [0.9402, 0.1645, -0.146],
			"to": [1.0975, 17.4805, 1.3165],
			"rotation": {"angle": 0, "axis": "y", "origin": [1.01885, 10.41866, 1.83813]},
			"faces": {
				"north": {"uv": [0, 0, 0.771, 0.52], "texture": "#7"},
				"east": {"uv": [0, 0, 0.2, 0.52], "texture": "#7"},
				"south": {"uv": [0, 0, 0.771, 0.52], "texture": "#7"},
				"west": {"uv": [0, 0, 0.2, 0.52], "texture": "#7"},
				"up": {"uv": [0, 0, 0.2, 0.771], "rotation": 90, "texture": "#7"},
				"down": {"uv": [0, 0, 0.2, 0.771], "rotation": 270, "texture": "#7"}
			}
		},
		{
			"name": "Handle",
			"from": [0.9402, 1.9845, 1.3165],
			"to": [1.0975, 7.373, 2.0965],
			"rotation": {"angle": 0, "axis": "y", "origin": [1.01885, 10.41866, 1.83813]},
			"faces": {
				"north": {"uv": [0, 0, 0.771, 0.52], "texture": "#7"},
				"east": {"uv": [0, 0, 0.2, 0.52], "texture": "#7"},
				"south": {"uv": [0, 0, 0.771, 0.52], "texture": "#7"},
				"west": {"uv": [0, 0, 0.2, 0.52], "texture": "#7"},
				"up": {"uv": [0, 0, 0.2, 0.771], "rotation": 90, "texture": "#7"},
				"down": {"uv": [0, 0, 0.2, 0.771], "rotation": 270, "texture": "#7"}
			}
		},
		{
			"name": "Handle",
			"from": [0.9402, 7.88339, 3.11799],
			"to": [1.0975, 8.42939, 4.15799],
			"rotation": {"angle": 45, "axis": "x", "origin": [1.01885, 10.41866, 1.83813]},
			"faces": {
				"north": {"uv": [0, 0, 0.771, 0.52], "texture": "#7"},
				"east": {"uv": [0, 0, 0.2, 0.52], "texture": "#7"},
				"south": {"uv": [0, 0, 0.771, 0.52], "texture": "#7"},
				"west": {"uv": [0, 0, 0.2, 0.52], "texture": "#7"},
				"up": {"uv": [0, 0, 0.2, 0.771], "rotation": 90, "texture": "#7"},
				"down": {"uv": [0, 0, 0.2, 0.771], "rotation": 270, "texture": "#7"}
			}
		},
		{
			"name": "Handle",
			"from": [0.9402, 4.25079, -5.07164],
			"to": [1.0975, 4.82929, -3.93414],
			"rotation": {"angle": -45, "axis": "x", "origin": [1.01885, 10.41866, 1.83813]},
			"faces": {
				"north": {"uv": [0, 0, 0.771, 0.52], "texture": "#7"},
				"east": {"uv": [0, 0, 0.2, 0.52], "texture": "#7"},
				"south": {"uv": [0, 0, 0.771, 0.52], "texture": "#7"},
				"west": {"uv": [0, 0, 0.2, 0.52], "texture": "#7"},
				"up": {"uv": [0, 0, 0.2, 0.771], "rotation": 90, "texture": "#7"},
				"down": {"uv": [0, 0, 0.2, 0.771], "rotation": 270, "texture": "#7"}
			}
		},
		{
			"name": "Handle",
			"from": [0.9402, 10.26329, 0.90836],
			"to": [1.0975, 10.80929, 2.07836],
			"rotation": {"angle": -45, "axis": "x", "origin": [1.01885, 10.41866, 1.83813]},
			"faces": {
				"north": {"uv": [0, 0, 0.771, 0.52], "rotation": 180, "texture": "#7"},
				"east": {"uv": [0, 0, 0.2, 0.52], "rotation": 180, "texture": "#7"},
				"south": {"uv": [0, 0, 0.771, 0.52], "rotation": 180, "texture": "#7"},
				"west": {"uv": [0, 0, 0.2, 0.52], "rotation": 180, "texture": "#7"},
				"up": {"uv": [0, 0, 0.2, 0.771], "rotation": 270, "texture": "#7"},
				"down": {"uv": [0, 0, 0.2, 0.771], "rotation": 90, "texture": "#7"}
			}
		},
		{
			"name": "Handle",
			"from": [0.9077, 1.952, 2.0965],
			"to": [1.13, 7.373, 3.039],
			"rotation": {"angle": 0, "axis": "y", "origin": [1.01885, 10.41866, 1.83813]},
			"faces": {
				"north": {"uv": [0, 0, 0.771, 0.52], "texture": "#5"},
				"east": {"uv": [0, 0, 0.2, 0.52], "texture": "#5"},
				"south": {"uv": [0, 0, 0.771, 0.52], "texture": "#5"},
				"west": {"uv": [0, 0, 0.2, 0.52], "texture": "#5"},
				"up": {"uv": [0, 0, 0.2, 0.771], "rotation": 90, "texture": "#5"},
				"down": {"uv": [0, 0, 0.2, 0.771], "rotation": 270, "texture": "#5"}
			}
		},
		{
			"name": "Handle",
			"from": [0.9077, 10.467, 2.0965],
			"to": [1.13, 15.823, 3.039],
			"rotation": {"angle": 0, "axis": "y", "origin": [1.01885, 10.41866, 1.83813]},
			"faces": {
				"north": {"uv": [0, 0, 0.771, 0.52], "texture": "#5"},
				"east": {"uv": [0, 0, 0.2, 0.52], "texture": "#5"},
				"south": {"uv": [0, 0, 0.771, 0.52], "texture": "#5"},
				"west": {"uv": [0, 0, 0.2, 0.52], "texture": "#5"},
				"up": {"uv": [0, 0, 0.2, 0.771], "rotation": 90, "texture": "#5"},
				"down": {"uv": [0, 0, 0.2, 0.771], "rotation": 270, "texture": "#5"}
			}
		},
		{
			"name": "Handle",
			"from": [0.9077, 15.797, 2.0965],
			"to": [1.13, 16.2455, 2.649],
			"rotation": {"angle": 0, "axis": "y", "origin": [1.01885, 10.41866, 1.83813]},
			"faces": {
				"north": {"uv": [0, 0, 0.771, 0.52], "texture": "#5"},
				"east": {"uv": [0, 0, 0.2, 0.52], "texture": "#5"},
				"south": {"uv": [0, 0, 0.771, 0.52], "texture": "#5"},
				"west": {"uv": [0, 0, 0.2, 0.52], "texture": "#5"},
				"up": {"uv": [0, 0, 0.2, 0.771], "rotation": 90, "texture": "#5"},
				"down": {"uv": [0, 0, 0.2, 0.771], "rotation": 270, "texture": "#5"}
			}
		},
		{
			"name": "Handle",
			"from": [0.9077, 16.2195, 2.0965],
			"to": [1.13, 16.6355, 2.4865],
			"rotation": {"angle": 0, "axis": "y", "origin": [1.01885, 10.41866, 1.83813]},
			"faces": {
				"north": {"uv": [0, 0, 0.771, 0.52], "texture": "#5"},
				"east": {"uv": [0, 0, 0.2, 0.52], "texture": "#5"},
				"south": {"uv": [0, 0, 0.771, 0.52], "texture": "#5"},
				"west": {"uv": [0, 0, 0.2, 0.52], "texture": "#5"},
				"up": {"uv": [0, 0, 0.2, 0.771], "rotation": 90, "texture": "#5"},
				"down": {"uv": [0, 0, 0.2, 0.771], "rotation": 270, "texture": "#5"}
			}
		},
		{
			"name": "Handle",
			"from": [0.9077, 15.35323, 4.49461],
			"to": [1.13, 17.10173, 4.81961],
			"rotation": {"angle": -22.5, "axis": "x", "origin": [1.01885, 10.41866, 1.83813]},
			"faces": {
				"north": {"uv": [0, 0, 0.771, 0.52], "texture": "#5"},
				"east": {"uv": [0, 0, 0.2, 0.52], "texture": "#5"},
				"south": {"uv": [0, 0, 0.771, 0.52], "texture": "#5"},
				"west": {"uv": [0, 0, 0.2, 0.52], "texture": "#5"},
				"up": {"uv": [0, 0, 0.2, 0.771], "rotation": 90, "texture": "#5"},
				"down": {"uv": [0, 0, 0.2, 0.771], "rotation": 270, "texture": "#5"}
			}
		},
		{
			"name": "Handle",
			"from": [0.9077, 13.37141, 6.2364],
			"to": [1.13, 13.98241, 6.5289],
			"rotation": {"angle": -45, "axis": "x", "origin": [1.01885, 10.41866, 1.83813]},
			"faces": {
				"north": {"uv": [0, 0, 0.771, 0.52], "texture": "#5"},
				"east": {"uv": [0, 0, 0.2, 0.52], "texture": "#5"},
				"south": {"uv": [0, 0, 0.771, 0.52], "texture": "#5"},
				"west": {"uv": [0, 0, 0.2, 0.52], "texture": "#5"},
				"up": {"uv": [0, 0, 0.2, 0.771], "rotation": 90, "texture": "#5"},
				"down": {"uv": [0, 0, 0.2, 0.771], "rotation": 270, "texture": "#5"}
			}
		},
		{
			"name": "Handle",
			"from": [0.9402, 10.467, 3.039],
			"to": [1.0975, 16.2455, 3.9815],
			"rotation": {"angle": 0, "axis": "y", "origin": [1.01885, 10.41866, 1.83813]},
			"faces": {
				"north": {"uv": [0, 0, 0.771, 0.52], "texture": "#white_concrete"},
				"east": {"uv": [0, 0, 0.2, 0.52], "texture": "#white_concrete"},
				"south": {"uv": [0, 0, 0.771, 0.52], "texture": "#white_concrete"},
				"west": {"uv": [0, 0, 0.2, 0.52], "texture": "#white_concrete"},
				"up": {"uv": [0, 0, 0.2, 0.771], "rotation": 90, "texture": "#white_concrete"},
				"down": {"uv": [0, 0, 0.2, 0.771], "rotation": 270, "texture": "#white_concrete"}
			}
		},
		{
			"name": "Handle",
			"from": [0.9402, 13.00929, 6.53025],
			"to": [1.0975, 14.79029, 7.47275],
			"rotation": {"angle": -45, "axis": "x", "origin": [1.01885, 10.41866, 1.83813]},
			"faces": {
				"north": {"uv": [0, 0, 0.771, 0.52], "texture": "#white_concrete"},
				"east": {"uv": [0, 0, 0.2, 0.52], "texture": "#white_concrete"},
				"south": {"uv": [0, 0, 0.771, 0.52], "texture": "#white_concrete"},
				"west": {"uv": [0, 0, 0.2, 0.52], "texture": "#white_concrete"},
				"up": {"uv": [0, 0, 0.2, 0.771], "rotation": 90, "texture": "#white_concrete"},
				"down": {"uv": [0, 0, 0.2, 0.771], "rotation": 270, "texture": "#white_concrete"}
			}
		},
		{
			"name": "Handle",
			"from": [0.9402, 16.9416, -0.7979],
			"to": [1.0975, 17.2666, -0.0244],
			"rotation": {"angle": 22.5, "axis": "x", "origin": [1.01885, 10.41866, 1.83813]},
			"faces": {
				"north": {"uv": [0, 0, 0.2, 0.771], "rotation": 270, "texture": "#white_concrete"},
				"east": {"uv": [0, 0, 0.2, 0.52], "rotation": 90, "texture": "#white_concrete"},
				"south": {"uv": [0, 0, 0.2, 0.771], "rotation": 270, "texture": "#white_concrete"},
				"west": {"uv": [0, 0, 0.2, 0.52], "rotation": 270, "texture": "#white_concrete"},
				"up": {"uv": [0, 0, 0.771, 0.52], "texture": "#white_concrete"},
				"down": {"uv": [0, 0, 0.771, 0.52], "rotation": 180, "texture": "#white_concrete"}
			}
		},
		{
			"name": "Handle",
			"from": [0.9402, 14.76429, 6.82275],
			"to": [1.0975, 15.44029, 7.14775],
			"rotation": {"angle": -45, "axis": "x", "origin": [1.01885, 10.41866, 1.83813]},
			"faces": {
				"north": {"uv": [0, 0, 0.771, 0.52], "texture": "#white_concrete"},
				"east": {"uv": [0, 0, 0.2, 0.52], "texture": "#white_concrete"},
				"south": {"uv": [0, 0, 0.771, 0.52], "texture": "#white_concrete"},
				"west": {"uv": [0, 0, 0.2, 0.52], "texture": "#white_concrete"},
				"up": {"uv": [0, 0, 0.2, 0.771], "rotation": 90, "texture": "#white_concrete"},
				"down": {"uv": [0, 0, 0.2, 0.771], "rotation": 270, "texture": "#white_concrete"}
			}
		},
		{
			"name": "Handle",
			"from": [0.9402, 9.947, 3.559],
			"to": [1.0975, 10.493, 3.9815],
			"rotation": {"angle": 0, "axis": "y", "origin": [1.01885, 10.41866, 1.83813]},
			"faces": {
				"north": {"uv": [0, 0, 0.771, 0.52], "texture": "#white_concrete"},
				"east": {"uv": [0, 0, 0.2, 0.52], "texture": "#white_concrete"},
				"south": {"uv": [0, 0, 0.771, 0.52], "texture": "#white_concrete"},
				"west": {"uv": [0, 0, 0.2, 0.52], "texture": "#white_concrete"},
				"up": {"uv": [0, 0, 0.2, 0.771], "rotation": 90, "texture": "#white_concrete"},
				"down": {"uv": [0, 0, 0.2, 0.771], "rotation": 270, "texture": "#white_concrete"}
			}
		},
		{
			"name": "Handle",
			"from": [0.9402, 11.30015, 2.64539],
			"to": [1.0975, 11.71615, 3.39289],
			"rotation": {"angle": 45, "axis": "x", "origin": [1.01885, 10.41866, 1.83813]},
			"faces": {
				"north": {"uv": [0, 0, 0.771, 0.52], "texture": "#white_concrete"},
				"east": {"uv": [0, 0, 0.2, 0.52], "texture": "#white_concrete"},
				"south": {"uv": [0, 0, 0.771, 0.52], "texture": "#white_concrete"},
				"west": {"uv": [0, 0, 0.2, 0.52], "texture": "#white_concrete"},
				"up": {"uv": [0, 0, 0.2, 0.771], "rotation": 90, "texture": "#white_concrete"},
				"down": {"uv": [0, 0, 0.2, 0.771], "rotation": 270, "texture": "#white_concrete"}
			}
		},
		{
			"name": "Handle",
			"from": [0.9402, 7.347, 3.3965],
			"to": [1.0975, 7.763, 3.819],
			"rotation": {"angle": 0, "axis": "y", "origin": [1.01885, 10.41866, 1.83813]},
			"faces": {
				"north": {"uv": [0, 0, 0.771, 0.52], "texture": "#white_concrete"},
				"east": {"uv": [0, 0, 0.2, 0.52], "texture": "#white_concrete"},
				"south": {"uv": [0, 0, 0.771, 0.52], "texture": "#white_concrete"},
				"west": {"uv": [0, 0, 0.2, 0.52], "texture": "#white_concrete"},
				"up": {"uv": [0, 0, 0.2, 0.771], "rotation": 90, "texture": "#white_concrete"},
				"down": {"uv": [0, 0, 0.2, 0.771], "rotation": 270, "texture": "#white_concrete"}
			}
		},
		{
			"name": "Handle",
			"from": [0.9402, 9.09698, 4.82952],
			"to": [1.0975, 9.64948, 5.24552],
			"rotation": {"angle": 45, "axis": "x", "origin": [1.01885, 10.41866, 1.83813]},
			"faces": {
				"north": {"uv": [0, 0, 0.2, 0.771], "rotation": 270, "texture": "#white_concrete"},
				"east": {"uv": [0, 0, 0.2, 0.52], "rotation": 90, "texture": "#white_concrete"},
				"south": {"uv": [0, 0, 0.2, 0.771], "rotation": 270, "texture": "#white_concrete"},
				"west": {"uv": [0, 0, 0.2, 0.52], "rotation": 270, "texture": "#white_concrete"},
				"up": {"uv": [0, 0, 0.771, 0.52], "texture": "#white_concrete"},
				"down": {"uv": [0, 0, 0.771, 0.52], "rotation": 180, "texture": "#white_concrete"}
			}
		},
		{
			"name": "Handle",
			"from": [0.9402, 2.407, 3.039],
			"to": [1.0975, 7.373, 3.819],
			"rotation": {"angle": 0, "axis": "y", "origin": [1.01885, 10.41866, 1.83813]},
			"faces": {
				"north": {"uv": [0, 0, 0.771, 0.52], "texture": "#white_concrete"},
				"east": {"uv": [0, 0, 0.2, 0.52], "texture": "#white_concrete"},
				"south": {"uv": [0, 0, 0.771, 0.52], "texture": "#white_concrete"},
				"west": {"uv": [0, 0, 0.2, 0.52], "texture": "#white_concrete"},
				"up": {"uv": [0, 0, 0.2, 0.771], "rotation": 90, "texture": "#white_concrete"},
				"down": {"uv": [0, 0, 0.2, 0.771], "rotation": 270, "texture": "#white_concrete"}
			}
		},
		{
			"name": "Handle",
			"from": [0.9402, 2.407, 3.039],
			"to": [1.0975, 7.373, 3.819],
			"rotation": {"angle": 0, "axis": "y", "origin": [1.01885, 10.41866, 1.83813]},
			"faces": {
				"north": {"uv": [0, 0, 0.771, 0.52], "texture": "#white_concrete"},
				"east": {"uv": [0, 0, 0.2, 0.52], "texture": "#white_concrete"},
				"south": {"uv": [0, 0, 0.771, 0.52], "texture": "#white_concrete"},
				"west": {"uv": [0, 0, 0.2, 0.52], "texture": "#white_concrete"},
				"up": {"uv": [0, 0, 0.2, 0.771], "rotation": 90, "texture": "#white_concrete"},
				"down": {"uv": [0, 0, 0.2, 0.771], "rotation": 270, "texture": "#white_concrete"}
			}
		},
		{
			"name": "Handle",
			"from": [0.9402, 3.33791, -3.01229],
			"to": [1.0975, 3.91641, -2.42729],
			"rotation": {"angle": -45, "axis": "x", "origin": [1.01885, 10.41866, 1.83813]},
			"faces": {
				"north": {"uv": [0, 0, 0.771, 0.52], "texture": "#white_concrete"},
				"east": {"uv": [0, 0, 0.2, 0.52], "texture": "#white_concrete"},
				"south": {"uv": [0, 0, 0.771, 0.52], "texture": "#white_concrete"},
				"west": {"uv": [0, 0, 0.2, 0.52], "texture": "#white_concrete"},
				"up": {"uv": [0, 0, 0.2, 0.771], "rotation": 90, "texture": "#white_concrete"},
				"down": {"uv": [0, 0, 0.2, 0.771], "rotation": 270, "texture": "#white_concrete"}
			}
		},
		{
			"name": "Handle",
			"from": [0.9402, 3.33791, -3.01229],
			"to": [1.0975, 3.91641, -2.42729],
			"rotation": {"angle": -45, "axis": "x", "origin": [1.01885, 10.41866, 1.83813]},
			"faces": {
				"north": {"uv": [0, 0, 0.771, 0.52], "texture": "#white_concrete"},
				"east": {"uv": [0, 0, 0.2, 0.52], "texture": "#white_concrete"},
				"south": {"uv": [0, 0, 0.771, 0.52], "texture": "#white_concrete"},
				"west": {"uv": [0, 0, 0.2, 0.52], "texture": "#white_concrete"},
				"up": {"uv": [0, 0, 0.2, 0.771], "rotation": 90, "texture": "#white_concrete"},
				"down": {"uv": [0, 0, 0.2, 0.771], "rotation": 270, "texture": "#white_concrete"}
			}
		},
		{
			"name": "Handle",
			"from": [0.9402, 1.94493, 3.03078],
			"to": [1.0975, 2.55593, 3.42078],
			"rotation": {"angle": 0, "axis": "x", "origin": [1.01885, 10.41866, 1.83813]},
			"faces": {
				"north": {"uv": [0, 0, 0.771, 0.52], "texture": "#white_concrete"},
				"east": {"uv": [0, 0, 0.2, 0.52], "texture": "#white_concrete"},
				"south": {"uv": [0, 0, 0.771, 0.52], "texture": "#white_concrete"},
				"west": {"uv": [0, 0, 0.2, 0.52], "texture": "#white_concrete"},
				"up": {"uv": [0, 0, 0.2, 0.771], "rotation": 90, "texture": "#white_concrete"},
				"down": {"uv": [0, 0, 0.2, 0.771], "rotation": 270, "texture": "#white_concrete"}
			}
		},
		{
			"name": "Handle",
			"from": [0.9402, 10.467, 1.3165],
			"to": [1.0975, 16.7005, 2.129],
			"rotation": {"angle": 0, "axis": "y", "origin": [1.01885, 10.41866, 1.83813]},
			"faces": {
				"north": {"uv": [0, 0, 0.771, 0.52], "texture": "#7"},
				"east": {"uv": [0, 0, 0.2, 0.52], "texture": "#7"},
				"south": {"uv": [0, 0, 0.771, 0.52], "texture": "#7"},
				"west": {"uv": [0, 0, 0.2, 0.52], "texture": "#7"},
				"up": {"uv": [0, 0, 0.2, 0.771], "rotation": 90, "texture": "#7"},
				"down": {"uv": [0, 0, 0.2, 0.771], "rotation": 270, "texture": "#7"}
			}
		},
		{
			"name": "Handle",
			"from": [0.9402, 16.1033, 3.71972],
			"to": [1.0975, 16.9808, 4.49322],
			"rotation": {"angle": -22.5, "axis": "x", "origin": [1.01885, 10.41866, 1.83813]},
			"faces": {
				"north": {"uv": [0, 0, 0.2, 0.771], "rotation": 90, "texture": "#7"},
				"east": {"uv": [0, 0, 0.2, 0.52], "rotation": 270, "texture": "#7"},
				"south": {"uv": [0, 0, 0.2, 0.771], "rotation": 90, "texture": "#7"},
				"west": {"uv": [0, 0, 0.2, 0.52], "rotation": 90, "texture": "#7"},
				"up": {"uv": [0, 0, 0.771, 0.52], "rotation": 180, "texture": "#7"},
				"down": {"uv": [0, 0, 0.771, 0.52], "texture": "#7"}
			}
		},
		{
			"name": "Handle",
			"from": [0.9402, 15.44365, 6.02977],
			"to": [1.0975, 17.36115, 6.83577],
			"rotation": {"angle": -45, "axis": "x", "origin": [1.01885, 10.41866, 1.83813]},
			"faces": {
				"north": {"uv": [0, 0, 0.2, 0.771], "rotation": 90, "texture": "#7"},
				"east": {"uv": [0, 0, 0.2, 0.52], "rotation": 270, "texture": "#7"},
				"south": {"uv": [0, 0, 0.2, 0.771], "rotation": 90, "texture": "#7"},
				"west": {"uv": [0, 0, 0.2, 0.52], "rotation": 90, "texture": "#7"},
				"up": {"uv": [0, 0, 0.771, 0.52], "rotation": 180, "texture": "#7"},
				"down": {"uv": [0, 0, 0.771, 0.52], "texture": "#7"}
			}
		},
		{
			"name": "Handle",
			"from": [0.9402, 18.69501, -0.146],
			"to": [1.0975, 19.38661, -0.042],
			"rotation": {"angle": 0, "axis": "x", "origin": [1.01885, 10.41866, 1.83813]},
			"faces": {
				"north": {"uv": [0, 0, 0.2, 0.771], "rotation": 90, "texture": "#7"},
				"east": {"uv": [0, 0, 0.2, 0.52], "rotation": 270, "texture": "#7"},
				"south": {"uv": [0, 0, 0.2, 0.771], "rotation": 90, "texture": "#7"},
				"west": {"uv": [0, 0, 0.2, 0.52], "rotation": 90, "texture": "#7"},
				"up": {"uv": [0, 0, 0.771, 0.52], "rotation": 180, "texture": "#7"},
				"down": {"uv": [0, 0, 0.771, 0.52], "texture": "#7"}
			}
		},
		{
			"name": "Handle",
			"from": [0.9402, 18.82501, -0.0485],
			"to": [1.0975, 19.19161, 0.1205],
			"rotation": {"angle": 0, "axis": "x", "origin": [1.01885, 10.41866, 1.83813]},
			"faces": {
				"north": {"uv": [0, 0, 0.2, 0.771], "rotation": 90, "texture": "#7"},
				"east": {"uv": [0, 0, 0.2, 0.52], "rotation": 270, "texture": "#7"},
				"south": {"uv": [0, 0, 0.2, 0.771], "rotation": 90, "texture": "#7"},
				"west": {"uv": [0, 0, 0.2, 0.52], "rotation": 90, "texture": "#7"},
				"up": {"uv": [0, 0, 0.771, 0.52], "rotation": 180, "texture": "#7"},
				"down": {"uv": [0, 0, 0.771, 0.52], "texture": "#7"}
			}
		},
		{
			"name": "Handle",
			"from": [0.9402, 18.82501, 0.114],
			"to": [1.0975, 18.99661, 0.283],
			"rotation": {"angle": 0, "axis": "x", "origin": [1.01885, 10.41866, 1.83813]},
			"faces": {
				"north": {"uv": [0, 0, 0.2, 0.771], "rotation": 90, "texture": "#7"},
				"east": {"uv": [0, 0, 0.2, 0.52], "rotation": 270, "texture": "#7"},
				"south": {"uv": [0, 0, 0.2, 0.771], "rotation": 90, "texture": "#7"},
				"west": {"uv": [0, 0, 0.2, 0.52], "rotation": 90, "texture": "#7"},
				"up": {"uv": [0, 0, 0.771, 0.52], "rotation": 180, "texture": "#7"},
				"down": {"uv": [0, 0, 0.771, 0.52], "texture": "#7"}
			}
		},
		{
			"name": "Handle",
			"from": [0.9402, 17.36115, 6.67977],
			"to": [1.0975, 18.07615, 6.83577],
			"rotation": {"angle": -45, "axis": "x", "origin": [1.01885, 10.41866, 1.83813]},
			"faces": {
				"north": {"uv": [0, 0, 0.2, 0.771], "rotation": 90, "texture": "#7"},
				"east": {"uv": [0, 0, 0.2, 0.52], "rotation": 270, "texture": "#7"},
				"south": {"uv": [0, 0, 0.2, 0.771], "rotation": 90, "texture": "#7"},
				"west": {"uv": [0, 0, 0.2, 0.52], "rotation": 90, "texture": "#7"},
				"up": {"uv": [0, 0, 0.771, 0.52], "rotation": 180, "texture": "#7"},
				"down": {"uv": [0, 0, 0.771, 0.52], "texture": "#7"}
			}
		},
		{
			"name": "Handle",
			"from": [0.9402, 17.4545, 0.4065],
			"to": [1.0975, 17.7405, 0.7315],
			"rotation": {"angle": 0, "axis": "y", "origin": [1.01885, 10.41866, 1.83813]},
			"faces": {
				"north": {"uv": [0, 0, 0.771, 0.52], "texture": "#7"},
				"east": {"uv": [0, 0, 0.2, 0.52], "texture": "#7"},
				"south": {"uv": [0, 0, 0.771, 0.52], "texture": "#7"},
				"west": {"uv": [0, 0, 0.2, 0.52], "texture": "#7"},
				"up": {"uv": [0, 0, 0.2, 0.771], "rotation": 90, "texture": "#7"},
				"down": {"uv": [0, 0, 0.2, 0.771], "rotation": 270, "texture": "#7"}
			}
		},
		{
			"name": "Handle",
			"from": [0.9402, 17.4545, -0.146],
			"to": [1.0975, 18.8455, 0.439],
			"rotation": {"angle": 0, "axis": "y", "origin": [1.01885, 10.41866, 1.83813]},
			"faces": {
				"north": {"uv": [0, 0, 0.771, 0.52], "texture": "#7"},
				"east": {"uv": [0, 0, 0.2, 0.52], "texture": "#7"},
				"south": {"uv": [0, 0, 0.771, 0.52], "texture": "#7"},
				"west": {"uv": [0, 0, 0.2, 0.52], "texture": "#7"},
				"up": {"uv": [0, 0, 0.2, 0.771], "rotation": 90, "texture": "#7"},
				"down": {"uv": [0, 0, 0.2, 0.771], "rotation": 270, "texture": "#7"}
			}
		},
		{
			"name": "Handle",
			"from": [0.6802, -0.258, -0.146],
			"to": [1.325, 0.158, 1.3165],
			"rotation": {"angle": 0, "axis": "y", "origin": [-0.3, -16.2675, -0.25]},
			"faces": {
				"north": {"uv": [0, 0, 0.771, 0.52], "texture": "#5"},
				"east": {"uv": [0, 0, 0.2, 0.52], "texture": "#5"},
				"south": {"uv": [0, 0, 0.771, 0.52], "texture": "#5"},
				"west": {"uv": [0, 0, 0.2, 0.52], "texture": "#5"},
				"up": {"uv": [0, 0, 0.2, 0.771], "rotation": 90, "texture": "#5"},
				"down": {"uv": [0, 0, 0.2, 0.771], "rotation": 270, "texture": "#5"}
			}
		}
	],
	"display": {
		"thirdperson_righthand": {
			"rotation": [-173.61, -3.92, 180],
			"translation": [-10.95, 15.2, -6],
			"scale": [1.48, 1.48, 1.48]
		},
		"thirdperson_lefthand": {
			"rotation": [178.92, -3.13, -178],
			"translation": [10, 13.5, -9.25],
			"scale": [1.48, 1.48, 1.48]
		},
		"firstperson_righthand": {
			"rotation": [-179.42, -25.52, -179.52],
			"translation": [-8.3, 12.25, -11.25],
			"scale": [1.79445, 1.79445, 1.79445]
		},
		"firstperson_lefthand": {
			"rotation": [-180, 1.25, 180],
			"translation": [30.5, 12.25, -26.25],
			"scale": [2.04836, 2.23977, 2.04836]
		},
		"ground": {
			"rotation": [-180, 0, 0],
			"translation": [7.5, -2.25, -7.5],
			"scale": [1.22266, 1.22266, 1.22266]
		},
		"gui": {
			"rotation": [75.48, 38.32, -68.78],
			"translation": [7.25, -2.25, -0.1],
			"scale": [0.74305, 0.74305, 0.74305]
		},
		"head": {
			"rotation": [0, 180, 0]
		},
		"fixed": {
			"rotation": [97.25, 0, 90],
			"translation": [-10.75, -28.75, 22.25],
			"scale": [4, 4, 4]
		}
	},
	"groups": [
		{
			"name": "Blade most",
			"origin": [0, 0, 0],
			"color": 0,
			"children": []
		},
		{
			"name": "Blade edge",
			"origin": [0, 0, 0],
			"color": 0,
			"children": []
		},
		{
			"name": "Thing to blade to handle",
			"origin": [8, 8, 8],
			"color": 0,
			"children": []
		},
		{
			"name": "Handle",
			"origin": [8, 8, 8],
			"color": 0,
			"children": []
		},
		{
			"name": "the nichirin",
			"origin": [8, 8, 8],
			"color": 0,
			"children": [
				{
					"name": "botton",
					"origin": [0, -12.5, 0],
					"color": 0,
					"children": [0, 1, 2, 3, 4, 5, 6, 7, 8]
				}
			]
		},
		9,
		10,
		11,
		12,
		13,
		14,
		15,
		16,
		17,
		18,
		19,
		20,
		21,
		22,
		23,
		24,
		25,
		26,
		27,
		28,
		29,
		30,
		31,
		32,
		33,
		34,
		35,
		36,
		37,
		38,
		39,
		40,
		41,
		42,
		43,
		44,
		45,
		46,
		47,
		48,
		49,
		50,
		51,
		52,
		53,
		54,
		55,
		56,
		57,
		58,
		59,
		60,
		61,
		62,
		63,
		64,
		65,
		66,
		67,
		68,
		69,
		70,
		{
			"name": "blade",
			"origin": [0, -12.475, 0],
			"color": 0,
			"children": [71, 72, 73, 74, 75, 76, 77, 78, 79, 80, 81, 82, 83, 84, 85, 86, 87, 88, 89, 90, 91, 92, 93, 94, 95, 96, 97, 98, 99, 100, 101, 102, 103, 104]
		}
	]
}