[{
    "function": "minecraft:set_attributes",
    "modifiers": [
      {
        "attribute": "minecraft:generic.attack_damage",
        "name": "attac",
        "amount": 10,
        "operation": "multiply_base",
        "slot": "mainhand"
      }
    ]
  },{
    "function": "minecraft:set_name",
    "entity": "this",
    "name": [{
            "selector": "@s",
            "color": "yellow",
            "italic": false
        },
        {
            "text": "'s Nichirin-tou (Thunder)",
            "color": "yellow",
            "italic": false
        }
    ]
}]